consumption_id,customer_id,consumption_date,compute_units_used,storage_gb_used,query_count
CONS-0001-0000,CUST-0001,2026-04-08,42488,490714,976774
CONS-0001-0001,CUST-0001,2026-02-13,27337,469357,959840
CONS-0001-0002,CUST-0001,2026-04-14,50446,123131,112229
CONS-0001-0003,CUST-0001,2026-04-07,35392,484760,298825
CONS-0001-0004,CUST-0001,2026-03-20,26026,260767,593878
CONS-0001-0005,CUST-0001,2026-04-07,58840,486225,381670
CONS-0001-0006,CUST-0001,2026-02-18,56044,438355,131356
CONS-0001-0007,CUST-0001,2026-02-17,16390,71834,392362
CONS-0001-0008,CUST-0001,2026-02-17,66079,309729,818861
CONS-0001-0009,CUST-0001,2026-04-27,14541,99261,940592
CONS-0001-0010,CUST-0001,2026-03-22,48225,101931,874042
CONS-0001-0011,CUST-0001,2026-05-10,32792,464382,189841
CONS-0001-0012,CUST-0001,2026-03-05,22031,372049,250406
CONS-0001-0013,CUST-0001,2026-03-08,23565,170951,499678
CONS-0001-0014,CUST-0001,2026-03-14,29612,357671,952535
CONS-0001-0015,CUST-0001,2026-02-14,49125,484445,342284
CONS-0001-0016,CUST-0001,2026-02-15,48814,399827,279395
CONS-0001-0017,CUST-0001,2026-03-15,14010,264819,970574
CONS-0001-0018,CUST-0001,2026-02-14,30164,66245,999835
CONS-0001-0019,CUST-0001,2026-03-31,50009,241579,200690
CONS-0001-0020,CUST-0001,2026-03-04,26392,130770,488672
CONS-0001-0021,CUST-0001,2026-03-09,27960,213580,280874
CONS-0001-0022,CUST-0001,2026-04-02,30207,296913,530660
CONS-0001-0023,CUST-0001,2026-02-10,33814,359941,136587
CONS-0001-0024,CUST-0001,2026-03-31,44177,86279,175425
CONS-0001-0025,CUST-0001,2026-02-20,46144,75844,482599
CONS-0001-0026,CUST-0001,2026-04-15,19658,488687,961642
CONS-0001-0027,CUST-0001,2026-02-15,17716,167368,529660
CONS-0001-0028,CUST-0001,2026-04-25,63116,325985,167196
CONS-0001-0029,CUST-0001,2026-03-08,41846,328027,407631
CONS-0001-0030,CUST-0001,2026-03-08,41272,247714,180742
CONS-0001-0031,CUST-0001,2026-03-08,14552,359669,470492
CONS-0001-0032,CUST-0001,2026-04-22,41611,127423,848841
CONS-0001-0033,CUST-0001,2026-02-11,31332,387841,172019
CONS-0001-0034,CUST-0001,2026-04-14,67780,400788,987378
CONS-0001-0035,CUST-0001,2026-04-20,46643,164186,256816
CONS-0001-0036,CUST-0001,2026-02-17,49641,58753,376378
CONS-0001-0037,CUST-0001,2026-02-15,56025,280571,471146
CONS-0001-0038,CUST-0001,2026-04-24,14095,173624,895557
CONS-0001-0039,CUST-0001,2026-05-07,27239,224561,512101
CONS-0001-0040,CUST-0001,2026-04-27,33747,301001,296819
CONS-0001-0041,CUST-0001,2026-03-19,59344,228188,658765
CONS-0001-0042,CUST-0001,2026-03-18,69366,434780,995324
CONS-0001-0043,CUST-0001,2026-04-15,33016,286350,472225
CONS-0001-0044,CUST-0001,2026-05-04,24145,494681,236581
CONS-0001-0045,CUST-0001,2026-02-21,14475,177699,879106
CONS-0001-0046,CUST-0001,2026-04-09,17596,106914,274408
CONS-0002-0000,CUST-0002,2026-02-20,4756,1300,1390
CONS-0002-0001,CUST-0002,2026-05-02,2292,5804,3610
CONS-0002-0002,CUST-0002,2026-04-11,1922,4050,7203
CONS-0002-0003,CUST-0002,2026-05-03,2318,5123,7763
CONS-0002-0004,CUST-0002,2026-03-01,3598,9273,8203
CONS-0002-0005,CUST-0002,2026-05-05,2229,5540,6970
CONS-0002-0006,CUST-0002,2026-04-21,2084,3890,7832
CONS-0002-0007,CUST-0002,2026-03-09,1039,5837,3731
CONS-0002-0008,CUST-0002,2026-03-14,4887,6380,1169
CONS-0002-0009,CUST-0002,2026-05-07,3855,3133,4296
CONS-0002-0010,CUST-0002,2026-03-30,3269,1298,2590
CONS-0002-0011,CUST-0002,2026-03-17,2614,7346,9323
CONS-0002-0012,CUST-0002,2026-05-10,2936,2513,6557
CONS-0002-0013,CUST-0002,2026-02-20,4771,4078,1459
CONS-0002-0014,CUST-0002,2026-05-06,3197,3340,1691
CONS-0002-0015,CUST-0002,2026-03-09,4558,6286,2370
CONS-0002-0016,CUST-0002,2026-02-21,3340,7073,6821
CONS-0002-0017,CUST-0002,2026-05-08,4652,5541,2707
CONS-0002-0018,CUST-0002,2026-03-30,2084,9500,7449
CONS-0002-0019,CUST-0002,2026-02-20,3236,5270,8029
CONS-0002-0020,CUST-0002,2026-02-23,607,4848,4032
CONS-0002-0021,CUST-0002,2026-03-10,2655,5600,2258
CONS-0002-0022,CUST-0002,2026-04-04,3942,4144,4711
CONS-0002-0023,CUST-0002,2026-04-20,3224,8634,3218
CONS-0002-0024,CUST-0002,2026-02-14,1772,1150,7437
CONS-0002-0025,CUST-0002,2026-03-25,1373,2331,3191
CONS-0002-0026,CUST-0002,2026-02-17,1781,1655,5481
CONS-0002-0027,CUST-0002,2026-02-17,1974,8426,5840
CONS-0002-0028,CUST-0002,2026-02-25,4503,1092,4644
CONS-0002-0029,CUST-0002,2026-04-01,1141,4807,2902
CONS-0002-0030,CUST-0002,2026-04-25,4678,4514,7638
CONS-0002-0031,CUST-0002,2026-04-15,1978,5093,3393
CONS-0002-0032,CUST-0002,2026-02-17,1048,5182,6032
CONS-0002-0033,CUST-0002,2026-02-28,3068,1363,7854
CONS-0002-0034,CUST-0002,2026-03-26,1337,8360,1267
CONS-0002-0035,CUST-0002,2026-02-25,2696,5878,8135
CONS-0002-0036,CUST-0002,2026-04-04,4553,3603,7218
CONS-0002-0037,CUST-0002,2026-03-09,1664,4315,6254
CONS-0002-0038,CUST-0002,2026-04-11,2123,5164,8904
CONS-0002-0039,CUST-0002,2026-03-17,3314,4193,9378
CONS-0002-0040,CUST-0002,2026-04-03,2478,2068,4068
CONS-0002-0041,CUST-0002,2026-03-31,779,1449,3198
CONS-0002-0042,CUST-0002,2026-05-05,4474,7801,9471
CONS-0002-0043,CUST-0002,2026-05-06,2223,3633,7519
CONS-0002-0044,CUST-0002,2026-03-23,1457,1900,3397
CONS-0002-0045,CUST-0002,2026-04-23,1732,3856,3436
CONS-0002-0046,CUST-0002,2026-05-04,2230,6053,8500
CONS-0002-0047,CUST-0002,2026-03-26,4369,3637,3636
CONS-0002-0048,CUST-0002,2026-04-27,1850,6031,2526
CONS-0002-0049,CUST-0002,2026-02-10,3553,3256,5270
CONS-0002-0050,CUST-0002,2026-03-19,1525,7237,8670
CONS-0002-0051,CUST-0002,2026-03-16,694,2213,7396
CONS-0002-0052,CUST-0002,2026-05-05,3420,2104,8041
CONS-0002-0053,CUST-0002,2026-02-21,4796,7540,8876
CONS-0002-0054,CUST-0002,2026-04-25,577,3622,5920
CONS-0002-0055,CUST-0002,2026-04-21,1487,3723,5560
CONS-0002-0056,CUST-0002,2026-02-19,2336,2157,1127
CONS-0002-0057,CUST-0002,2026-04-04,973,2434,5369
CONS-0002-0058,CUST-0002,2026-04-11,4591,1257,3921
CONS-0002-0059,CUST-0002,2026-05-09,2313,6005,3158
CONS-0002-0060,CUST-0002,2026-02-10,3083,8106,6020
CONS-0002-0061,CUST-0002,2026-03-23,4239,2067,3793
CONS-0002-0062,CUST-0002,2026-05-06,4735,7263,5770
CONS-0002-0063,CUST-0002,2026-05-04,3496,8499,4725
CONS-0002-0064,CUST-0002,2026-04-21,1210,3006,9663
CONS-0002-0065,CUST-0002,2026-03-31,2044,4453,9717
CONS-0002-0066,CUST-0002,2026-04-16,2580,4193,7210
CONS-0002-0067,CUST-0002,2026-02-17,4832,3015,1822
CONS-0002-0068,CUST-0002,2026-05-08,4930,5852,5397
CONS-0002-0069,CUST-0002,2026-04-26,1547,4587,5391
CONS-0003-0000,CUST-0003,2026-04-09,399,301,835
CONS-0003-0001,CUST-0003,2026-04-16,292,322,643
CONS-0003-0002,CUST-0003,2026-03-20,145,759,591
CONS-0003-0003,CUST-0003,2026-05-09,612,885,790
CONS-0003-0004,CUST-0003,2026-03-17,405,857,598
CONS-0003-0005,CUST-0003,2026-03-26,589,743,987
CONS-0003-0006,CUST-0003,2026-03-02,285,864,355
CONS-0003-0007,CUST-0003,2026-03-06,288,331,172
CONS-0003-0008,CUST-0003,2026-03-31,673,769,784
CONS-0003-0009,CUST-0003,2026-04-02,336,895,723
CONS-0003-0010,CUST-0003,2026-03-11,423,999,974
CONS-0003-0011,CUST-0003,2026-03-21,169,126,376
CONS-0003-0012,CUST-0003,2026-05-10,468,721,946
CONS-0003-0013,CUST-0003,2026-03-12,315,286,749
CONS-0003-0014,CUST-0003,2026-02-12,313,624,572
CONS-0003-0015,CUST-0003,2026-03-16,669,717,614
CONS-0003-0016,CUST-0003,2026-03-04,139,605,862
CONS-0003-0017,CUST-0003,2026-03-26,93,134,571
CONS-0003-0018,CUST-0003,2026-03-25,184,264,326
CONS-0003-0019,CUST-0003,2026-04-21,99,703,989
CONS-0003-0020,CUST-0003,2026-02-11,387,621,612
CONS-0003-0021,CUST-0003,2026-04-26,463,240,857
CONS-0003-0022,CUST-0003,2026-05-03,163,669,995
CONS-0003-0023,CUST-0003,2026-04-02,130,229,926
CONS-0003-0024,CUST-0003,2026-05-05,727,644,630
CONS-0003-0025,CUST-0003,2026-03-26,231,966,454
CONS-0003-0026,CUST-0003,2026-04-09,483,823,480
CONS-0003-0027,CUST-0003,2026-05-09,435,205,435
CONS-0003-0028,CUST-0003,2026-04-15,688,369,302
CONS-0003-0029,CUST-0003,2026-04-04,285,817,741
CONS-0003-0030,CUST-0003,2026-04-06,358,910,180
CONS-0003-0031,CUST-0003,2026-03-28,135,297,181
CONS-0003-0032,CUST-0003,2026-03-28,531,737,208
CONS-0003-0033,CUST-0003,2026-03-30,747,321,500
CONS-0003-0034,CUST-0003,2026-04-01,90,792,488
CONS-0003-0035,CUST-0003,2026-04-27,282,305,929
CONS-0003-0036,CUST-0003,2026-05-04,171,183,884
CONS-0003-0037,CUST-0003,2026-04-13,642,319,788
CONS-0003-0038,CUST-0003,2026-02-15,678,226,776
CONS-0003-0039,CUST-0003,2026-04-22,295,649,791
CONS-0003-0040,CUST-0003,2026-04-08,217,800,403
CONS-0003-0041,CUST-0003,2026-04-19,348,134,869
CONS-0003-0042,CUST-0003,2026-02-20,597,710,348
CONS-0003-0043,CUST-0003,2026-03-14,633,757,261
CONS-0003-0044,CUST-0003,2026-02-13,288,981,261
CONS-0003-0045,CUST-0003,2026-04-24,609,228,148
CONS-0003-0046,CUST-0003,2026-04-22,712,317,253
CONS-0003-0047,CUST-0003,2026-04-30,208,816,802
CONS-0003-0048,CUST-0003,2026-04-23,79,473,230
CONS-0003-0049,CUST-0003,2026-02-26,553,986,760
CONS-0003-0050,CUST-0003,2026-02-11,663,713,836
CONS-0003-0051,CUST-0003,2026-02-27,447,653,604
CONS-0003-0052,CUST-0003,2026-03-22,249,915,744
CONS-0003-0053,CUST-0003,2026-02-13,427,777,311
CONS-0003-0054,CUST-0003,2026-04-18,589,762,145
CONS-0003-0055,CUST-0003,2026-02-15,102,253,688
CONS-0003-0056,CUST-0003,2026-03-25,90,179,322
CONS-0003-0057,CUST-0003,2026-05-01,316,319,649
CONS-0003-0058,CUST-0003,2026-04-05,111,536,634
CONS-0003-0059,CUST-0003,2026-02-10,156,337,987
CONS-0003-0060,CUST-0003,2026-02-11,145,784,184
CONS-0003-0061,CUST-0003,2026-05-01,534,599,328
CONS-0003-0062,CUST-0003,2026-02-15,700,865,316
CONS-0003-0063,CUST-0003,2026-04-29,712,960,715
CONS-0003-0064,CUST-0003,2026-03-24,178,836,127
CONS-0003-0065,CUST-0003,2026-02-21,180,663,631
CONS-0003-0066,CUST-0003,2026-03-01,204,186,406
CONS-0003-0067,CUST-0003,2026-04-24,376,232,302
CONS-0003-0068,CUST-0003,2026-05-09,337,117,890
CONS-0003-0069,CUST-0003,2026-02-26,154,930,690
CONS-0003-0070,CUST-0003,2026-02-13,291,777,684
CONS-0003-0071,CUST-0003,2026-02-17,112,365,648
CONS-0003-0072,CUST-0003,2026-02-22,648,847,109
CONS-0003-0073,CUST-0003,2026-04-21,295,792,400
CONS-0003-0074,CUST-0003,2026-04-08,231,994,517
CONS-0003-0075,CUST-0003,2026-03-05,681,283,616
CONS-0003-0076,CUST-0003,2026-02-13,187,142,972
CONS-0003-0077,CUST-0003,2026-02-14,333,406,763
CONS-0003-0078,CUST-0003,2026-05-05,679,516,172
CONS-0003-0079,CUST-0003,2026-05-05,133,298,600
CONS-0003-0080,CUST-0003,2026-02-19,406,438,510
CONS-0003-0081,CUST-0003,2026-03-07,262,907,231
CONS-0003-0082,CUST-0003,2026-03-16,592,856,983
CONS-0003-0083,CUST-0003,2026-03-02,237,412,222
CONS-0003-0084,CUST-0003,2026-03-01,126,802,897
CONS-0003-0085,CUST-0003,2026-02-27,717,508,803
CONS-0003-0086,CUST-0003,2026-03-25,439,834,438
CONS-0003-0087,CUST-0003,2026-03-15,456,988,775
CONS-0003-0088,CUST-0003,2026-04-07,729,107,532
CONS-0004-0000,CUST-0004,2026-02-19,663,902,889
CONS-0004-0001,CUST-0004,2026-04-25,580,985,795
CONS-0004-0002,CUST-0004,2026-03-13,633,370,386
CONS-0004-0003,CUST-0004,2026-02-23,312,628,729
CONS-0004-0004,CUST-0004,2026-04-26,400,860,886
CONS-0004-0005,CUST-0004,2026-03-29,682,858,863
CONS-0004-0006,CUST-0004,2026-02-18,456,476,867
CONS-0004-0007,CUST-0004,2026-03-28,703,183,526
CONS-0004-0008,CUST-0004,2026-05-01,130,401,408
CONS-0004-0009,CUST-0004,2026-03-15,451,585,791
CONS-0004-0010,CUST-0004,2026-04-25,564,627,698
CONS-0004-0011,CUST-0004,2026-05-08,355,580,428
CONS-0004-0012,CUST-0004,2026-05-10,268,233,170
CONS-0004-0013,CUST-0004,2026-03-04,150,862,227
CONS-0004-0014,CUST-0004,2026-04-04,739,974,347
CONS-0004-0015,CUST-0004,2026-03-25,441,600,454
CONS-0004-0016,CUST-0004,2026-03-13,364,208,160
CONS-0004-0017,CUST-0004,2026-04-17,75,494,853
CONS-0004-0018,CUST-0004,2026-02-21,222,259,160
CONS-0004-0019,CUST-0004,2026-03-03,493,558,904
CONS-0004-0020,CUST-0004,2026-04-17,178,621,809
CONS-0004-0021,CUST-0004,2026-03-28,153,166,783
CONS-0004-0022,CUST-0004,2026-04-24,442,212,854
CONS-0004-0023,CUST-0004,2026-03-26,648,122,807
CONS-0004-0024,CUST-0004,2026-04-16,136,924,276
CONS-0004-0025,CUST-0004,2026-02-17,339,411,727
CONS-0004-0026,CUST-0004,2026-03-03,679,164,745
CONS-0004-0027,CUST-0004,2026-04-14,558,131,876
CONS-0004-0028,CUST-0004,2026-03-17,499,382,359
CONS-0004-0029,CUST-0004,2026-03-11,409,464,130
CONS-0004-0030,CUST-0004,2026-04-06,462,872,723
CONS-0004-0031,CUST-0004,2026-04-10,94,477,703
CONS-0004-0032,CUST-0004,2026-04-21,138,879,349
CONS-0004-0033,CUST-0004,2026-05-01,597,191,129
CONS-0004-0034,CUST-0004,2026-03-19,367,636,992
CONS-0004-0035,CUST-0004,2026-05-09,325,819,469
CONS-0004-0036,CUST-0004,2026-03-31,118,338,887
CONS-0004-0037,CUST-0004,2026-03-06,622,612,100
CONS-0004-0038,CUST-0004,2026-03-24,327,425,220
CONS-0004-0039,CUST-0004,2026-03-09,405,369,490
CONS-0004-0040,CUST-0004,2026-02-13,325,527,739
CONS-0004-0041,CUST-0004,2026-03-26,282,755,124
CONS-0004-0042,CUST-0004,2026-03-29,193,695,592
CONS-0004-0043,CUST-0004,2026-03-10,84,249,303
CONS-0004-0044,CUST-0004,2026-05-10,442,949,698
CONS-0004-0045,CUST-0004,2026-05-09,235,816,852
CONS-0004-0046,CUST-0004,2026-04-25,507,430,607
CONS-0004-0047,CUST-0004,2026-02-28,666,894,454
CONS-0004-0048,CUST-0004,2026-03-19,295,189,407
CONS-0004-0049,CUST-0004,2026-04-01,520,854,580
CONS-0004-0050,CUST-0004,2026-02-11,496,586,823
CONS-0004-0051,CUST-0004,2026-02-22,678,642,733
CONS-0004-0052,CUST-0004,2026-04-28,424,351,470
CONS-0004-0053,CUST-0004,2026-03-12,583,886,534
CONS-0004-0054,CUST-0004,2026-04-24,567,236,247
CONS-0004-0055,CUST-0004,2026-04-02,315,584,657
CONS-0004-0056,CUST-0004,2026-04-10,655,172,349
CONS-0004-0057,CUST-0004,2026-03-08,111,501,300
CONS-0004-0058,CUST-0004,2026-04-25,186,284,117
CONS-0004-0059,CUST-0004,2026-05-01,741,739,691
CONS-0004-0060,CUST-0004,2026-03-01,480,473,296
CONS-0004-0061,CUST-0004,2026-04-09,609,751,177
CONS-0004-0062,CUST-0004,2026-02-13,552,766,869
CONS-0004-0063,CUST-0004,2026-03-10,633,785,789
CONS-0004-0064,CUST-0004,2026-04-13,654,705,637
CONS-0004-0065,CUST-0004,2026-03-26,537,759,976
CONS-0004-0066,CUST-0004,2026-03-04,579,249,122
CONS-0004-0067,CUST-0004,2026-05-07,108,133,491
CONS-0004-0068,CUST-0004,2026-04-12,121,103,497
CONS-0004-0069,CUST-0004,2026-02-25,214,626,854
CONS-0004-0070,CUST-0004,2026-03-23,450,417,797
CONS-0004-0071,CUST-0004,2026-02-17,376,771,758
CONS-0004-0072,CUST-0004,2026-03-02,462,584,662
CONS-0005-0000,CUST-0005,2026-04-14,12037,45760,87264
CONS-0005-0001,CUST-0005,2026-02-21,7678,34824,28127
CONS-0005-0002,CUST-0005,2026-03-04,13605,21556,90873
CONS-0005-0003,CUST-0005,2026-05-06,11196,33783,38123
CONS-0005-0004,CUST-0005,2026-04-16,11626,21387,59615
CONS-0005-0005,CUST-0005,2026-03-02,9229,44065,40606
CONS-0005-0006,CUST-0005,2026-03-18,5674,24007,61742
CONS-0005-0007,CUST-0005,2026-03-01,6691,37204,64757
CONS-0005-0008,CUST-0005,2026-03-13,14031,37251,30394
CONS-0005-0009,CUST-0005,2026-03-05,10935,35218,49737
CONS-0005-0010,CUST-0005,2026-05-07,19025,29665,52341
CONS-0005-0011,CUST-0005,2026-03-03,16040,40375,66743
CONS-0005-0012,CUST-0005,2026-04-09,10144,19392,71726
CONS-0005-0013,CUST-0005,2026-03-07,17168,28956,62152
CONS-0005-0014,CUST-0005,2026-02-20,15239,29924,49621
CONS-0005-0015,CUST-0005,2026-02-18,9003,23207,48471
CONS-0005-0016,CUST-0005,2026-03-21,16461,38526,22247
CONS-0005-0017,CUST-0005,2026-03-03,9952,17737,10834
CONS-0005-0018,CUST-0005,2026-03-12,9138,35257,80330
CONS-0005-0019,CUST-0005,2026-02-27,6647,29586,12906
CONS-0005-0020,CUST-0005,2026-02-14,5132,34773,66434
CONS-0005-0021,CUST-0005,2026-02-23,12118,37595,76007
CONS-0005-0022,CUST-0005,2026-04-16,11289,46795,76655
CONS-0005-0023,CUST-0005,2026-05-01,6623,26157,76673
CONS-0005-0024,CUST-0005,2026-02-24,17438,18983,16074
CONS-0005-0025,CUST-0005,2026-04-27,16536,38444,95248
CONS-0005-0026,CUST-0005,2026-03-26,11888,43840,46265
CONS-0005-0027,CUST-0005,2026-05-06,13363,44433,53219
CONS-0005-0028,CUST-0005,2026-02-13,18906,22288,14027
CONS-0005-0029,CUST-0005,2026-04-11,12639,14507,36126
CONS-0005-0030,CUST-0005,2026-02-24,18982,33418,26436
CONS-0005-0031,CUST-0005,2026-03-23,18512,36934,40341
CONS-0005-0032,CUST-0005,2026-03-26,11195,27914,15034
CONS-0005-0033,CUST-0005,2026-04-01,5731,12698,16649
CONS-0005-0034,CUST-0005,2026-02-17,5026,25975,99379
CONS-0005-0035,CUST-0005,2026-02-19,16233,17918,56424
CONS-0005-0036,CUST-0005,2026-02-12,12885,37449,75693
CONS-0005-0037,CUST-0005,2026-04-15,7956,36929,96441
CONS-0006-0000,CUST-0006,2026-04-04,148608,295992,551234
CONS-0006-0001,CUST-0006,2026-03-12,76618,258449,129369
CONS-0006-0002,CUST-0006,2026-05-09,137739,419366,774066
CONS-0006-0003,CUST-0006,2026-04-16,91272,465288,934954
CONS-0006-0004,CUST-0006,2026-03-14,39796,392193,783255
CONS-0006-0005,CUST-0006,2026-02-25,129556,412055,514674
CONS-0006-0006,CUST-0006,2026-05-07,99775,72235,679009
CONS-0006-0007,CUST-0006,2026-04-18,74034,392269,423290
CONS-0006-0008,CUST-0006,2026-02-20,83581,145173,948491
CONS-0006-0009,CUST-0006,2026-03-02,90702,404128,115935
CONS-0006-0010,CUST-0006,2026-03-04,108805,121525,185979
CONS-0006-0011,CUST-0006,2026-04-28,120583,291612,984783
CONS-0006-0012,CUST-0006,2026-03-10,110358,330156,263105
CONS-0006-0013,CUST-0006,2026-03-28,143182,396511,805413
CONS-0006-0014,CUST-0006,2026-05-08,146862,165259,663460
CONS-0006-0015,CUST-0006,2026-03-22,65371,391774,336294
CONS-0006-0016,CUST-0006,2026-02-10,117511,97067,383142
CONS-0006-0017,CUST-0006,2026-04-11,147478,498371,716564
CONS-0006-0018,CUST-0006,2026-05-08,114991,54680,191013
CONS-0006-0019,CUST-0006,2026-03-10,120645,445432,733937
CONS-0006-0020,CUST-0006,2026-03-26,57526,154001,879250
CONS-0006-0021,CUST-0006,2026-02-28,139830,98601,999508
CONS-0006-0022,CUST-0006,2026-04-13,39063,90242,161148
CONS-0006-0023,CUST-0006,2026-02-14,92439,499797,752174
CONS-0006-0024,CUST-0006,2026-02-24,140877,194283,184051
CONS-0006-0025,CUST-0006,2026-02-22,122119,491976,189119
CONS-0006-0026,CUST-0006,2026-04-12,42294,59825,632383
CONS-0006-0027,CUST-0006,2026-02-16,109420,107421,635193
CONS-0006-0028,CUST-0006,2026-04-17,82638,93448,850090
CONS-0006-0029,CUST-0006,2026-04-12,58032,67396,118239
CONS-0006-0030,CUST-0006,2026-05-09,69087,127996,947903
CONS-0006-0031,CUST-0006,2026-04-21,147684,246588,458556
CONS-0006-0032,CUST-0006,2026-04-20,73144,386404,630661
CONS-0006-0033,CUST-0006,2026-04-20,142780,357322,166463
CONS-0006-0034,CUST-0006,2026-03-18,47346,86735,658382
CONS-0006-0035,CUST-0006,2026-03-17,109489,193640,364095
CONS-0006-0036,CUST-0006,2026-04-23,64030,241483,845493
CONS-0006-0037,CUST-0006,2026-03-25,44310,196731,563018
CONS-0006-0038,CUST-0006,2026-04-09,122517,73032,459737
CONS-0006-0039,CUST-0006,2026-05-02,74139,383562,198436
CONS-0006-0040,CUST-0006,2026-04-09,94326,317227,665509
CONS-0006-0041,CUST-0006,2026-05-06,77196,423203,653702
CONS-0006-0042,CUST-0006,2026-04-23,105672,217868,298064
CONS-0006-0043,CUST-0006,2026-02-23,94008,155405,872533
CONS-0006-0044,CUST-0006,2026-03-18,71032,94963,310739
CONS-0006-0045,CUST-0006,2026-03-15,107379,102345,592594
CONS-0006-0046,CUST-0006,2026-04-09,63105,234085,538537
CONS-0006-0047,CUST-0006,2026-02-26,104958,463761,467986
CONS-0006-0048,CUST-0006,2026-03-28,58582,60319,271209
CONS-0006-0049,CUST-0006,2026-04-05,113629,497956,279922
CONS-0006-0050,CUST-0006,2026-02-23,127356,119397,684453
CONS-0006-0051,CUST-0006,2026-03-06,52452,443331,515692
CONS-0006-0052,CUST-0006,2026-04-05,135895,135765,810329
CONS-0006-0053,CUST-0006,2026-03-24,70476,72896,657365
CONS-0006-0054,CUST-0006,2026-04-14,148456,283490,321205
CONS-0006-0055,CUST-0006,2026-02-19,55059,435690,131799
CONS-0006-0056,CUST-0006,2026-05-10,105049,212912,261732
CONS-0006-0057,CUST-0006,2026-04-04,70132,257691,164328
CONS-0006-0058,CUST-0006,2026-03-20,116832,161043,333841
CONS-0006-0059,CUST-0006,2026-03-28,140217,491938,689124
CONS-0006-0060,CUST-0006,2026-02-15,117495,425148,828459
CONS-0006-0061,CUST-0006,2026-03-18,131013,177732,672380
CONS-0006-0062,CUST-0006,2026-04-25,38289,89697,316010
CONS-0006-0063,CUST-0006,2026-02-14,93000,245647,909579
CONS-0006-0064,CUST-0006,2026-05-03,115792,289426,559827
CONS-0006-0065,CUST-0006,2026-05-05,45990,67219,271469
CONS-0006-0066,CUST-0006,2026-04-08,69048,114522,271939
CONS-0006-0067,CUST-0006,2026-03-25,129646,307374,864736
CONS-0006-0068,CUST-0006,2026-03-19,104941,238771,856536
CONS-0006-0069,CUST-0006,2026-04-28,44338,420196,372091
CONS-0006-0070,CUST-0006,2026-04-01,71988,148249,787843
CONS-0006-0071,CUST-0006,2026-04-18,134322,56175,307229
CONS-0006-0072,CUST-0006,2026-04-06,67345,110457,257735
CONS-0006-0073,CUST-0006,2026-03-23,102111,425768,330266
CONS-0006-0074,CUST-0006,2026-02-14,71358,255130,516929
CONS-0007-0000,CUST-0007,2026-02-23,157,533,561
CONS-0007-0001,CUST-0007,2026-04-23,651,633,163
CONS-0007-0002,CUST-0007,2026-02-12,366,229,742
CONS-0007-0003,CUST-0007,2026-02-17,577,755,583
CONS-0007-0004,CUST-0007,2026-05-03,654,856,516
CONS-0007-0005,CUST-0007,2026-04-09,208,250,287
CONS-0007-0006,CUST-0007,2026-02-26,145,526,313
CONS-0007-0007,CUST-0007,2026-05-03,264,916,472
CONS-0007-0008,CUST-0007,2026-04-21,247,902,983
CONS-0007-0009,CUST-0007,2026-04-18,277,447,536
CONS-0007-0010,CUST-0007,2026-04-22,297,172,457
CONS-0007-0011,CUST-0007,2026-03-01,739,575,107
CONS-0007-0012,CUST-0007,2026-02-17,139,803,607
CONS-0007-0013,CUST-0007,2026-04-09,706,201,956
CONS-0007-0014,CUST-0007,2026-04-04,382,496,767
CONS-0007-0015,CUST-0007,2026-03-07,145,472,634
CONS-0007-0016,CUST-0007,2026-03-17,342,369,422
CONS-0007-0017,CUST-0007,2026-03-17,720,991,919
CONS-0007-0018,CUST-0007,2026-02-24,189,525,642
CONS-0007-0019,CUST-0007,2026-04-30,433,996,625
CONS-0007-0020,CUST-0007,2026-02-21,636,818,431
CONS-0007-0021,CUST-0007,2026-03-23,330,727,282
CONS-0007-0022,CUST-0007,2026-05-05,237,697,312
CONS-0007-0023,CUST-0007,2026-04-02,342,816,991
CONS-0007-0024,CUST-0007,2026-03-08,111,688,345
CONS-0007-0025,CUST-0007,2026-04-29,366,630,964
CONS-0007-0026,CUST-0007,2026-02-14,439,726,423
CONS-0007-0027,CUST-0007,2026-04-05,288,903,620
CONS-0007-0028,CUST-0007,2026-03-20,495,669,268
CONS-0007-0029,CUST-0007,2026-04-19,603,407,115
CONS-0008-0000,CUST-0008,2026-05-05,21523,276860,790289
CONS-0008-0001,CUST-0008,2026-02-11,61681,80086,961718
CONS-0008-0002,CUST-0008,2026-04-14,54665,71838,432486
CONS-0008-0003,CUST-0008,2026-02-17,48281,392533,577765
CONS-0008-0004,CUST-0008,2026-04-14,38882,54621,674195
CONS-0008-0005,CUST-0008,2026-04-25,53844,405081,420234
CONS-0008-0006,CUST-0008,2026-04-30,56272,196237,425590
CONS-0008-0007,CUST-0008,2026-04-02,30110,148515,741144
CONS-0008-0008,CUST-0008,2026-05-10,59239,403090,509998
CONS-0008-0009,CUST-0008,2026-02-22,44340,336282,179742
CONS-0008-0010,CUST-0008,2026-02-12,42569,367925,611053
CONS-0008-0011,CUST-0008,2026-03-02,62185,443609,246255
CONS-0008-0012,CUST-0008,2026-03-25,60731,165170,463946
CONS-0008-0013,CUST-0008,2026-04-24,27162,127354,881832
CONS-0008-0014,CUST-0008,2026-04-11,41337,491392,207296
CONS-0008-0015,CUST-0008,2026-04-11,26516,304460,889171
CONS-0008-0016,CUST-0008,2026-04-13,47436,237890,409712
CONS-0008-0017,CUST-0008,2026-04-21,52965,373851,895391
CONS-0008-0018,CUST-0008,2026-05-02,35046,325028,685573
CONS-0008-0019,CUST-0008,2026-02-19,52003,344960,729297
CONS-0008-0020,CUST-0008,2026-05-02,61385,100901,187092
CONS-0008-0021,CUST-0008,2026-03-11,52194,167135,599289
CONS-0008-0022,CUST-0008,2026-02-13,19903,471680,979411
CONS-0008-0023,CUST-0008,2026-03-12,30713,427203,345592
CONS-0008-0024,CUST-0008,2026-03-24,17357,189065,966085
CONS-0008-0025,CUST-0008,2026-02-14,51158,192974,384019
CONS-0008-0026,CUST-0008,2026-04-12,29701,477007,288401
CONS-0008-0027,CUST-0008,2026-04-10,55625,426207,148260
CONS-0008-0028,CUST-0008,2026-03-24,41332,465990,825353
CONS-0008-0029,CUST-0008,2026-03-16,16844,311369,768506
CONS-0008-0030,CUST-0008,2026-05-10,64649,137182,429341
CONS-0008-0031,CUST-0008,2026-04-15,53006,212936,949165
CONS-0008-0032,CUST-0008,2026-03-09,24822,336871,558435
CONS-0008-0033,CUST-0008,2026-02-18,57106,297829,764605
CONS-0008-0034,CUST-0008,2026-03-24,27389,476779,263726
CONS-0008-0035,CUST-0008,2026-03-02,24485,400207,668325
CONS-0008-0036,CUST-0008,2026-02-16,49161,481172,727652
CONS-0008-0037,CUST-0008,2026-03-23,62972,151642,711911
CONS-0008-0038,CUST-0008,2026-04-23,18214,330122,500601
CONS-0008-0039,CUST-0008,2026-04-19,44529,437619,194851
CONS-0008-0040,CUST-0008,2026-05-03,55036,333185,807377
CONS-0008-0041,CUST-0008,2026-03-24,44265,476476,494008
CONS-0008-0042,CUST-0008,2026-05-08,46107,168060,788327
CONS-0008-0043,CUST-0008,2026-02-27,49717,268829,146595
CONS-0008-0044,CUST-0008,2026-04-18,41841,460744,602093
CONS-0008-0045,CUST-0008,2026-03-25,32429,154452,867288
CONS-0008-0046,CUST-0008,2026-04-10,59495,57204,335008
CONS-0008-0047,CUST-0008,2026-04-15,24042,102786,239201
CONS-0008-0048,CUST-0008,2026-04-01,62527,171961,658957
CONS-0009-0000,CUST-0009,2026-04-03,2798,7482,1957
CONS-0009-0001,CUST-0009,2026-04-30,4204,5400,3106
CONS-0009-0002,CUST-0009,2026-04-05,533,8299,8519
CONS-0009-0003,CUST-0009,2026-04-17,2327,2592,9677
CONS-0009-0004,CUST-0009,2026-02-11,1134,7180,7617
CONS-0009-0005,CUST-0009,2026-05-02,2089,5411,1182
CONS-0009-0006,CUST-0009,2026-04-23,2567,1471,2846
CONS-0009-0007,CUST-0009,2026-04-26,2953,5267,8114
CONS-0009-0008,CUST-0009,2026-04-24,3538,6292,4847
CONS-0009-0009,CUST-0009,2026-03-26,3878,7675,9523
CONS-0009-0010,CUST-0009,2026-03-25,2758,5066,7965
CONS-0009-0011,CUST-0009,2026-02-21,641,7535,2210
CONS-0009-0012,CUST-0009,2026-04-17,2547,1913,1320
CONS-0009-0013,CUST-0009,2026-04-03,2919,7597,4633
CONS-0009-0014,CUST-0009,2026-05-05,3132,3513,9366
CONS-0009-0015,CUST-0009,2026-02-28,1009,9643,5434
CONS-0009-0016,CUST-0009,2026-04-06,1656,3986,4624
CONS-0009-0017,CUST-0009,2026-02-23,2009,3834,7905
CONS-0009-0018,CUST-0009,2026-05-09,686,7283,8859
CONS-0009-0019,CUST-0009,2026-04-29,2010,3436,6225
CONS-0009-0020,CUST-0009,2026-02-23,3331,6359,4043
CONS-0009-0021,CUST-0009,2026-04-12,738,6593,4580
CONS-0009-0022,CUST-0009,2026-04-07,1502,6582,1674
CONS-0009-0023,CUST-0009,2026-03-20,873,8283,2269
CONS-0009-0024,CUST-0009,2026-02-16,1710,9702,1448
CONS-0009-0025,CUST-0009,2026-03-07,2486,3215,9272
CONS-0009-0026,CUST-0009,2026-03-06,786,2503,6019
CONS-0009-0027,CUST-0009,2026-05-08,1649,3736,5785
CONS-0009-0028,CUST-0009,2026-03-12,1856,1171,6300
CONS-0009-0029,CUST-0009,2026-02-25,2847,5190,6705
CONS-0009-0030,CUST-0009,2026-03-22,4570,9032,5119
CONS-0009-0031,CUST-0009,2026-02-20,4819,7188,5992
CONS-0009-0032,CUST-0009,2026-04-26,1357,9925,8139
CONS-0009-0033,CUST-0009,2026-03-23,1426,6999,4302
CONS-0009-0034,CUST-0009,2026-04-29,1568,6402,1984
CONS-0009-0035,CUST-0009,2026-04-26,1613,5509,7788
CONS-0009-0036,CUST-0009,2026-03-29,1513,3346,9695
CONS-0009-0037,CUST-0009,2026-02-26,851,5392,4133
CONS-0009-0038,CUST-0009,2026-04-23,4803,4015,4353
CONS-0009-0039,CUST-0009,2026-02-19,4755,3473,3667
CONS-0009-0040,CUST-0009,2026-03-21,3634,1244,1287
CONS-0009-0041,CUST-0009,2026-03-24,1065,6404,4614
CONS-0009-0042,CUST-0009,2026-03-09,3719,4077,1680
CONS-0009-0043,CUST-0009,2026-02-19,561,6157,2152
CONS-0009-0044,CUST-0009,2026-04-26,3393,8623,1299
CONS-0009-0045,CUST-0009,2026-04-12,3882,8584,7010
CONS-0009-0046,CUST-0009,2026-05-03,2392,9656,4083
CONS-0009-0047,CUST-0009,2026-04-16,1845,7959,3493
CONS-0009-0048,CUST-0009,2026-03-09,810,3102,6551
CONS-0009-0049,CUST-0009,2026-04-16,4184,7552,1131
CONS-0009-0050,CUST-0009,2026-03-30,2126,9924,9048
CONS-0009-0051,CUST-0009,2026-03-29,2662,7964,2069
CONS-0009-0052,CUST-0009,2026-02-22,3944,7998,7660
CONS-0009-0053,CUST-0009,2026-02-17,3535,8621,7505
CONS-0009-0054,CUST-0009,2026-03-13,982,4256,6828
CONS-0009-0055,CUST-0009,2026-02-22,1501,5644,2180
CONS-0009-0056,CUST-0009,2026-05-03,2654,1186,1280
CONS-0009-0057,CUST-0009,2026-03-17,1826,3504,7444
CONS-0009-0058,CUST-0009,2026-03-01,1812,8556,4915
CONS-0009-0059,CUST-0009,2026-05-03,3463,1226,9396
CONS-0009-0060,CUST-0009,2026-04-18,3064,9738,3662
CONS-0009-0061,CUST-0009,2026-03-14,2763,8075,6948
CONS-0009-0062,CUST-0009,2026-04-01,2411,8876,5251
CONS-0009-0063,CUST-0009,2026-02-22,2892,5569,6091
CONS-0009-0064,CUST-0009,2026-03-01,3424,3207,8671
CONS-0009-0065,CUST-0009,2026-05-09,530,2247,4374
CONS-0009-0066,CUST-0009,2026-04-14,2012,2368,9712
CONS-0009-0067,CUST-0009,2026-03-09,662,1090,9823
CONS-0009-0068,CUST-0009,2026-03-20,596,4808,9894
CONS-0010-0000,CUST-0010,2026-03-07,409,255,858
CONS-0010-0001,CUST-0010,2026-04-04,108,295,974
CONS-0010-0002,CUST-0010,2026-04-14,100,840,996
CONS-0010-0003,CUST-0010,2026-03-25,282,703,528
CONS-0010-0004,CUST-0010,2026-04-12,280,803,672
CONS-0010-0005,CUST-0010,2026-04-23,414,443,333
CONS-0010-0006,CUST-0010,2026-03-03,241,400,965
CONS-0010-0007,CUST-0010,2026-03-05,162,847,275
CONS-0010-0008,CUST-0010,2026-04-19,95,309,474
CONS-0010-0009,CUST-0010,2026-04-29,376,563,245
CONS-0010-0010,CUST-0010,2026-03-17,64,236,618
CONS-0010-0011,CUST-0010,2026-04-15,158,622,708
CONS-0010-0012,CUST-0010,2026-02-24,151,962,201
CONS-0010-0013,CUST-0010,2026-02-26,99,991,445
CONS-0010-0014,CUST-0010,2026-04-19,325,619,763
CONS-0010-0015,CUST-0010,2026-03-21,449,883,607
CONS-0010-0016,CUST-0010,2026-04-17,310,467,931
CONS-0010-0017,CUST-0010,2026-02-11,107,305,368
CONS-0010-0018,CUST-0010,2026-03-11,433,473,830
CONS-0010-0019,CUST-0010,2026-03-26,135,451,926
CONS-0010-0020,CUST-0010,2026-02-12,414,227,370
CONS-0010-0021,CUST-0010,2026-04-27,476,650,104
CONS-0010-0022,CUST-0010,2026-04-18,171,899,874
CONS-0010-0023,CUST-0010,2026-02-19,311,679,374
CONS-0010-0024,CUST-0010,2026-03-08,161,543,763
CONS-0010-0025,CUST-0010,2026-04-01,241,558,207
CONS-0010-0026,CUST-0010,2026-04-14,105,170,861
CONS-0010-0027,CUST-0010,2026-03-03,157,384,150
CONS-0010-0028,CUST-0010,2026-04-23,410,995,887
CONS-0010-0029,CUST-0010,2026-03-13,226,701,111
CONS-0010-0030,CUST-0010,2026-02-12,314,218,455
CONS-0010-0031,CUST-0010,2026-03-07,467,845,675
CONS-0010-0032,CUST-0010,2026-04-19,220,201,209
CONS-0010-0033,CUST-0010,2026-04-02,327,367,748
CONS-0010-0034,CUST-0010,2026-04-06,345,847,137
CONS-0010-0035,CUST-0010,2026-04-15,468,588,784
CONS-0010-0036,CUST-0010,2026-05-07,312,169,743
CONS-0010-0037,CUST-0010,2026-04-05,148,193,838
CONS-0010-0038,CUST-0010,2026-04-08,148,819,474
CONS-0010-0039,CUST-0010,2026-03-01,391,177,937
CONS-0010-0040,CUST-0010,2026-04-24,322,340,870
CONS-0010-0041,CUST-0010,2026-05-10,485,466,384
CONS-0010-0042,CUST-0010,2026-03-02,301,222,213
CONS-0010-0043,CUST-0010,2026-03-26,123,186,684
CONS-0010-0044,CUST-0010,2026-03-23,64,381,878
CONS-0010-0045,CUST-0010,2026-04-14,286,822,667
CONS-0010-0046,CUST-0010,2026-04-24,417,196,272
CONS-0010-0047,CUST-0010,2026-02-23,152,164,155
CONS-0010-0048,CUST-0010,2026-03-27,163,606,956
CONS-0010-0049,CUST-0010,2026-02-18,156,357,846
CONS-0010-0050,CUST-0010,2026-04-20,361,455,299
CONS-0010-0051,CUST-0010,2026-02-24,145,266,915
CONS-0010-0052,CUST-0010,2026-02-11,470,443,302
CONS-0010-0053,CUST-0010,2026-03-06,149,662,876
CONS-0010-0054,CUST-0010,2026-02-25,411,427,626
CONS-0010-0055,CUST-0010,2026-05-07,78,292,762
CONS-0010-0056,CUST-0010,2026-02-24,243,145,674
CONS-0010-0057,CUST-0010,2026-04-09,387,471,544
CONS-0010-0058,CUST-0010,2026-04-06,383,100,402
CONS-0010-0059,CUST-0010,2026-05-10,279,944,871
CONS-0010-0060,CUST-0010,2026-04-16,345,849,351
CONS-0010-0061,CUST-0010,2026-03-23,270,489,490
CONS-0010-0062,CUST-0010,2026-03-11,164,373,955
CONS-0010-0063,CUST-0010,2026-03-24,224,714,274
CONS-0010-0064,CUST-0010,2026-03-14,378,985,155
CONS-0010-0065,CUST-0010,2026-02-22,327,694,542
CONS-0010-0066,CUST-0010,2026-04-19,81,971,767
CONS-0010-0067,CUST-0010,2026-04-27,192,675,409
CONS-0010-0068,CUST-0010,2026-05-05,438,380,113
CONS-0010-0069,CUST-0010,2026-05-09,204,449,868
CONS-0010-0070,CUST-0010,2026-04-04,392,400,664
CONS-0010-0071,CUST-0010,2026-04-26,349,510,448
CONS-0010-0072,CUST-0010,2026-02-28,471,524,976
CONS-0010-0073,CUST-0010,2026-02-19,307,500,129
CONS-0010-0074,CUST-0010,2026-04-08,56,334,975
CONS-0010-0075,CUST-0010,2026-03-19,420,664,120
CONS-0010-0076,CUST-0010,2026-04-09,191,451,339
CONS-0010-0077,CUST-0010,2026-05-01,477,508,396
CONS-0010-0078,CUST-0010,2026-03-06,148,983,824
CONS-0010-0079,CUST-0010,2026-05-06,118,966,657
CONS-0010-0080,CUST-0010,2026-02-22,471,286,692
CONS-0010-0081,CUST-0010,2026-04-05,412,332,283
CONS-0010-0082,CUST-0010,2026-03-14,133,886,823
CONS-0010-0083,CUST-0010,2026-02-19,196,234,911
CONS-0010-0084,CUST-0010,2026-05-06,306,230,656
CONS-0011-0000,CUST-0011,2026-02-26,18408,113389,415340
CONS-0011-0001,CUST-0011,2026-05-07,68695,95867,778448
CONS-0011-0002,CUST-0011,2026-03-26,50363,354743,474464
CONS-0011-0003,CUST-0011,2026-02-16,40115,357596,576197
CONS-0011-0004,CUST-0011,2026-02-18,41990,267145,602417
CONS-0011-0005,CUST-0011,2026-04-06,38486,263343,598777
CONS-0011-0006,CUST-0011,2026-03-27,51727,263845,673382
CONS-0011-0007,CUST-0011,2026-05-07,31352,295852,276589
CONS-0011-0008,CUST-0011,2026-04-30,64859,241289,628425
CONS-0011-0009,CUST-0011,2026-02-19,44904,453057,274372
CONS-0011-0010,CUST-0011,2026-04-27,44807,299095,805340
CONS-0011-0011,CUST-0011,2026-04-14,40102,161609,366095
CONS-0011-0012,CUST-0011,2026-05-09,46749,330658,565562
CONS-0011-0013,CUST-0011,2026-03-11,27633,428310,443604
CONS-0011-0014,CUST-0011,2026-03-17,41327,302795,598161
CONS-0011-0015,CUST-0011,2026-03-28,45009,177307,621414
CONS-0011-0016,CUST-0011,2026-05-07,15853,183346,572452
CONS-0011-0017,CUST-0011,2026-04-09,61949,461111,352563
CONS-0011-0018,CUST-0011,2026-04-11,59111,242113,108371
CONS-0011-0019,CUST-0011,2026-04-01,65036,448462,602781
CONS-0011-0020,CUST-0011,2026-04-13,64480,231419,716703
CONS-0011-0021,CUST-0011,2026-05-07,19988,215229,726176
CONS-0011-0022,CUST-0011,2026-03-10,33491,204711,868054
CONS-0011-0023,CUST-0011,2026-03-04,19866,204250,498638
CONS-0011-0024,CUST-0011,2026-03-06,25462,86054,148150
CONS-0011-0025,CUST-0011,2026-03-09,52233,347310,674071
CONS-0011-0026,CUST-0011,2026-02-14,57024,430588,313045
CONS-0011-0027,CUST-0011,2026-03-13,32512,172868,452304
CONS-0011-0028,CUST-0011,2026-04-03,67971,456482,946322
CONS-0011-0029,CUST-0011,2026-02-17,62534,219523,233221
CONS-0011-0030,CUST-0011,2026-02-21,45838,459414,474625
CONS-0011-0031,CUST-0011,2026-02-18,67792,332132,755766
CONS-0011-0032,CUST-0011,2026-04-14,58996,91157,912952
CONS-0011-0033,CUST-0011,2026-02-15,26579,171836,377107
CONS-0011-0034,CUST-0011,2026-03-18,47653,339120,822505
CONS-0011-0035,CUST-0011,2026-05-01,40069,286072,445405
CONS-0011-0036,CUST-0011,2026-04-14,56182,181911,241056
CONS-0011-0037,CUST-0011,2026-04-28,42399,132690,424492
CONS-0011-0038,CUST-0011,2026-03-02,29073,471716,573069
CONS-0011-0039,CUST-0011,2026-04-25,61528,302163,238872
CONS-0011-0040,CUST-0011,2026-05-09,58006,96374,206697
CONS-0011-0041,CUST-0011,2026-04-07,39587,381764,577283
CONS-0011-0042,CUST-0011,2026-02-15,57077,117450,402276
CONS-0011-0043,CUST-0011,2026-04-06,38105,77367,435787
CONS-0011-0044,CUST-0011,2026-04-28,64202,119994,411431
CONS-0011-0045,CUST-0011,2026-04-21,19803,276540,906561
CONS-0011-0046,CUST-0011,2026-03-09,34155,452619,746838
CONS-0011-0047,CUST-0011,2026-03-30,64528,84840,897596
CONS-0011-0048,CUST-0011,2026-03-15,48928,380421,349622
CONS-0011-0049,CUST-0011,2026-03-08,26196,288326,396744
CONS-0011-0050,CUST-0011,2026-03-03,31037,288475,339638
CONS-0011-0051,CUST-0011,2026-02-22,58239,482671,604253
CONS-0011-0052,CUST-0011,2026-04-17,22290,331229,141154
CONS-0011-0053,CUST-0011,2026-03-29,16171,373720,947879
CONS-0011-0054,CUST-0011,2026-03-05,18755,245955,444234
CONS-0011-0055,CUST-0011,2026-03-11,16945,264795,742912
CONS-0012-0000,CUST-0012,2026-03-25,1216,4393,4089
CONS-0012-0001,CUST-0012,2026-03-15,5047,8088,4337
CONS-0012-0002,CUST-0012,2026-04-02,2188,7750,2397
CONS-0012-0003,CUST-0012,2026-03-27,6162,6959,6971
CONS-0012-0004,CUST-0012,2026-03-01,3388,6817,3855
CONS-0012-0005,CUST-0012,2026-03-16,4498,6026,2929
CONS-0012-0006,CUST-0012,2026-02-26,1981,7379,8959
CONS-0012-0007,CUST-0012,2026-04-25,3144,6834,1438
CONS-0012-0008,CUST-0012,2026-02-13,1477,6644,7209
CONS-0012-0009,CUST-0012,2026-03-10,2328,8962,9387
CONS-0012-0010,CUST-0012,2026-04-20,3814,6039,2242
CONS-0012-0011,CUST-0012,2026-04-04,2766,5138,9019
CONS-0012-0012,CUST-0012,2026-02-15,2247,2826,5811
CONS-0012-0013,CUST-0012,2026-04-08,4279,2625,3074
CONS-0012-0014,CUST-0012,2026-05-04,3994,5852,1403
CONS-0012-0015,CUST-0012,2026-02-11,2755,7677,1118
CONS-0012-0016,CUST-0012,2026-04-27,4273,2105,6692
CONS-0012-0017,CUST-0012,2026-05-08,2721,7590,9465
CONS-0012-0018,CUST-0012,2026-03-27,2926,5641,9921
CONS-0012-0019,CUST-0012,2026-03-19,4935,1197,8142
CONS-0012-0020,CUST-0012,2026-03-31,1419,3386,7033
CONS-0012-0021,CUST-0012,2026-02-16,6604,4750,4358
CONS-0012-0022,CUST-0012,2026-03-04,4503,8770,4811
CONS-0012-0023,CUST-0012,2026-03-16,4888,3227,2436
CONS-0012-0024,CUST-0012,2026-03-19,5875,1386,3921
CONS-0012-0025,CUST-0012,2026-03-11,4305,2849,8142
CONS-0012-0026,CUST-0012,2026-05-07,2416,9468,4573
CONS-0012-0027,CUST-0012,2026-02-14,996,8880,1298
CONS-0012-0028,CUST-0012,2026-03-13,1515,4815,2234
CONS-0012-0029,CUST-0012,2026-03-12,1740,7018,8480
CONS-0012-0030,CUST-0012,2026-03-22,6759,3487,8780
CONS-0012-0031,CUST-0012,2026-03-09,1851,8661,1484
CONS-0012-0032,CUST-0012,2026-04-20,4876,8913,6024
CONS-0012-0033,CUST-0012,2026-03-03,5803,8034,7201
CONS-0012-0034,CUST-0012,2026-03-03,2343,8751,7947
CONS-0012-0035,CUST-0012,2026-03-28,7422,4771,7736
CONS-0012-0036,CUST-0012,2026-04-02,6693,6393,6373
CONS-0012-0037,CUST-0012,2026-04-06,4630,9391,9962
CONS-0012-0038,CUST-0012,2026-05-03,1906,3517,3407
CONS-0012-0039,CUST-0012,2026-03-09,2362,3243,3575
CONS-0012-0040,CUST-0012,2026-04-27,5851,9521,6011
CONS-0012-0041,CUST-0012,2026-02-17,3948,3867,3504
CONS-0012-0042,CUST-0012,2026-02-14,3120,4466,3690
CONS-0012-0043,CUST-0012,2026-03-03,4347,5737,4682
CONS-0012-0044,CUST-0012,2026-02-19,5163,9287,3513
CONS-0012-0045,CUST-0012,2026-05-01,5700,6778,1541
CONS-0012-0046,CUST-0012,2026-04-29,1071,8570,9440
CONS-0012-0047,CUST-0012,2026-05-08,2164,1125,7559
CONS-0012-0048,CUST-0012,2026-04-24,5950,2582,1489
CONS-0012-0049,CUST-0012,2026-02-15,6793,8669,3600
CONS-0012-0050,CUST-0012,2026-04-24,6295,4056,5489
CONS-0012-0051,CUST-0012,2026-05-09,5160,2856,1858
CONS-0012-0052,CUST-0012,2026-02-17,4575,2377,1200
CONS-0012-0053,CUST-0012,2026-03-21,3130,4134,5322
CONS-0012-0054,CUST-0012,2026-04-03,3336,8152,3706
CONS-0012-0055,CUST-0012,2026-03-09,7497,6909,6774
CONS-0012-0056,CUST-0012,2026-02-28,4519,3967,4516
CONS-0012-0057,CUST-0012,2026-02-22,802,5826,2542
CONS-0012-0058,CUST-0012,2026-04-05,2344,7431,3234
CONS-0012-0059,CUST-0012,2026-02-10,3757,3686,3259
CONS-0012-0060,CUST-0012,2026-03-18,6798,2338,1077
CONS-0012-0061,CUST-0012,2026-04-29,4951,6537,4535
CONS-0012-0062,CUST-0012,2026-02-11,4696,4103,4257
CONS-0012-0063,CUST-0012,2026-04-08,1642,2657,7692
CONS-0012-0064,CUST-0012,2026-02-18,3342,4749,6375
CONS-0012-0065,CUST-0012,2026-02-22,6055,1068,5533
CONS-0012-0066,CUST-0012,2026-04-12,1159,3358,8445
CONS-0012-0067,CUST-0012,2026-02-10,5460,6622,9945
CONS-0012-0068,CUST-0012,2026-05-03,1153,1101,7920
CONS-0012-0069,CUST-0012,2026-02-23,796,1040,4718
CONS-0012-0070,CUST-0012,2026-04-13,4095,7924,5880
CONS-0012-0071,CUST-0012,2026-03-17,4777,2393,5953
CONS-0012-0072,CUST-0012,2026-02-21,6501,1031,6442
CONS-0012-0073,CUST-0012,2026-03-04,6955,6995,3575
CONS-0012-0074,CUST-0012,2026-03-30,1423,4382,9401
CONS-0012-0075,CUST-0012,2026-02-24,5172,7196,3170
CONS-0012-0076,CUST-0012,2026-03-08,6268,2694,4130
CONS-0012-0077,CUST-0012,2026-03-25,6216,8277,2309
CONS-0012-0078,CUST-0012,2026-02-27,5184,3556,8245
CONS-0012-0079,CUST-0012,2026-04-28,6567,5900,5250
CONS-0012-0080,CUST-0012,2026-02-20,1326,7609,9787
CONS-0012-0081,CUST-0012,2026-03-09,7380,3941,9668
CONS-0012-0082,CUST-0012,2026-04-30,5382,9919,2199
CONS-0012-0083,CUST-0012,2026-02-27,5580,6909,2608
CONS-0013-0000,CUST-0013,2026-04-06,1848,6956,4979
CONS-0013-0001,CUST-0013,2026-04-21,2502,8260,9569
CONS-0013-0002,CUST-0013,2026-04-29,2517,9975,4287
CONS-0013-0003,CUST-0013,2026-02-14,1780,8898,1716
CONS-0013-0004,CUST-0013,2026-04-01,1872,9470,7840
CONS-0013-0005,CUST-0013,2026-05-04,2986,6922,7607
CONS-0013-0006,CUST-0013,2026-04-01,2481,7673,4415
CONS-0013-0007,CUST-0013,2026-02-28,3003,2316,6434
CONS-0013-0008,CUST-0013,2026-02-28,1911,7070,9308
CONS-0013-0009,CUST-0013,2026-02-21,3083,6055,6358
CONS-0013-0010,CUST-0013,2026-05-08,4450,9142,4659
CONS-0013-0011,CUST-0013,2026-02-20,2378,6176,5252
CONS-0013-0012,CUST-0013,2026-02-26,648,8257,4633
CONS-0013-0013,CUST-0013,2026-03-22,876,5883,2508
CONS-0013-0014,CUST-0013,2026-04-20,1544,9589,1443
CONS-0013-0015,CUST-0013,2026-03-23,1084,1445,1019
CONS-0013-0016,CUST-0013,2026-03-31,2723,8272,9209
CONS-0013-0017,CUST-0013,2026-02-22,739,4457,3495
CONS-0013-0018,CUST-0013,2026-03-07,588,1288,3805
CONS-0013-0019,CUST-0013,2026-03-26,4811,1899,6956
CONS-0013-0020,CUST-0013,2026-05-03,2408,8850,1277
CONS-0013-0021,CUST-0013,2026-05-09,1111,3993,8709
CONS-0013-0022,CUST-0013,2026-02-25,2648,1035,3032
CONS-0013-0023,CUST-0013,2026-02-17,3244,6072,4715
CONS-0013-0024,CUST-0013,2026-02-10,4535,1073,1594
CONS-0013-0025,CUST-0013,2026-04-14,3619,7932,9532
CONS-0013-0026,CUST-0013,2026-04-20,1235,3687,9073
CONS-0013-0027,CUST-0013,2026-04-21,1066,2116,6719
CONS-0013-0028,CUST-0013,2026-03-14,4696,5106,3941
CONS-0013-0029,CUST-0013,2026-04-21,2260,6976,6080
CONS-0013-0030,CUST-0013,2026-03-09,3241,8111,4100
CONS-0013-0031,CUST-0013,2026-03-29,1306,1034,1193
CONS-0013-0032,CUST-0013,2026-05-07,4320,7494,2573
CONS-0013-0033,CUST-0013,2026-02-24,2864,3597,4011
CONS-0013-0034,CUST-0013,2026-03-01,4267,7168,8361
CONS-0013-0035,CUST-0013,2026-04-03,2264,4045,7081
CONS-0013-0036,CUST-0013,2026-05-07,1723,5790,4898
CONS-0013-0037,CUST-0013,2026-03-10,4687,6429,1844
CONS-0013-0038,CUST-0013,2026-02-22,3529,2656,4283
CONS-0014-0000,CUST-0014,2026-03-05,11553,17898,59355
CONS-0014-0001,CUST-0014,2026-03-28,9114,25195,74126
CONS-0014-0002,CUST-0014,2026-03-27,17681,45309,74286
CONS-0014-0003,CUST-0014,2026-02-27,16602,17680,33130
CONS-0014-0004,CUST-0014,2026-03-21,10129,33587,48922
CONS-0014-0005,CUST-0014,2026-02-21,7885,21586,97070
CONS-0014-0006,CUST-0014,2026-04-15,8211,31268,91937
CONS-0014-0007,CUST-0014,2026-03-12,18742,36672,32786
CONS-0014-0008,CUST-0014,2026-02-22,8158,10493,69422
CONS-0014-0009,CUST-0014,2026-02-24,5541,31699,79851
CONS-0014-0010,CUST-0014,2026-02-13,8889,41545,15210
CONS-0014-0011,CUST-0014,2026-04-30,18725,41948,84998
CONS-0014-0012,CUST-0014,2026-03-01,14490,24821,79167
CONS-0014-0013,CUST-0014,2026-04-13,16505,23676,39204
CONS-0014-0014,CUST-0014,2026-03-16,11590,28775,52108
CONS-0014-0015,CUST-0014,2026-03-13,11905,47815,62734
CONS-0014-0016,CUST-0014,2026-03-23,14206,47648,10647
CONS-0014-0017,CUST-0014,2026-03-25,9361,31745,69466
CONS-0014-0018,CUST-0014,2026-02-13,14635,31677,35858
CONS-0014-0019,CUST-0014,2026-03-14,13872,49222,65753
CONS-0014-0020,CUST-0014,2026-04-26,15839,20525,42280
CONS-0014-0021,CUST-0014,2026-03-21,8646,12583,71911
CONS-0014-0022,CUST-0014,2026-04-02,7720,14942,59965
CONS-0014-0023,CUST-0014,2026-03-16,12826,19078,34213
CONS-0014-0024,CUST-0014,2026-04-06,11263,10260,83625
CONS-0014-0025,CUST-0014,2026-02-13,19442,37791,98858
CONS-0014-0026,CUST-0014,2026-02-18,16526,19530,38938
CONS-0014-0027,CUST-0014,2026-02-16,15936,19548,68708
CONS-0014-0028,CUST-0014,2026-03-18,5807,22135,98104
CONS-0014-0029,CUST-0014,2026-03-29,12848,16276,58498
CONS-0014-0030,CUST-0014,2026-03-22,14322,26877,14641
CONS-0014-0031,CUST-0014,2026-04-23,15689,10278,73587
CONS-0014-0032,CUST-0014,2026-05-01,9735,29975,81742
CONS-0014-0033,CUST-0014,2026-02-15,8821,23626,41316
CONS-0014-0034,CUST-0014,2026-03-02,9181,47798,31836
CONS-0014-0035,CUST-0014,2026-04-21,16634,30625,80757
CONS-0014-0036,CUST-0014,2026-04-27,7272,18621,40360
CONS-0014-0037,CUST-0014,2026-03-13,15730,28763,60369
CONS-0014-0038,CUST-0014,2026-04-12,5603,44118,30610
CONS-0014-0039,CUST-0014,2026-03-09,9653,21730,12494
CONS-0014-0040,CUST-0014,2026-03-17,13290,23680,25665
CONS-0014-0041,CUST-0014,2026-04-09,18228,37915,35686
CONS-0014-0042,CUST-0014,2026-04-07,17236,42220,11169
CONS-0014-0043,CUST-0014,2026-05-06,17622,29445,80546
CONS-0014-0044,CUST-0014,2026-02-26,10937,36165,29117
CONS-0014-0045,CUST-0014,2026-02-16,16234,35274,54162
CONS-0014-0046,CUST-0014,2026-04-22,10554,12408,58285
CONS-0014-0047,CUST-0014,2026-03-29,16817,36976,40988
CONS-0014-0048,CUST-0014,2026-03-12,6123,20947,98775
CONS-0014-0049,CUST-0014,2026-03-06,6667,28610,13413
CONS-0014-0050,CUST-0014,2026-05-02,18318,42847,64843
CONS-0014-0051,CUST-0014,2026-03-28,18452,45755,49801
CONS-0014-0052,CUST-0014,2026-02-19,8016,11649,50305
CONS-0014-0053,CUST-0014,2026-04-17,13142,39714,23574
CONS-0014-0054,CUST-0014,2026-03-25,15493,28596,37487
CONS-0014-0055,CUST-0014,2026-02-12,7001,42117,66196
CONS-0014-0056,CUST-0014,2026-05-03,6995,15699,42886
CONS-0014-0057,CUST-0014,2026-02-20,9028,48409,93820
CONS-0014-0058,CUST-0014,2026-03-13,12210,11129,22312
CONS-0014-0059,CUST-0014,2026-02-26,9231,21897,80461
CONS-0014-0060,CUST-0014,2026-04-29,19274,41307,72463
CONS-0014-0061,CUST-0014,2026-02-14,10896,45835,12223
CONS-0014-0062,CUST-0014,2026-04-02,10936,10568,36981
CONS-0014-0063,CUST-0014,2026-04-24,8796,10023,69996
CONS-0014-0064,CUST-0014,2026-03-26,12167,30823,46339
CONS-0014-0065,CUST-0014,2026-05-06,16933,47607,13778
CONS-0014-0066,CUST-0014,2026-03-16,16833,34504,23198
CONS-0014-0067,CUST-0014,2026-02-23,14865,47821,43154
CONS-0014-0068,CUST-0014,2026-03-31,13130,15565,49437
CONS-0014-0069,CUST-0014,2026-04-07,16604,21221,98613
CONS-0014-0070,CUST-0014,2026-03-04,7388,19396,59837
CONS-0014-0071,CUST-0014,2026-02-27,8694,26191,74262
CONS-0014-0072,CUST-0014,2026-05-04,11865,29781,44296
CONS-0014-0073,CUST-0014,2026-02-17,10064,44814,21533
CONS-0015-0000,CUST-0015,2026-04-06,93,378,605
CONS-0015-0001,CUST-0015,2026-03-04,405,918,430
CONS-0015-0002,CUST-0015,2026-03-06,291,636,275
CONS-0015-0003,CUST-0015,2026-04-09,501,942,318
CONS-0015-0004,CUST-0015,2026-04-03,264,998,640
CONS-0015-0005,CUST-0015,2026-02-13,154,516,631
CONS-0015-0006,CUST-0015,2026-05-09,96,490,863
CONS-0015-0007,CUST-0015,2026-04-24,234,448,379
CONS-0015-0008,CUST-0015,2026-04-10,342,191,355
CONS-0015-0009,CUST-0015,2026-02-21,679,991,326
CONS-0015-0010,CUST-0015,2026-04-28,243,820,823
CONS-0015-0011,CUST-0015,2026-05-01,186,841,160
CONS-0015-0012,CUST-0015,2026-03-24,727,605,418
CONS-0015-0013,CUST-0015,2026-04-05,736,790,804
CONS-0015-0014,CUST-0015,2026-04-17,309,774,221
CONS-0015-0015,CUST-0015,2026-04-09,574,163,505
CONS-0015-0016,CUST-0015,2026-05-01,289,136,428
CONS-0015-0017,CUST-0015,2026-04-19,684,179,233
CONS-0015-0018,CUST-0015,2026-04-28,513,765,931
CONS-0015-0019,CUST-0015,2026-03-13,169,661,373
CONS-0015-0020,CUST-0015,2026-04-15,555,501,496
CONS-0015-0021,CUST-0015,2026-04-11,108,172,215
CONS-0015-0022,CUST-0015,2026-04-17,541,778,471
CONS-0015-0023,CUST-0015,2026-04-10,175,627,848
CONS-0015-0024,CUST-0015,2026-04-26,523,197,520
CONS-0015-0025,CUST-0015,2026-04-22,228,201,996
CONS-0015-0026,CUST-0015,2026-03-20,726,737,714
CONS-0015-0027,CUST-0015,2026-05-07,132,667,465
CONS-0015-0028,CUST-0015,2026-04-04,195,448,348
CONS-0015-0029,CUST-0015,2026-03-28,415,923,676
CONS-0015-0030,CUST-0015,2026-03-12,394,864,862
CONS-0015-0031,CUST-0015,2026-05-05,193,340,741
CONS-0015-0032,CUST-0015,2026-02-14,663,682,235
CONS-0015-0033,CUST-0015,2026-02-13,222,678,668
CONS-0015-0034,CUST-0015,2026-04-10,651,655,468
CONS-0015-0035,CUST-0015,2026-02-26,111,430,541
CONS-0015-0036,CUST-0015,2026-04-19,342,214,497
CONS-0015-0037,CUST-0015,2026-03-08,564,791,685
CONS-0015-0038,CUST-0015,2026-04-20,81,814,207
CONS-0015-0039,CUST-0015,2026-02-17,325,789,655
CONS-0015-0040,CUST-0015,2026-02-17,241,444,505
CONS-0015-0041,CUST-0015,2026-03-23,480,745,394
CONS-0015-0042,CUST-0015,2026-03-08,642,865,164
CONS-0015-0043,CUST-0015,2026-03-17,427,383,199
CONS-0015-0044,CUST-0015,2026-03-05,430,646,539
CONS-0015-0045,CUST-0015,2026-02-21,724,444,538
CONS-0015-0046,CUST-0015,2026-05-04,451,635,347
CONS-0015-0047,CUST-0015,2026-05-06,183,137,166
CONS-0015-0048,CUST-0015,2026-04-13,481,194,294
CONS-0015-0049,CUST-0015,2026-04-29,264,244,343
CONS-0015-0050,CUST-0015,2026-03-20,724,223,912
CONS-0015-0051,CUST-0015,2026-04-09,84,708,425
CONS-0015-0052,CUST-0015,2026-03-25,205,757,469
CONS-0015-0053,CUST-0015,2026-05-08,499,717,350
CONS-0015-0054,CUST-0015,2026-02-28,516,375,561
CONS-0015-0055,CUST-0015,2026-03-08,181,220,264
CONS-0015-0056,CUST-0015,2026-05-09,553,127,940
CONS-0015-0057,CUST-0015,2026-03-31,349,210,944
CONS-0015-0058,CUST-0015,2026-03-22,325,203,387
CONS-0015-0059,CUST-0015,2026-03-08,241,211,110
CONS-0015-0060,CUST-0015,2026-03-02,652,294,723
CONS-0015-0061,CUST-0015,2026-05-03,636,189,437
CONS-0015-0062,CUST-0015,2026-04-13,445,486,647
CONS-0015-0063,CUST-0015,2026-03-15,514,235,128
CONS-0015-0064,CUST-0015,2026-04-01,102,391,213
CONS-0015-0065,CUST-0015,2026-03-25,564,431,885
CONS-0015-0066,CUST-0015,2026-03-04,712,280,657
CONS-0015-0067,CUST-0015,2026-04-26,493,907,866
CONS-0015-0068,CUST-0015,2026-04-10,249,345,834
CONS-0015-0069,CUST-0015,2026-04-19,505,600,345
CONS-0015-0070,CUST-0015,2026-04-13,742,884,528
CONS-0015-0071,CUST-0015,2026-05-09,427,500,310
CONS-0015-0072,CUST-0015,2026-04-25,297,179,990
CONS-0015-0073,CUST-0015,2026-03-20,99,190,450
CONS-0015-0074,CUST-0015,2026-02-19,84,531,199
CONS-0016-0000,CUST-0016,2026-02-11,1666,6201,4844
CONS-0016-0001,CUST-0016,2026-03-08,7149,1883,1413
CONS-0016-0002,CUST-0016,2026-03-18,5274,9906,3546
CONS-0016-0003,CUST-0016,2026-05-03,1564,2820,4809
CONS-0016-0004,CUST-0016,2026-02-24,3292,7594,2334
CONS-0016-0005,CUST-0016,2026-05-05,3208,8270,2438
CONS-0016-0006,CUST-0016,2026-02-12,3094,5942,3589
CONS-0016-0007,CUST-0016,2026-03-03,7285,7572,1643
CONS-0016-0008,CUST-0016,2026-04-10,6888,3525,5330
CONS-0016-0009,CUST-0016,2026-03-31,6841,4711,7254
CONS-0016-0010,CUST-0016,2026-02-23,5044,1493,2345
CONS-0016-0011,CUST-0016,2026-02-14,829,2280,9258
CONS-0016-0012,CUST-0016,2026-03-12,4144,5801,4701
CONS-0016-0013,CUST-0016,2026-04-26,4701,7404,7123
CONS-0016-0014,CUST-0016,2026-03-15,1978,9924,4324
CONS-0016-0015,CUST-0016,2026-03-04,5772,6723,1985
CONS-0016-0016,CUST-0016,2026-02-17,2811,9488,7724
CONS-0016-0017,CUST-0016,2026-02-22,2260,5703,8376
CONS-0016-0018,CUST-0016,2026-04-21,3315,2432,5453
CONS-0016-0019,CUST-0016,2026-03-18,5469,2873,2642
CONS-0016-0020,CUST-0016,2026-04-29,4921,1365,8476
CONS-0016-0021,CUST-0016,2026-02-23,4608,6512,4374
CONS-0016-0022,CUST-0016,2026-05-08,2277,4179,5625
CONS-0016-0023,CUST-0016,2026-05-10,7294,2462,2239
CONS-0016-0024,CUST-0016,2026-02-28,978,2557,9986
CONS-0016-0025,CUST-0016,2026-05-06,1986,3270,2399
CONS-0016-0026,CUST-0016,2026-04-06,1693,6446,6834
CONS-0016-0027,CUST-0016,2026-02-26,5031,6555,4170
CONS-0016-0028,CUST-0016,2026-02-21,6190,6799,7966
CONS-0016-0029,CUST-0016,2026-04-20,6330,2772,2165
CONS-0016-0030,CUST-0016,2026-05-08,5520,2517,3565
CONS-0016-0031,CUST-0016,2026-03-24,5923,8004,4285
CONS-0016-0032,CUST-0016,2026-02-25,5763,5381,7607
CONS-0016-0033,CUST-0016,2026-03-23,1050,1120,2868
CONS-0016-0034,CUST-0016,2026-03-15,3145,6275,9708
CONS-0016-0035,CUST-0016,2026-02-16,3222,1209,8029
CONS-0016-0036,CUST-0016,2026-03-31,2694,6443,2748
CONS-0016-0037,CUST-0016,2026-04-29,6853,5912,5547
CONS-0016-0038,CUST-0016,2026-05-01,3022,8285,5806
CONS-0016-0039,CUST-0016,2026-03-17,7413,4215,5135
CONS-0016-0040,CUST-0016,2026-02-18,4863,1702,8700
CONS-0016-0041,CUST-0016,2026-03-31,4738,4208,8287
CONS-0016-0042,CUST-0016,2026-03-21,4356,3083,4616
CONS-0016-0043,CUST-0016,2026-04-20,6375,9948,3892
CONS-0016-0044,CUST-0016,2026-03-08,4213,8137,6870
CONS-0016-0045,CUST-0016,2026-04-27,1041,5969,1311
CONS-0016-0046,CUST-0016,2026-04-27,5703,6905,3224
CONS-0016-0047,CUST-0016,2026-04-19,6102,8415,8562
CONS-0016-0048,CUST-0016,2026-04-05,6759,9740,8509
CONS-0016-0049,CUST-0016,2026-03-07,5473,2900,6435
CONS-0016-0050,CUST-0016,2026-03-01,4822,4737,7964
CONS-0016-0051,CUST-0016,2026-03-04,1033,9858,4416
CONS-0016-0052,CUST-0016,2026-04-26,1783,7008,4717
CONS-0016-0053,CUST-0016,2026-03-07,1315,6350,4415
CONS-0016-0054,CUST-0016,2026-03-29,907,5349,3940
CONS-0016-0055,CUST-0016,2026-04-30,6114,5771,8751
CONS-0016-0056,CUST-0016,2026-03-05,4873,9772,4346
CONS-0017-0000,CUST-0017,2026-04-02,3511,5171,3455
CONS-0017-0001,CUST-0017,2026-03-04,3346,4923,6972
CONS-0017-0002,CUST-0017,2026-04-06,4750,7540,2151
CONS-0017-0003,CUST-0017,2026-02-14,1150,6600,7790
CONS-0017-0004,CUST-0017,2026-03-07,4117,4890,3091
CONS-0017-0005,CUST-0017,2026-04-12,2112,7650,9719
CONS-0017-0006,CUST-0017,2026-04-22,1527,5908,6545
CONS-0017-0007,CUST-0017,2026-03-12,4043,4706,4287
CONS-0017-0008,CUST-0017,2026-05-10,1240,9834,4074
CONS-0017-0009,CUST-0017,2026-05-04,2015,5413,2600
CONS-0017-0010,CUST-0017,2026-04-26,4167,6265,1472
CONS-0017-0011,CUST-0017,2026-03-05,3143,7292,4295
CONS-0017-0012,CUST-0017,2026-03-09,3171,1669,9835
CONS-0017-0013,CUST-0017,2026-02-23,2899,3336,7463
CONS-0017-0014,CUST-0017,2026-03-13,4159,8205,9293
CONS-0017-0015,CUST-0017,2026-03-04,4975,7671,3691
CONS-0017-0016,CUST-0017,2026-02-22,1519,4835,7965
CONS-0017-0017,CUST-0017,2026-03-30,3477,1752,4891
CONS-0017-0018,CUST-0017,2026-03-31,3822,6746,8332
CONS-0017-0019,CUST-0017,2026-02-19,3143,7811,9774
CONS-0017-0020,CUST-0017,2026-04-21,4866,4049,6957
CONS-0017-0021,CUST-0017,2026-03-26,3878,6052,5233
CONS-0017-0022,CUST-0017,2026-03-04,3165,4327,2509
CONS-0017-0023,CUST-0017,2026-02-25,3126,8806,7850
CONS-0017-0024,CUST-0017,2026-03-17,4628,3241,3131
CONS-0017-0025,CUST-0017,2026-03-26,3839,1955,7473
CONS-0017-0026,CUST-0017,2026-04-20,2942,6713,6412
CONS-0017-0027,CUST-0017,2026-02-26,1149,9418,5645
CONS-0017-0028,CUST-0017,2026-04-24,1187,5981,8242
CONS-0017-0029,CUST-0017,2026-03-31,3534,3784,2027
CONS-0017-0030,CUST-0017,2026-04-12,3922,8595,4925
CONS-0017-0031,CUST-0017,2026-03-17,2856,2888,9525
CONS-0017-0032,CUST-0017,2026-02-28,812,7144,4035
CONS-0017-0033,CUST-0017,2026-03-23,2830,4152,3094
CONS-0017-0034,CUST-0017,2026-02-12,3215,2051,7351
CONS-0017-0035,CUST-0017,2026-05-08,2441,4658,8461
CONS-0017-0036,CUST-0017,2026-04-21,691,9601,7168
CONS-0017-0037,CUST-0017,2026-03-30,937,6509,1341
CONS-0017-0038,CUST-0017,2026-04-15,3207,5505,9728
CONS-0017-0039,CUST-0017,2026-02-12,4610,7605,4034
CONS-0017-0040,CUST-0017,2026-04-09,4674,4436,1927
CONS-0017-0041,CUST-0017,2026-04-28,1939,9190,8370
CONS-0017-0042,CUST-0017,2026-03-03,4361,9707,4532
CONS-0017-0043,CUST-0017,2026-02-15,3924,3735,6351
CONS-0017-0044,CUST-0017,2026-03-12,2157,1524,7790
CONS-0017-0045,CUST-0017,2026-03-31,4838,6829,7028
CONS-0017-0046,CUST-0017,2026-03-06,2472,1128,2480
CONS-0017-0047,CUST-0017,2026-02-15,4312,8900,5508
CONS-0017-0048,CUST-0017,2026-03-26,4239,1424,9540
CONS-0017-0049,CUST-0017,2026-03-20,1295,4087,8392
CONS-0017-0050,CUST-0017,2026-04-02,2358,4984,9152
CONS-0017-0051,CUST-0017,2026-02-18,4832,9304,5135
CONS-0017-0052,CUST-0017,2026-03-02,3662,3769,7711
CONS-0017-0053,CUST-0017,2026-02-23,3821,9705,8880
CONS-0017-0054,CUST-0017,2026-03-06,3388,5301,1513
CONS-0017-0055,CUST-0017,2026-05-06,4250,7984,8126
CONS-0017-0056,CUST-0017,2026-05-09,3315,7498,8519
CONS-0017-0057,CUST-0017,2026-05-02,846,9680,5111
CONS-0017-0058,CUST-0017,2026-03-17,2311,1510,3830
CONS-0017-0059,CUST-0017,2026-02-11,1531,9550,8026
CONS-0017-0060,CUST-0017,2026-05-08,2622,2993,7830
CONS-0017-0061,CUST-0017,2026-03-07,2691,5673,7144
CONS-0017-0062,CUST-0017,2026-03-15,2481,9746,3219
CONS-0017-0063,CUST-0017,2026-04-21,1403,8476,6090
CONS-0017-0064,CUST-0017,2026-02-14,1225,8875,9334
CONS-0017-0065,CUST-0017,2026-02-10,2345,8158,4133
CONS-0017-0066,CUST-0017,2026-04-02,2574,5744,6409
CONS-0017-0067,CUST-0017,2026-03-04,4054,5328,6452
CONS-0017-0068,CUST-0017,2026-03-03,4457,9467,7378
CONS-0017-0069,CUST-0017,2026-02-23,696,8295,2958
CONS-0017-0070,CUST-0017,2026-02-17,4334,6083,5855
CONS-0017-0071,CUST-0017,2026-05-06,4131,5820,1822
CONS-0017-0072,CUST-0017,2026-03-30,2706,5816,3173
CONS-0017-0073,CUST-0017,2026-02-15,4260,2507,7267
CONS-0018-0000,CUST-0018,2026-04-02,194,937,876
CONS-0018-0001,CUST-0018,2026-03-28,172,503,226
CONS-0018-0002,CUST-0018,2026-03-11,239,199,560
CONS-0018-0003,CUST-0018,2026-03-21,337,520,622
CONS-0018-0004,CUST-0018,2026-05-08,330,583,156
CONS-0018-0005,CUST-0018,2026-03-03,147,684,349
CONS-0018-0006,CUST-0018,2026-02-26,277,167,519
CONS-0018-0007,CUST-0018,2026-04-18,104,981,313
CONS-0018-0008,CUST-0018,2026-03-18,264,614,379
CONS-0018-0009,CUST-0018,2026-04-20,106,697,342
CONS-0018-0010,CUST-0018,2026-02-24,269,252,535
CONS-0018-0011,CUST-0018,2026-05-07,265,485,350
CONS-0018-0012,CUST-0018,2026-04-21,71,530,787
CONS-0018-0013,CUST-0018,2026-04-26,100,834,142
CONS-0018-0014,CUST-0018,2026-03-31,52,223,905
CONS-0018-0015,CUST-0018,2026-03-25,171,121,896
CONS-0018-0016,CUST-0018,2026-02-19,114,554,845
CONS-0018-0017,CUST-0018,2026-05-03,182,659,739
CONS-0018-0018,CUST-0018,2026-04-22,174,583,782
CONS-0018-0019,CUST-0018,2026-03-20,134,775,366
CONS-0018-0020,CUST-0018,2026-03-04,44,399,140
CONS-0018-0021,CUST-0018,2026-03-18,144,947,280
CONS-0018-0022,CUST-0018,2026-04-03,247,443,736
CONS-0018-0023,CUST-0018,2026-04-25,81,789,374
CONS-0018-0024,CUST-0018,2026-04-25,119,286,985
CONS-0018-0025,CUST-0018,2026-03-31,196,352,642
CONS-0018-0026,CUST-0018,2026-04-30,298,243,517
CONS-0018-0027,CUST-0018,2026-03-29,266,878,777
CONS-0018-0028,CUST-0018,2026-04-07,268,595,315
CONS-0018-0029,CUST-0018,2026-04-07,223,352,519
CONS-0018-0030,CUST-0018,2026-03-11,280,403,670
CONS-0019-0000,CUST-0019,2026-04-08,16603,49628,41476
CONS-0019-0001,CUST-0019,2026-03-26,11296,27599,19975
CONS-0019-0002,CUST-0019,2026-02-15,10843,30718,70932
CONS-0019-0003,CUST-0019,2026-03-21,21109,40963,45643
CONS-0019-0004,CUST-0019,2026-03-05,18067,20641,85882
CONS-0019-0005,CUST-0019,2026-04-28,19579,28348,56233
CONS-0019-0006,CUST-0019,2026-03-28,7506,12187,95494
CONS-0019-0007,CUST-0019,2026-02-22,16155,33100,63122
CONS-0019-0008,CUST-0019,2026-03-12,21175,38835,11866
CONS-0019-0009,CUST-0019,2026-02-24,23001,12457,85673
CONS-0019-0010,CUST-0019,2026-04-15,10473,13033,25320
CONS-0019-0011,CUST-0019,2026-04-25,13576,12242,49125
CONS-0019-0012,CUST-0019,2026-02-11,22167,45236,66538
CONS-0019-0013,CUST-0019,2026-03-30,20763,18048,56447
CONS-0019-0014,CUST-0019,2026-05-05,21945,43715,46945
CONS-0019-0015,CUST-0019,2026-02-17,24970,27214,68235
CONS-0019-0016,CUST-0019,2026-03-03,27655,38832,33139
CONS-0019-0017,CUST-0019,2026-05-01,11958,49857,47415
CONS-0019-0018,CUST-0019,2026-03-31,16833,42917,84033
CONS-0019-0019,CUST-0019,2026-02-23,21163,24002,63437
CONS-0019-0020,CUST-0019,2026-03-12,28726,40634,22881
CONS-0019-0021,CUST-0019,2026-02-23,20479,19636,45530
CONS-0019-0022,CUST-0019,2026-04-28,11188,26178,71976
CONS-0019-0023,CUST-0019,2026-05-05,14286,22059,68623
CONS-0019-0024,CUST-0019,2026-03-06,8853,41860,91499
CONS-0019-0025,CUST-0019,2026-02-13,16357,48752,75824
CONS-0019-0026,CUST-0019,2026-03-13,21705,18547,76430
CONS-0019-0027,CUST-0019,2026-03-03,13941,49316,51375
CONS-0019-0028,CUST-0019,2026-03-10,29211,42563,16924
CONS-0019-0029,CUST-0019,2026-04-02,22822,39225,38972
CONS-0019-0030,CUST-0019,2026-05-06,28071,32409,63954
CONS-0019-0031,CUST-0019,2026-04-06,14551,35111,98475
CONS-0019-0032,CUST-0019,2026-04-08,28950,12787,72841
CONS-0019-0033,CUST-0019,2026-03-25,19786,34616,84909
CONS-0019-0034,CUST-0019,2026-04-17,25770,37198,65430
CONS-0019-0035,CUST-0019,2026-03-10,7566,17466,60870
CONS-0019-0036,CUST-0019,2026-04-30,24052,30196,40917
CONS-0019-0037,CUST-0019,2026-05-08,10987,31845,90170
CONS-0019-0038,CUST-0019,2026-04-23,20908,11443,94191
CONS-0019-0039,CUST-0019,2026-03-18,14728,49225,11885
CONS-0019-0040,CUST-0019,2026-03-27,22362,16955,96725
CONS-0019-0041,CUST-0019,2026-04-14,23356,49568,41375
CONS-0019-0042,CUST-0019,2026-03-30,8890,23946,41488
CONS-0019-0043,CUST-0019,2026-03-04,26395,19354,20133
CONS-0019-0044,CUST-0019,2026-02-20,23851,36757,89584
CONS-0019-0045,CUST-0019,2026-02-19,17466,43862,26514
CONS-0019-0046,CUST-0019,2026-03-19,23944,22942,12006
CONS-0019-0047,CUST-0019,2026-05-09,14172,43162,81544
CONS-0019-0048,CUST-0019,2026-03-07,16564,29608,30027
CONS-0019-0049,CUST-0019,2026-04-25,8230,39180,25555
CONS-0019-0050,CUST-0019,2026-04-05,13759,41814,25881
CONS-0019-0051,CUST-0019,2026-04-26,10831,27060,75256
CONS-0019-0052,CUST-0019,2026-02-15,23668,20250,60586
CONS-0019-0053,CUST-0019,2026-04-05,29638,16981,17698
CONS-0019-0054,CUST-0019,2026-05-07,14046,28236,27287
CONS-0019-0055,CUST-0019,2026-04-07,10453,20957,69845
CONS-0019-0056,CUST-0019,2026-02-26,19731,41749,53851
CONS-0019-0057,CUST-0019,2026-02-14,20730,49122,54620
CONS-0019-0058,CUST-0019,2026-02-16,9465,44692,69667
CONS-0019-0059,CUST-0019,2026-04-10,10905,45394,10036
CONS-0019-0060,CUST-0019,2026-02-15,12999,29753,72463
CONS-0019-0061,CUST-0019,2026-03-16,12999,43121,83373
CONS-0019-0062,CUST-0019,2026-04-15,24463,45653,30421
CONS-0019-0063,CUST-0019,2026-03-15,7975,46924,17578
CONS-0019-0064,CUST-0019,2026-03-10,15471,14297,17746
CONS-0019-0065,CUST-0019,2026-03-17,22995,41968,37525
CONS-0019-0066,CUST-0019,2026-03-11,22066,28901,89845
CONS-0020-0000,CUST-0020,2026-04-19,685,371,994
CONS-0020-0001,CUST-0020,2026-02-21,220,473,690
CONS-0020-0002,CUST-0020,2026-05-10,96,469,172
CONS-0020-0003,CUST-0020,2026-05-02,408,968,423
CONS-0020-0004,CUST-0020,2026-04-23,459,952,416
CONS-0020-0005,CUST-0020,2026-04-10,658,713,566
CONS-0020-0006,CUST-0020,2026-03-10,652,487,115
CONS-0020-0007,CUST-0020,2026-03-23,150,131,316
CONS-0020-0008,CUST-0020,2026-04-01,124,829,419
CONS-0020-0009,CUST-0020,2026-03-07,216,981,979
CONS-0020-0010,CUST-0020,2026-04-15,750,799,760
CONS-0020-0011,CUST-0020,2026-03-01,484,167,557
CONS-0020-0012,CUST-0020,2026-03-14,403,334,945
CONS-0020-0013,CUST-0020,2026-04-08,750,880,710
CONS-0020-0014,CUST-0020,2026-04-20,732,484,307
CONS-0020-0015,CUST-0020,2026-05-05,171,508,272
CONS-0020-0016,CUST-0020,2026-03-21,76,558,824
CONS-0020-0017,CUST-0020,2026-04-22,387,644,718
CONS-0020-0018,CUST-0020,2026-02-24,499,468,237
CONS-0020-0019,CUST-0020,2026-04-05,279,139,989
CONS-0020-0020,CUST-0020,2026-02-18,577,564,967
CONS-0020-0021,CUST-0020,2026-03-16,354,311,546
CONS-0020-0022,CUST-0020,2026-02-26,448,963,504
CONS-0020-0023,CUST-0020,2026-04-01,208,262,528
CONS-0020-0024,CUST-0020,2026-04-06,199,586,101
CONS-0020-0025,CUST-0020,2026-03-23,585,760,860
CONS-0020-0026,CUST-0020,2026-04-29,445,816,467
CONS-0020-0027,CUST-0020,2026-04-07,432,213,963
CONS-0020-0028,CUST-0020,2026-03-16,633,537,845
CONS-0020-0029,CUST-0020,2026-02-12,303,672,161
CONS-0020-0030,CUST-0020,2026-02-24,682,609,800
CONS-0020-0031,CUST-0020,2026-04-17,480,840,175
CONS-0020-0032,CUST-0020,2026-03-26,367,776,385
CONS-0020-0033,CUST-0020,2026-03-28,213,435,422
CONS-0020-0034,CUST-0020,2026-02-12,663,719,995
CONS-0020-0035,CUST-0020,2026-04-13,357,664,946
CONS-0020-0036,CUST-0020,2026-04-25,739,676,523
CONS-0020-0037,CUST-0020,2026-04-06,642,191,599
CONS-0020-0038,CUST-0020,2026-02-17,115,558,107
CONS-0020-0039,CUST-0020,2026-02-23,643,586,204
CONS-0020-0040,CUST-0020,2026-03-15,529,875,822
CONS-0020-0041,CUST-0020,2026-05-08,258,145,732
CONS-0020-0042,CUST-0020,2026-03-12,280,132,844
CONS-0020-0043,CUST-0020,2026-04-09,226,159,663
CONS-0020-0044,CUST-0020,2026-03-28,463,596,735
CONS-0020-0045,CUST-0020,2026-04-21,457,333,491
CONS-0020-0046,CUST-0020,2026-04-20,361,713,927
CONS-0020-0047,CUST-0020,2026-04-24,502,140,824
CONS-0020-0048,CUST-0020,2026-04-30,544,931,997
CONS-0020-0049,CUST-0020,2026-03-03,214,400,142
CONS-0020-0050,CUST-0020,2026-03-03,730,159,396
CONS-0020-0051,CUST-0020,2026-02-23,376,302,149
CONS-0020-0052,CUST-0020,2026-03-05,316,191,767
CONS-0020-0053,CUST-0020,2026-03-12,157,640,642
CONS-0020-0054,CUST-0020,2026-04-06,538,648,473
CONS-0020-0055,CUST-0020,2026-03-27,633,719,186
CONS-0020-0056,CUST-0020,2026-05-04,123,809,135
CONS-0020-0057,CUST-0020,2026-04-04,186,876,144
CONS-0020-0058,CUST-0020,2026-04-16,405,129,657
CONS-0020-0059,CUST-0020,2026-04-22,210,290,326
CONS-0021-0000,CUST-0021,2026-03-07,207,592,709
CONS-0021-0001,CUST-0021,2026-05-10,317,487,458
CONS-0021-0002,CUST-0021,2026-03-01,125,762,418
CONS-0021-0003,CUST-0021,2026-04-08,165,381,571
CONS-0021-0004,CUST-0021,2026-02-10,207,508,240
CONS-0021-0005,CUST-0021,2026-03-22,196,404,915
CONS-0021-0006,CUST-0021,2026-04-05,280,621,901
CONS-0021-0007,CUST-0021,2026-04-14,328,503,229
CONS-0021-0008,CUST-0021,2026-04-27,185,600,484
CONS-0021-0009,CUST-0021,2026-03-07,305,528,649
CONS-0021-0010,CUST-0021,2026-03-08,300,201,126
CONS-0021-0011,CUST-0021,2026-04-12,356,325,346
CONS-0021-0012,CUST-0021,2026-02-21,445,585,879
CONS-0021-0013,CUST-0021,2026-04-22,144,897,629
CONS-0021-0014,CUST-0021,2026-02-19,68,387,750
CONS-0021-0015,CUST-0021,2026-03-31,316,220,984
CONS-0021-0016,CUST-0021,2026-03-19,270,427,282
CONS-0021-0017,CUST-0021,2026-03-16,59,785,448
CONS-0021-0018,CUST-0021,2026-05-07,114,208,240
CONS-0021-0019,CUST-0021,2026-03-12,433,889,970
CONS-0021-0020,CUST-0021,2026-04-25,110,483,233
CONS-0021-0021,CUST-0021,2026-04-01,231,783,669
CONS-0021-0022,CUST-0021,2026-04-24,317,207,935
CONS-0021-0023,CUST-0021,2026-03-30,304,448,696
CONS-0021-0024,CUST-0021,2026-03-12,392,749,661
CONS-0021-0025,CUST-0021,2026-03-14,317,396,355
CONS-0021-0026,CUST-0021,2026-02-21,467,276,987
CONS-0021-0027,CUST-0021,2026-02-11,188,109,411
CONS-0021-0028,CUST-0021,2026-05-07,249,163,964
CONS-0021-0029,CUST-0021,2026-05-04,298,413,577
CONS-0021-0030,CUST-0021,2026-03-28,444,137,782
CONS-0021-0031,CUST-0021,2026-04-11,386,224,937
CONS-0021-0032,CUST-0021,2026-02-28,483,170,761
CONS-0021-0033,CUST-0021,2026-04-23,409,445,390
CONS-0021-0034,CUST-0021,2026-03-13,143,948,722
CONS-0021-0035,CUST-0021,2026-03-08,103,184,888
CONS-0021-0036,CUST-0021,2026-05-05,298,260,871
CONS-0021-0037,CUST-0021,2026-04-13,83,660,171
CONS-0021-0038,CUST-0021,2026-05-08,377,807,510
CONS-0021-0039,CUST-0021,2026-02-18,291,151,313
CONS-0021-0040,CUST-0021,2026-04-01,347,267,654
CONS-0021-0041,CUST-0021,2026-04-19,185,730,985
CONS-0021-0042,CUST-0021,2026-02-27,168,380,849
CONS-0021-0043,CUST-0021,2026-04-16,130,148,968
CONS-0021-0044,CUST-0021,2026-03-01,124,253,398
CONS-0021-0045,CUST-0021,2026-03-28,418,533,650
CONS-0021-0046,CUST-0021,2026-04-21,305,279,441
CONS-0021-0047,CUST-0021,2026-04-24,328,570,531
CONS-0021-0048,CUST-0021,2026-05-10,155,705,883
CONS-0021-0049,CUST-0021,2026-04-27,197,501,780
CONS-0021-0050,CUST-0021,2026-03-02,97,878,866
CONS-0021-0051,CUST-0021,2026-03-04,186,172,306
CONS-0021-0052,CUST-0021,2026-03-27,323,176,766
CONS-0021-0053,CUST-0021,2026-04-28,149,141,793
CONS-0021-0054,CUST-0021,2026-03-04,287,322,727
CONS-0021-0055,CUST-0021,2026-03-27,432,773,637
CONS-0021-0056,CUST-0021,2026-04-27,225,217,644
CONS-0021-0057,CUST-0021,2026-04-01,491,104,752
CONS-0021-0058,CUST-0021,2026-03-06,163,582,615
CONS-0021-0059,CUST-0021,2026-04-12,274,648,896
CONS-0021-0060,CUST-0021,2026-03-05,338,258,714
CONS-0021-0061,CUST-0021,2026-03-16,367,197,742
CONS-0021-0062,CUST-0021,2026-02-23,193,704,811
CONS-0021-0063,CUST-0021,2026-04-01,120,726,568
CONS-0021-0064,CUST-0021,2026-04-17,108,748,158
CONS-0021-0065,CUST-0021,2026-04-25,129,657,472
CONS-0022-0000,CUST-0022,2026-04-26,4018,9965,8823
CONS-0022-0001,CUST-0022,2026-04-23,1370,5026,9344
CONS-0022-0002,CUST-0022,2026-03-19,1257,1299,1545
CONS-0022-0003,CUST-0022,2026-03-04,2108,9499,8094
CONS-0022-0004,CUST-0022,2026-04-01,1059,5192,3558
CONS-0022-0005,CUST-0022,2026-02-10,3347,9047,1637
CONS-0022-0006,CUST-0022,2026-03-06,4822,6037,7636
CONS-0022-0007,CUST-0022,2026-05-01,2316,2843,3494
CONS-0022-0008,CUST-0022,2026-02-28,2696,9213,2240
CONS-0022-0009,CUST-0022,2026-02-26,3186,4136,4535
CONS-0022-0010,CUST-0022,2026-04-01,3750,1143,7985
CONS-0022-0011,CUST-0022,2026-03-08,3385,1961,5890
CONS-0022-0012,CUST-0022,2026-04-06,1933,3074,5597
CONS-0022-0013,CUST-0022,2026-03-25,1366,8233,4066
CONS-0022-0014,CUST-0022,2026-02-16,3681,7281,4986
CONS-0022-0015,CUST-0022,2026-03-06,3120,3558,8335
CONS-0022-0016,CUST-0022,2026-04-11,2959,2104,3704
CONS-0022-0017,CUST-0022,2026-03-19,762,6880,4841
CONS-0022-0018,CUST-0022,2026-03-09,4266,8242,2473
CONS-0022-0019,CUST-0022,2026-02-20,2647,1256,4755
CONS-0022-0020,CUST-0022,2026-04-08,4109,6405,5302
CONS-0022-0021,CUST-0022,2026-03-21,771,3810,1780
CONS-0022-0022,CUST-0022,2026-04-22,2235,2318,4798
CONS-0022-0023,CUST-0022,2026-05-07,2166,3318,9610
CONS-0022-0024,CUST-0022,2026-04-01,4067,5848,5801
CONS-0022-0025,CUST-0022,2026-04-09,4519,3794,1668
CONS-0022-0026,CUST-0022,2026-03-31,2432,9267,8830
CONS-0022-0027,CUST-0022,2026-04-15,3591,6830,7708
CONS-0022-0028,CUST-0022,2026-04-28,3830,9818,8308
CONS-0022-0029,CUST-0022,2026-05-04,995,6078,4431
CONS-0022-0030,CUST-0022,2026-04-19,3894,2227,5417
CONS-0022-0031,CUST-0022,2026-03-31,4727,2522,8255
CONS-0022-0032,CUST-0022,2026-02-23,3668,2844,5130
CONS-0022-0033,CUST-0022,2026-04-19,3775,3853,1623
CONS-0022-0034,CUST-0022,2026-05-03,1499,5352,5935
CONS-0022-0035,CUST-0022,2026-03-13,3246,7677,9955
CONS-0022-0036,CUST-0022,2026-05-07,3679,8893,8797
CONS-0022-0037,CUST-0022,2026-03-25,2375,8556,2891
CONS-0022-0038,CUST-0022,2026-02-21,4606,3435,6274
CONS-0022-0039,CUST-0022,2026-02-26,4054,5143,2192
CONS-0022-0040,CUST-0022,2026-03-09,2830,4577,5768
CONS-0022-0041,CUST-0022,2026-04-05,4997,7622,1439
CONS-0022-0042,CUST-0022,2026-02-16,2142,6253,7070
CONS-0022-0043,CUST-0022,2026-03-20,4644,7807,9223
CONS-0022-0044,CUST-0022,2026-03-17,3335,5761,2606
CONS-0022-0045,CUST-0022,2026-03-04,603,9735,9752
CONS-0022-0046,CUST-0022,2026-05-04,1809,1701,4528
CONS-0022-0047,CUST-0022,2026-03-21,3399,9221,3001
CONS-0022-0048,CUST-0022,2026-05-03,3060,7382,2273
CONS-0022-0049,CUST-0022,2026-03-25,1698,6324,5362
CONS-0022-0050,CUST-0022,2026-03-22,694,5836,1053
CONS-0022-0051,CUST-0022,2026-03-27,2414,1780,5545
CONS-0022-0052,CUST-0022,2026-04-24,2006,9901,6397
CONS-0022-0053,CUST-0022,2026-04-05,4008,6119,9481
CONS-0022-0054,CUST-0022,2026-03-04,932,8850,5711
CONS-0022-0055,CUST-0022,2026-04-02,2725,7879,5615
CONS-0022-0056,CUST-0022,2026-05-04,2697,8738,8669
CONS-0022-0057,CUST-0022,2026-05-02,784,9750,5232
CONS-0022-0058,CUST-0022,2026-02-11,2449,8744,4228
CONS-0022-0059,CUST-0022,2026-03-15,3981,7648,2747
CONS-0022-0060,CUST-0022,2026-04-13,4130,2206,6207
CONS-0022-0061,CUST-0022,2026-03-11,4816,1940,4671
CONS-0022-0062,CUST-0022,2026-03-26,2848,3708,4445
CONS-0022-0063,CUST-0022,2026-02-18,2517,5117,6646
CONS-0022-0064,CUST-0022,2026-02-13,2426,4997,9453
CONS-0022-0065,CUST-0022,2026-02-14,3470,6824,9191
CONS-0022-0066,CUST-0022,2026-04-02,613,7981,8712
CONS-0022-0067,CUST-0022,2026-02-26,3623,2279,2366
CONS-0022-0068,CUST-0022,2026-02-28,1614,3741,7943
CONS-0022-0069,CUST-0022,2026-03-15,1746,4522,1447
CONS-0022-0070,CUST-0022,2026-02-28,4031,5638,1646
CONS-0022-0071,CUST-0022,2026-02-18,2465,6976,3947
CONS-0022-0072,CUST-0022,2026-03-14,4124,3702,1642
CONS-0022-0073,CUST-0022,2026-03-18,3031,8425,5731
CONS-0022-0074,CUST-0022,2026-03-20,4328,8074,6193
CONS-0022-0075,CUST-0022,2026-03-09,4551,1919,2769
CONS-0022-0076,CUST-0022,2026-03-06,2770,5779,5508
CONS-0022-0077,CUST-0022,2026-04-14,4840,5440,8346
CONS-0022-0078,CUST-0022,2026-03-29,4787,8627,3905
CONS-0022-0079,CUST-0022,2026-02-11,4880,7158,8876
CONS-0022-0080,CUST-0022,2026-03-11,1904,6948,4031
CONS-0022-0081,CUST-0022,2026-02-17,1275,5380,9344
CONS-0022-0082,CUST-0022,2026-04-05,2000,9935,3460
CONS-0022-0083,CUST-0022,2026-02-18,2877,5296,9182
CONS-0023-0000,CUST-0023,2026-03-03,993,3399,7812
CONS-0023-0001,CUST-0023,2026-03-10,2851,8922,1082
CONS-0023-0002,CUST-0023,2026-04-09,7033,1451,8500
CONS-0023-0003,CUST-0023,2026-04-21,3346,6819,9458
CONS-0023-0004,CUST-0023,2026-02-16,1353,2506,4987
CONS-0023-0005,CUST-0023,2026-03-26,5649,1339,8432
CONS-0023-0006,CUST-0023,2026-03-14,3490,5828,7386
CONS-0023-0007,CUST-0023,2026-02-21,2524,8553,5561
CONS-0023-0008,CUST-0023,2026-05-01,778,5370,8120
CONS-0023-0009,CUST-0023,2026-03-14,5613,8774,5350
CONS-0023-0010,CUST-0023,2026-05-05,1963,8822,2132
CONS-0023-0011,CUST-0023,2026-03-28,2238,2360,3522
CONS-0023-0012,CUST-0023,2026-03-31,1996,4781,7170
CONS-0023-0013,CUST-0023,2026-05-02,6106,4741,7852
CONS-0023-0014,CUST-0023,2026-03-27,7002,2590,2739
CONS-0023-0015,CUST-0023,2026-02-21,3858,7773,8195
CONS-0023-0016,CUST-0023,2026-04-19,2107,6551,5330
CONS-0023-0017,CUST-0023,2026-03-20,5691,3875,9393
CONS-0023-0018,CUST-0023,2026-03-25,2665,5062,1821
CONS-0023-0019,CUST-0023,2026-05-04,7318,6377,9723
CONS-0023-0020,CUST-0023,2026-03-22,4921,9522,9093
CONS-0023-0021,CUST-0023,2026-04-27,2571,6853,2795
CONS-0023-0022,CUST-0023,2026-03-11,7413,4314,1799
CONS-0023-0023,CUST-0023,2026-04-19,3903,4917,9877
CONS-0023-0024,CUST-0023,2026-05-10,1981,8383,1173
CONS-0023-0025,CUST-0023,2026-05-08,1492,5632,4664
CONS-0023-0026,CUST-0023,2026-02-27,5590,9680,7051
CONS-0023-0027,CUST-0023,2026-03-26,5869,5849,3484
CONS-0023-0028,CUST-0023,2026-03-15,1426,3052,6900
CONS-0023-0029,CUST-0023,2026-04-08,6039,4078,7039
CONS-0023-0030,CUST-0023,2026-05-06,5113,1016,4614
CONS-0023-0031,CUST-0023,2026-03-25,2491,4889,4272
CONS-0023-0032,CUST-0023,2026-04-04,1647,2422,5075
CONS-0023-0033,CUST-0023,2026-03-22,6652,5792,7932
CONS-0023-0034,CUST-0023,2026-03-10,1218,8673,7697
CONS-0023-0035,CUST-0023,2026-04-03,2455,9545,9393
CONS-0023-0036,CUST-0023,2026-02-10,5725,2498,7063
CONS-0023-0037,CUST-0023,2026-02-28,1929,1471,3594
CONS-0023-0038,CUST-0023,2026-04-30,949,6249,4466
CONS-0023-0039,CUST-0023,2026-05-07,4045,4404,7239
CONS-0023-0040,CUST-0023,2026-04-26,7179,4682,6675
CONS-0023-0041,CUST-0023,2026-05-01,5169,7309,5366
CONS-0023-0042,CUST-0023,2026-03-20,7219,2203,2525
CONS-0023-0043,CUST-0023,2026-04-17,1840,2097,5810
CONS-0023-0044,CUST-0023,2026-04-19,6066,2912,7114
CONS-0023-0045,CUST-0023,2026-04-24,6390,6448,8917
CONS-0023-0046,CUST-0023,2026-04-13,1843,3726,6234
CONS-0023-0047,CUST-0023,2026-03-18,6579,3937,4795
CONS-0023-0048,CUST-0023,2026-04-05,2956,7903,1015
CONS-0023-0049,CUST-0023,2026-03-10,7165,9415,3344
CONS-0023-0050,CUST-0023,2026-05-05,6756,9325,6213
CONS-0023-0051,CUST-0023,2026-04-14,6789,4844,2707
CONS-0024-0000,CUST-0024,2026-03-18,75791,85204,424062
CONS-0024-0001,CUST-0024,2026-03-07,41785,312669,431216
CONS-0024-0002,CUST-0024,2026-03-28,96781,232306,856139
CONS-0024-0003,CUST-0024,2026-03-25,24228,256568,715130
CONS-0024-0004,CUST-0024,2026-04-11,31519,294386,245621
CONS-0024-0005,CUST-0024,2026-05-02,75706,491794,251267
CONS-0024-0006,CUST-0024,2026-02-11,68346,461795,422877
CONS-0024-0007,CUST-0024,2026-04-03,26479,392118,114925
CONS-0024-0008,CUST-0024,2026-03-09,55896,498009,763007
CONS-0024-0009,CUST-0024,2026-02-23,25392,359963,173751
CONS-0024-0010,CUST-0024,2026-03-03,67358,206653,173260
CONS-0024-0011,CUST-0024,2026-04-12,26433,285080,835639
CONS-0024-0012,CUST-0024,2026-04-25,46660,223356,100093
CONS-0024-0013,CUST-0024,2026-03-24,87584,471779,606370
CONS-0024-0014,CUST-0024,2026-03-11,27840,485701,960968
CONS-0024-0015,CUST-0024,2026-02-14,25129,66069,178514
CONS-0024-0016,CUST-0024,2026-04-03,21763,486394,788369
CONS-0024-0017,CUST-0024,2026-04-11,99736,427585,860385
CONS-0024-0018,CUST-0024,2026-02-15,44782,192775,619540
CONS-0024-0019,CUST-0024,2026-05-01,32047,319949,477101
CONS-0024-0020,CUST-0024,2026-03-31,63931,347421,126363
CONS-0024-0021,CUST-0024,2026-04-05,98880,298319,694878
CONS-0024-0022,CUST-0024,2026-04-05,44917,445668,405293
CONS-0024-0023,CUST-0024,2026-04-02,52180,248981,445972
CONS-0024-0024,CUST-0024,2026-03-25,31623,318663,525970
CONS-0024-0025,CUST-0024,2026-02-20,72367,206953,269287
CONS-0024-0026,CUST-0024,2026-04-29,82532,451066,334324
CONS-0024-0027,CUST-0024,2026-02-13,72453,418680,271798
CONS-0024-0028,CUST-0024,2026-04-09,80279,392287,341187
CONS-0024-0029,CUST-0024,2026-03-09,73844,297302,476224
CONS-0024-0030,CUST-0024,2026-03-31,88363,61227,787853
CONS-0024-0031,CUST-0024,2026-04-19,73992,173792,141648
CONS-0024-0032,CUST-0024,2026-03-28,34213,240062,652542
CONS-0024-0033,CUST-0024,2026-04-29,97486,317982,517771
CONS-0024-0034,CUST-0024,2026-02-14,87771,183893,784877
CONS-0024-0035,CUST-0024,2026-04-07,80548,354816,463747
CONS-0024-0036,CUST-0024,2026-03-11,92428,491780,521810
CONS-0024-0037,CUST-0024,2026-02-28,87880,271880,724734
CONS-0024-0038,CUST-0024,2026-02-17,22955,311336,550562
CONS-0024-0039,CUST-0024,2026-04-06,70324,261869,700460
CONS-0024-0040,CUST-0024,2026-04-30,65214,95690,384882
CONS-0024-0041,CUST-0024,2026-04-16,20007,424113,443324
CONS-0024-0042,CUST-0024,2026-05-08,97130,226539,304612
CONS-0024-0043,CUST-0024,2026-02-10,94399,233130,338113
CONS-0024-0044,CUST-0024,2026-03-05,66274,114900,495390
CONS-0024-0045,CUST-0024,2026-02-22,39535,201720,858654
CONS-0024-0046,CUST-0024,2026-04-04,79603,226981,381439
CONS-0024-0047,CUST-0024,2026-03-17,54908,225888,249369
CONS-0024-0048,CUST-0024,2026-03-06,84435,54086,842468
CONS-0024-0049,CUST-0024,2026-04-24,21267,252450,121471
CONS-0024-0050,CUST-0024,2026-03-20,50358,221595,279144
CONS-0024-0051,CUST-0024,2026-03-08,57164,462346,242683
CONS-0024-0052,CUST-0024,2026-05-09,94340,224140,736393
CONS-0024-0053,CUST-0024,2026-05-10,52939,433134,483579
CONS-0024-0054,CUST-0024,2026-05-07,79518,389346,330471
CONS-0024-0055,CUST-0024,2026-04-03,88606,369841,443683
CONS-0024-0056,CUST-0024,2026-03-21,71994,175750,735535
CONS-0024-0057,CUST-0024,2026-04-02,48377,180182,585194
CONS-0024-0058,CUST-0024,2026-04-26,70930,261599,422870
CONS-0024-0059,CUST-0024,2026-03-16,24265,247118,949901
CONS-0024-0060,CUST-0024,2026-02-23,83565,193009,372268
CONS-0024-0061,CUST-0024,2026-04-05,55004,352390,817629
CONS-0024-0062,CUST-0024,2026-04-14,94580,229128,388856
CONS-0024-0063,CUST-0024,2026-04-06,83519,451667,523859
CONS-0024-0064,CUST-0024,2026-02-11,33339,274534,355306
CONS-0024-0065,CUST-0024,2026-03-24,36566,348689,932873
CONS-0024-0066,CUST-0024,2026-02-21,67111,453364,620514
CONS-0024-0067,CUST-0024,2026-02-18,51193,326319,397123
CONS-0024-0068,CUST-0024,2026-03-23,47142,132021,570183
CONS-0024-0069,CUST-0024,2026-04-24,21959,426540,157225
CONS-0024-0070,CUST-0024,2026-04-14,99806,95861,378525
CONS-0024-0071,CUST-0024,2026-04-27,96881,189771,491573
CONS-0024-0072,CUST-0024,2026-05-01,76551,432641,730080
CONS-0024-0073,CUST-0024,2026-03-02,93193,372352,150799
CONS-0024-0074,CUST-0024,2026-02-27,66672,234451,179190
CONS-0024-0075,CUST-0024,2026-03-18,92869,51668,406871
CONS-0024-0076,CUST-0024,2026-03-05,54517,261648,864975
CONS-0024-0077,CUST-0024,2026-03-26,55410,471666,947822
CONS-0024-0078,CUST-0024,2026-05-07,46406,300541,427924
CONS-0024-0079,CUST-0024,2026-03-09,88241,140332,138160
CONS-0024-0080,CUST-0024,2026-03-11,31860,96043,804480
CONS-0024-0081,CUST-0024,2026-04-28,50916,91922,676870
CONS-0024-0082,CUST-0024,2026-03-29,91659,463247,540919
CONS-0024-0083,CUST-0024,2026-03-03,60285,391402,627135
CONS-0025-0000,CUST-0025,2026-05-01,420,2808,3245
CONS-0025-0001,CUST-0025,2026-03-07,364,3991,5613
CONS-0025-0002,CUST-0025,2026-02-17,1931,4192,9247
CONS-0025-0003,CUST-0025,2026-03-14,744,2684,8336
CONS-0025-0004,CUST-0025,2026-04-07,944,8506,4529
CONS-0025-0005,CUST-0025,2026-02-13,1978,6812,2063
CONS-0025-0006,CUST-0025,2026-03-13,1418,9478,1992
CONS-0025-0007,CUST-0025,2026-04-27,3437,2802,9527
CONS-0025-0008,CUST-0025,2026-02-17,1511,3795,1684
CONS-0025-0009,CUST-0025,2026-04-08,701,9113,1282
CONS-0025-0010,CUST-0025,2026-02-15,1578,5351,2807
CONS-0025-0011,CUST-0025,2026-04-03,823,6368,7105
CONS-0025-0012,CUST-0025,2026-03-05,2880,7226,3092
CONS-0025-0013,CUST-0025,2026-04-08,516,8493,9059
CONS-0025-0014,CUST-0025,2026-03-06,489,5964,6202
CONS-0025-0015,CUST-0025,2026-02-27,2496,8099,9094
CONS-0025-0016,CUST-0025,2026-03-11,1404,9003,6805
CONS-0025-0017,CUST-0025,2026-02-26,3004,8254,2818
CONS-0025-0018,CUST-0025,2026-02-23,880,5626,9699
CONS-0025-0019,CUST-0025,2026-03-06,3369,1350,3654
CONS-0025-0020,CUST-0025,2026-05-05,1295,5045,7719
CONS-0025-0021,CUST-0025,2026-04-30,2935,8346,9592
CONS-0025-0022,CUST-0025,2026-04-04,1974,5165,8349
CONS-0025-0023,CUST-0025,2026-02-17,361,5842,1178
CONS-0025-0024,CUST-0025,2026-04-24,3147,4502,6855
CONS-0025-0025,CUST-0025,2026-02-28,1673,4492,3458
CONS-0025-0026,CUST-0025,2026-03-28,2312,5338,2033
CONS-0025-0027,CUST-0025,2026-03-17,1265,3146,2099
CONS-0025-0028,CUST-0025,2026-05-03,1313,6841,3443
CONS-0025-0029,CUST-0025,2026-03-08,880,8548,5631
CONS-0025-0030,CUST-0025,2026-05-04,1899,9146,2209
CONS-0025-0031,CUST-0025,2026-03-04,1479,7433,4302
CONS-0025-0032,CUST-0025,2026-04-19,2466,6151,3835
CONS-0025-0033,CUST-0025,2026-04-01,3008,3846,8212
CONS-0025-0034,CUST-0025,2026-03-15,2994,6218,4441
CONS-0025-0035,CUST-0025,2026-04-21,2711,6377,6691
CONS-0025-0036,CUST-0025,2026-05-04,500,9267,1058
CONS-0025-0037,CUST-0025,2026-04-30,3410,2770,1819
CONS-0025-0038,CUST-0025,2026-03-27,2102,7702,2528
CONS-0025-0039,CUST-0025,2026-03-08,2766,9542,2147
CONS-0025-0040,CUST-0025,2026-05-05,2423,4776,2822
CONS-0025-0041,CUST-0025,2026-04-14,1063,8527,9038
CONS-0025-0042,CUST-0025,2026-04-07,2669,6053,4463
CONS-0025-0043,CUST-0025,2026-02-17,3047,8030,1591
CONS-0025-0044,CUST-0025,2026-02-15,1059,4612,9726
CONS-0025-0045,CUST-0025,2026-02-23,3117,9871,7499
CONS-0025-0046,CUST-0025,2026-03-20,2136,2997,4999
CONS-0025-0047,CUST-0025,2026-04-16,1593,6916,6124
CONS-0025-0048,CUST-0025,2026-03-10,1645,2395,4714
CONS-0025-0049,CUST-0025,2026-04-10,2569,3365,6615
CONS-0025-0050,CUST-0025,2026-03-02,1598,1660,5106
CONS-0025-0051,CUST-0025,2026-04-24,919,8219,3949
CONS-0025-0052,CUST-0025,2026-04-23,2975,5949,8407
CONS-0025-0053,CUST-0025,2026-03-21,1868,9781,4386
CONS-0025-0054,CUST-0025,2026-05-08,3014,4585,5541
CONS-0025-0055,CUST-0025,2026-03-22,541,5162,1791
CONS-0025-0056,CUST-0025,2026-02-17,3199,1214,9399
CONS-0025-0057,CUST-0025,2026-04-15,1943,4069,7107
CONS-0025-0058,CUST-0025,2026-03-30,896,4170,6981
CONS-0025-0059,CUST-0025,2026-04-05,1596,8597,6079
CONS-0025-0060,CUST-0025,2026-04-09,2855,7058,4491
CONS-0025-0061,CUST-0025,2026-02-10,1470,6985,4513
CONS-0025-0062,CUST-0025,2026-02-20,1795,4940,9171
CONS-0025-0063,CUST-0025,2026-02-23,2711,6613,9368
CONS-0025-0064,CUST-0025,2026-04-28,2845,9038,5931
CONS-0025-0065,CUST-0025,2026-03-12,2609,1833,8918
CONS-0025-0066,CUST-0025,2026-03-04,3098,3986,5144
CONS-0025-0067,CUST-0025,2026-03-11,1746,4427,9860
CONS-0025-0068,CUST-0025,2026-03-18,3280,4631,6422
CONS-0025-0069,CUST-0025,2026-03-29,2566,7693,9626
CONS-0025-0070,CUST-0025,2026-05-04,2338,1971,4777
CONS-0025-0071,CUST-0025,2026-03-06,809,7164,7827
CONS-0025-0072,CUST-0025,2026-05-04,2607,3565,3666
CONS-0025-0073,CUST-0025,2026-04-04,2289,8061,4216
CONS-0025-0074,CUST-0025,2026-03-24,3180,1293,2357
CONS-0025-0075,CUST-0025,2026-05-02,3355,1345,8587
CONS-0025-0076,CUST-0025,2026-04-04,1565,3451,8605
CONS-0025-0077,CUST-0025,2026-03-31,879,1925,2812
CONS-0025-0078,CUST-0025,2026-02-27,2188,6409,3608
CONS-0025-0079,CUST-0025,2026-02-24,1816,1572,6617
CONS-0026-0000,CUST-0026,2026-04-30,51442,391200,963437
CONS-0026-0001,CUST-0026,2026-04-24,58498,478179,804929
CONS-0026-0002,CUST-0026,2026-04-21,39181,283962,253655
CONS-0026-0003,CUST-0026,2026-03-31,38066,87638,370012
CONS-0026-0004,CUST-0026,2026-03-18,55818,79565,932810
CONS-0026-0005,CUST-0026,2026-04-18,30974,364418,792000
CONS-0026-0006,CUST-0026,2026-03-02,44621,326228,471127
CONS-0026-0007,CUST-0026,2026-03-09,18796,486280,849345
CONS-0026-0008,CUST-0026,2026-04-16,59252,361338,580673
CONS-0026-0009,CUST-0026,2026-04-25,24008,463218,194111
CONS-0026-0010,CUST-0026,2026-03-24,48443,112219,123187
CONS-0026-0011,CUST-0026,2026-05-06,25712,272819,263347
CONS-0026-0012,CUST-0026,2026-02-27,19028,339764,250377
CONS-0026-0013,CUST-0026,2026-03-12,69675,205575,483440
CONS-0026-0014,CUST-0026,2026-03-13,48691,179980,872291
CONS-0026-0015,CUST-0026,2026-02-21,23549,179175,935705
CONS-0026-0016,CUST-0026,2026-02-14,68295,328367,103640
CONS-0026-0017,CUST-0026,2026-04-11,16473,233405,337050
CONS-0026-0018,CUST-0026,2026-02-26,29784,306238,540576
CONS-0026-0019,CUST-0026,2026-04-11,61745,320149,502298
CONS-0026-0020,CUST-0026,2026-04-24,50348,389031,707750
CONS-0026-0021,CUST-0026,2026-04-18,46843,426349,526025
CONS-0026-0022,CUST-0026,2026-02-26,66109,250774,610365
CONS-0026-0023,CUST-0026,2026-04-26,50688,455715,224847
CONS-0026-0024,CUST-0026,2026-03-31,14459,315480,870344
CONS-0026-0025,CUST-0026,2026-04-16,28005,409484,805327
CONS-0026-0026,CUST-0026,2026-05-02,37977,186301,831701
CONS-0026-0027,CUST-0026,2026-02-20,28266,450133,950324
CONS-0026-0028,CUST-0026,2026-03-12,57834,179153,788858
CONS-0026-0029,CUST-0026,2026-03-31,43042,181332,460255
CONS-0026-0030,CUST-0026,2026-03-30,56886,311745,808148
CONS-0026-0031,CUST-0026,2026-05-09,25753,100366,106929
CONS-0026-0032,CUST-0026,2026-03-17,29684,317803,983387
CONS-0026-0033,CUST-0026,2026-02-26,39141,317393,560760
CONS-0026-0034,CUST-0026,2026-04-15,30893,172971,862601
CONS-0026-0035,CUST-0026,2026-04-06,55187,388521,276716
CONS-0026-0036,CUST-0026,2026-04-11,56907,188439,104621
CONS-0026-0037,CUST-0026,2026-03-21,33849,342328,265058
CONS-0026-0038,CUST-0026,2026-02-17,68993,497782,761555
CONS-0026-0039,CUST-0026,2026-05-04,67990,322860,530992
CONS-0026-0040,CUST-0026,2026-02-17,61635,488241,821412
CONS-0026-0041,CUST-0026,2026-04-18,22215,294524,202451
CONS-0026-0042,CUST-0026,2026-05-10,42765,108093,178529
CONS-0026-0043,CUST-0026,2026-02-26,25534,354349,424153
CONS-0026-0044,CUST-0026,2026-02-11,37473,86144,628552
CONS-0026-0045,CUST-0026,2026-02-14,44761,445661,825483
CONS-0026-0046,CUST-0026,2026-05-10,23257,278167,367168
CONS-0026-0047,CUST-0026,2026-04-26,29066,408244,982658
CONS-0026-0048,CUST-0026,2026-04-24,67637,141714,183949
CONS-0026-0049,CUST-0026,2026-04-29,20344,372451,656579
CONS-0026-0050,CUST-0026,2026-04-24,36835,427654,117083
CONS-0026-0051,CUST-0026,2026-04-10,54509,461136,468409
CONS-0026-0052,CUST-0026,2026-02-27,52028,301447,330495
CONS-0026-0053,CUST-0026,2026-04-24,24183,88193,737703
CONS-0026-0054,CUST-0026,2026-03-14,52274,169881,686792
CONS-0026-0055,CUST-0026,2026-02-26,21343,180289,832239
CONS-0026-0056,CUST-0026,2026-03-04,17080,481619,530695
CONS-0026-0057,CUST-0026,2026-03-23,14934,255341,871065
CONS-0026-0058,CUST-0026,2026-02-11,34136,498276,879374
CONS-0026-0059,CUST-0026,2026-02-24,62083,437493,653281
CONS-0026-0060,CUST-0026,2026-04-15,69219,328227,466581
CONS-0026-0061,CUST-0026,2026-03-08,48232,253266,731348
CONS-0026-0062,CUST-0026,2026-04-18,23457,458613,447252
CONS-0026-0063,CUST-0026,2026-04-25,14577,328125,195877
CONS-0026-0064,CUST-0026,2026-04-15,69688,164577,301105
CONS-0026-0065,CUST-0026,2026-03-14,34085,204891,708138
CONS-0026-0066,CUST-0026,2026-03-09,67702,291778,643682
CONS-0026-0067,CUST-0026,2026-03-21,62729,240101,547557
CONS-0027-0000,CUST-0027,2026-05-02,24653,218798,667314
CONS-0027-0001,CUST-0027,2026-04-15,45577,400837,757284
CONS-0027-0002,CUST-0027,2026-04-09,75933,345249,660253
CONS-0027-0003,CUST-0027,2026-03-21,44237,149040,876961
CONS-0027-0004,CUST-0027,2026-03-24,87434,144072,613012
CONS-0027-0005,CUST-0027,2026-04-06,59701,315235,904742
CONS-0027-0006,CUST-0027,2026-04-05,23908,336370,187580
CONS-0027-0007,CUST-0027,2026-02-25,97197,279719,263019
CONS-0027-0008,CUST-0027,2026-03-12,90608,173839,955170
CONS-0027-0009,CUST-0027,2026-03-18,49169,439765,682653
CONS-0027-0010,CUST-0027,2026-02-18,99023,416785,368965
CONS-0027-0011,CUST-0027,2026-02-12,67314,238241,146293
CONS-0027-0012,CUST-0027,2026-03-10,98518,495733,245768
CONS-0027-0013,CUST-0027,2026-03-26,42791,74654,158296
CONS-0027-0014,CUST-0027,2026-04-26,55702,288871,931025
CONS-0027-0015,CUST-0027,2026-03-22,55499,339692,415942
CONS-0027-0016,CUST-0027,2026-04-27,39119,379825,333443
CONS-0027-0017,CUST-0027,2026-04-15,88110,465674,614866
CONS-0027-0018,CUST-0027,2026-03-30,45179,488874,420782
CONS-0027-0019,CUST-0027,2026-04-12,84179,386421,101513
CONS-0027-0020,CUST-0027,2026-03-16,38895,54196,707217
CONS-0027-0021,CUST-0027,2026-03-17,52449,497833,647317
CONS-0027-0022,CUST-0027,2026-05-10,89569,374059,732469
CONS-0027-0023,CUST-0027,2026-05-06,44466,213623,623089
CONS-0027-0024,CUST-0027,2026-04-27,94533,117987,741372
CONS-0027-0025,CUST-0027,2026-04-12,53333,317136,819855
CONS-0027-0026,CUST-0027,2026-04-06,72409,219088,103152
CONS-0027-0027,CUST-0027,2026-02-16,24970,406612,704804
CONS-0027-0028,CUST-0027,2026-05-05,67964,190767,304279
CONS-0027-0029,CUST-0027,2026-03-10,69255,386559,802949
CONS-0027-0030,CUST-0027,2026-03-21,92866,317484,857186
CONS-0027-0031,CUST-0027,2026-02-16,83354,495276,856595
CONS-0027-0032,CUST-0027,2026-04-27,57765,124004,144245
CONS-0027-0033,CUST-0027,2026-02-25,49884,473709,848565
CONS-0027-0034,CUST-0027,2026-02-27,53714,294033,705715
CONS-0027-0035,CUST-0027,2026-04-19,89615,87870,872539
CONS-0027-0036,CUST-0027,2026-04-27,23462,357079,668479
CONS-0027-0037,CUST-0027,2026-02-22,89440,413409,232307
CONS-0027-0038,CUST-0027,2026-02-12,91711,267691,371522
CONS-0027-0039,CUST-0027,2026-05-03,68673,271854,510653
CONS-0027-0040,CUST-0027,2026-03-19,76979,110934,760810
CONS-0027-0041,CUST-0027,2026-04-08,73192,180580,469329
CONS-0027-0042,CUST-0027,2026-02-19,80112,160512,814312
CONS-0027-0043,CUST-0027,2026-04-17,84427,233455,260624
CONS-0027-0044,CUST-0027,2026-03-20,97933,81234,441760
CONS-0027-0045,CUST-0027,2026-04-28,21545,263770,673224
CONS-0027-0046,CUST-0027,2026-04-14,42103,166359,710959
CONS-0027-0047,CUST-0027,2026-03-21,40437,471361,481506
CONS-0027-0048,CUST-0027,2026-03-21,71144,438159,263806
CONS-0027-0049,CUST-0027,2026-03-26,87097,376660,830848
CONS-0027-0050,CUST-0027,2026-04-23,82043,216264,364030
CONS-0027-0051,CUST-0027,2026-02-20,27225,331612,217394
CONS-0027-0052,CUST-0027,2026-05-06,56017,413182,788603
CONS-0027-0053,CUST-0027,2026-03-04,46753,478741,126251
CONS-0027-0054,CUST-0027,2026-04-05,24298,58136,950848
CONS-0027-0055,CUST-0027,2026-03-22,78512,265863,776973
CONS-0027-0056,CUST-0027,2026-04-07,59652,457621,840063
CONS-0027-0057,CUST-0027,2026-02-28,33774,182767,211536
CONS-0027-0058,CUST-0027,2026-03-03,66018,196039,657389
CONS-0027-0059,CUST-0027,2026-04-21,80014,484841,365532
CONS-0027-0060,CUST-0027,2026-03-13,48172,250301,889776
CONS-0027-0061,CUST-0027,2026-03-03,30637,329940,815148
CONS-0027-0062,CUST-0027,2026-02-19,95905,277931,749934
CONS-0028-0000,CUST-0028,2026-03-31,44,190,508
CONS-0028-0001,CUST-0028,2026-04-12,149,115,638
CONS-0028-0002,CUST-0028,2026-03-19,44,370,353
CONS-0028-0003,CUST-0028,2026-03-22,52,133,207
CONS-0028-0004,CUST-0028,2026-02-26,263,526,243
CONS-0028-0005,CUST-0028,2026-04-12,86,235,557
CONS-0028-0006,CUST-0028,2026-04-21,118,990,623
CONS-0028-0007,CUST-0028,2026-03-10,214,627,523
CONS-0028-0008,CUST-0028,2026-04-12,347,143,971
CONS-0028-0009,CUST-0028,2026-03-24,54,223,750
CONS-0028-0010,CUST-0028,2026-03-13,194,137,829
CONS-0028-0011,CUST-0028,2026-04-27,282,704,235
CONS-0028-0012,CUST-0028,2026-05-10,53,581,368
CONS-0028-0013,CUST-0028,2026-04-16,217,601,257
CONS-0028-0014,CUST-0028,2026-04-11,290,302,381
CONS-0028-0015,CUST-0028,2026-04-02,67,986,743
CONS-0028-0016,CUST-0028,2026-03-12,144,934,186
CONS-0028-0017,CUST-0028,2026-04-03,58,861,930
CONS-0028-0018,CUST-0028,2026-03-27,191,560,591
CONS-0028-0019,CUST-0028,2026-02-17,209,747,472
CONS-0028-0020,CUST-0028,2026-04-01,84,867,500
CONS-0028-0021,CUST-0028,2026-03-01,231,429,243
CONS-0028-0022,CUST-0028,2026-04-26,326,445,980
CONS-0028-0023,CUST-0028,2026-04-22,185,997,782
CONS-0028-0024,CUST-0028,2026-03-19,147,157,930
CONS-0028-0025,CUST-0028,2026-03-23,112,316,853
CONS-0028-0026,CUST-0028,2026-03-08,220,945,304
CONS-0028-0027,CUST-0028,2026-03-17,82,442,973
CONS-0028-0028,CUST-0028,2026-03-16,167,749,949
CONS-0028-0029,CUST-0028,2026-04-29,280,637,458
CONS-0028-0030,CUST-0028,2026-02-21,345,231,156
CONS-0028-0031,CUST-0028,2026-03-01,267,979,843
CONS-0028-0032,CUST-0028,2026-02-15,319,808,275
CONS-0028-0033,CUST-0028,2026-04-25,135,982,338
CONS-0028-0034,CUST-0028,2026-02-21,145,423,700
CONS-0028-0035,CUST-0028,2026-04-03,83,200,648
CONS-0028-0036,CUST-0028,2026-04-01,99,325,989
CONS-0028-0037,CUST-0028,2026-05-07,176,376,686
CONS-0028-0038,CUST-0028,2026-03-25,44,300,129
CONS-0028-0039,CUST-0028,2026-02-13,151,581,474
CONS-0028-0040,CUST-0028,2026-04-04,190,837,657
CONS-0028-0041,CUST-0028,2026-03-04,40,107,467
CONS-0028-0042,CUST-0028,2026-03-21,259,960,696
CONS-0028-0043,CUST-0028,2026-05-02,104,653,775
CONS-0028-0044,CUST-0028,2026-05-10,173,742,800
CONS-0028-0045,CUST-0028,2026-03-08,168,936,204
CONS-0029-0000,CUST-0029,2026-02-23,1903,2704,7881
CONS-0029-0001,CUST-0029,2026-05-09,2470,2630,8853
CONS-0029-0002,CUST-0029,2026-02-11,1015,5914,8579
CONS-0029-0003,CUST-0029,2026-03-09,3244,1862,6611
CONS-0029-0004,CUST-0029,2026-04-26,1059,4529,2922
CONS-0029-0005,CUST-0029,2026-03-09,1486,4813,2576
CONS-0029-0006,CUST-0029,2026-02-27,353,4845,6281
CONS-0029-0007,CUST-0029,2026-04-17,3364,4434,8241
CONS-0029-0008,CUST-0029,2026-03-12,3283,6749,8737
CONS-0029-0009,CUST-0029,2026-05-09,1971,2425,6486
CONS-0029-0010,CUST-0029,2026-04-04,2093,9511,2405
CONS-0029-0011,CUST-0029,2026-05-07,2272,9782,9071
CONS-0029-0012,CUST-0029,2026-03-03,625,2798,3043
CONS-0029-0013,CUST-0029,2026-03-13,1927,2777,4035
CONS-0029-0014,CUST-0029,2026-04-26,749,5624,9986
CONS-0029-0015,CUST-0029,2026-03-28,2403,6395,6058
CONS-0029-0016,CUST-0029,2026-04-08,2996,7823,5180
CONS-0029-0017,CUST-0029,2026-04-26,3275,6449,4633
CONS-0029-0018,CUST-0029,2026-05-03,2340,3908,5193
CONS-0029-0019,CUST-0029,2026-04-11,459,2514,9450
CONS-0029-0020,CUST-0029,2026-02-13,2059,4433,1088
CONS-0029-0021,CUST-0029,2026-03-30,1159,7335,7881
CONS-0029-0022,CUST-0029,2026-04-07,1906,1604,7265
CONS-0029-0023,CUST-0029,2026-03-05,2998,7953,6920
CONS-0029-0024,CUST-0029,2026-04-26,1282,9278,4898
CONS-0029-0025,CUST-0029,2026-05-05,2095,2715,3790
CONS-0029-0026,CUST-0029,2026-03-04,2187,9930,2208
CONS-0029-0027,CUST-0029,2026-05-09,814,5630,5426
CONS-0029-0028,CUST-0029,2026-03-02,1445,1391,1818
CONS-0029-0029,CUST-0029,2026-04-20,2416,9761,7763
CONS-0029-0030,CUST-0029,2026-03-01,2608,4570,4155
CONS-0029-0031,CUST-0029,2026-04-22,1296,3656,7436
CONS-0029-0032,CUST-0029,2026-03-12,1502,9912,4107
CONS-0029-0033,CUST-0029,2026-05-07,1299,5534,1392
CONS-0029-0034,CUST-0029,2026-04-22,3025,2261,3143
CONS-0029-0035,CUST-0029,2026-04-19,2480,5308,3844
CONS-0029-0036,CUST-0029,2026-02-23,2667,1023,9737
CONS-0029-0037,CUST-0029,2026-04-16,2268,8237,1936
CONS-0029-0038,CUST-0029,2026-04-25,2676,2951,5904
CONS-0029-0039,CUST-0029,2026-04-01,387,7911,7907
CONS-0029-0040,CUST-0029,2026-03-22,1976,8687,7970
CONS-0029-0041,CUST-0029,2026-03-23,2021,8409,2726
CONS-0029-0042,CUST-0029,2026-04-04,1914,6611,3519
CONS-0029-0043,CUST-0029,2026-02-27,1273,4097,1762
CONS-0029-0044,CUST-0029,2026-02-24,1227,7458,3380
CONS-0029-0045,CUST-0029,2026-02-10,2472,2892,8370
CONS-0029-0046,CUST-0029,2026-04-15,2289,6972,6971
CONS-0029-0047,CUST-0029,2026-03-24,357,5935,7218
CONS-0029-0048,CUST-0029,2026-02-20,1358,3186,2065
CONS-0029-0049,CUST-0029,2026-02-15,986,1035,9515
CONS-0029-0050,CUST-0029,2026-03-03,1949,5353,1940
CONS-0029-0051,CUST-0029,2026-03-26,3145,7252,3680
CONS-0029-0052,CUST-0029,2026-02-21,797,3908,6833
CONS-0029-0053,CUST-0029,2026-02-23,3360,4623,2071
CONS-0029-0054,CUST-0029,2026-04-02,355,2500,9100
CONS-0029-0055,CUST-0029,2026-03-10,1913,7195,8968
CONS-0029-0056,CUST-0029,2026-04-14,801,6355,5088
CONS-0030-0000,CUST-0030,2026-04-18,10328,17098,27308
CONS-0030-0001,CUST-0030,2026-04-04,12222,11488,51265
CONS-0030-0002,CUST-0030,2026-02-10,9048,16755,31787
CONS-0030-0003,CUST-0030,2026-03-22,6241,26541,29012
CONS-0030-0004,CUST-0030,2026-03-30,5478,13491,84496
CONS-0030-0005,CUST-0030,2026-03-14,12121,44536,90145
CONS-0030-0006,CUST-0030,2026-02-26,8145,12390,70754
CONS-0030-0007,CUST-0030,2026-02-24,8501,23490,28327
CONS-0030-0008,CUST-0030,2026-02-14,9047,15653,73154
CONS-0030-0009,CUST-0030,2026-02-13,4942,12971,41935
CONS-0030-0010,CUST-0030,2026-03-19,13689,16360,66850
CONS-0030-0011,CUST-0030,2026-02-23,6505,22523,58390
CONS-0030-0012,CUST-0030,2026-02-20,3621,13776,13906
CONS-0030-0013,CUST-0030,2026-04-14,11654,23894,11115
CONS-0030-0014,CUST-0030,2026-03-29,9980,39614,61899
CONS-0030-0015,CUST-0030,2026-03-10,8211,38891,20230
CONS-0030-0016,CUST-0030,2026-02-18,8119,10054,99974
CONS-0030-0017,CUST-0030,2026-04-02,9744,37367,79376
CONS-0030-0018,CUST-0030,2026-05-09,4519,11695,58969
CONS-0030-0019,CUST-0030,2026-04-10,8134,45704,59163
CONS-0030-0020,CUST-0030,2026-04-08,10488,22256,82093
CONS-0030-0021,CUST-0030,2026-04-02,4209,13462,84077
CONS-0030-0022,CUST-0030,2026-02-26,5856,26047,57950
CONS-0030-0023,CUST-0030,2026-05-08,8209,41433,13342
CONS-0030-0024,CUST-0030,2026-04-05,8759,46693,64268
CONS-0030-0025,CUST-0030,2026-04-06,4952,12034,15191
CONS-0030-0026,CUST-0030,2026-04-02,5380,24235,67753
CONS-0030-0027,CUST-0030,2026-03-14,11959,11942,96797
CONS-0030-0028,CUST-0030,2026-04-29,12974,15211,19219
CONS-0030-0029,CUST-0030,2026-04-05,9697,27697,45678
CONS-0030-0030,CUST-0030,2026-02-15,10649,27885,27579
CONS-0030-0031,CUST-0030,2026-04-09,7667,44168,63068
CONS-0030-0032,CUST-0030,2026-03-15,7489,16337,21569
CONS-0030-0033,CUST-0030,2026-02-26,10598,46631,41211
CONS-0030-0034,CUST-0030,2026-03-04,6528,33953,98318
CONS-0030-0035,CUST-0030,2026-03-20,13899,38937,24411
CONS-0030-0036,CUST-0030,2026-04-24,7325,49378,41065
CONS-0030-0037,CUST-0030,2026-05-03,8334,26207,57805
CONS-0030-0038,CUST-0030,2026-04-24,11913,37972,13813
CONS-0030-0039,CUST-0030,2026-03-25,4720,35051,19221
CONS-0030-0040,CUST-0030,2026-05-02,11888,20669,55890
CONS-0030-0041,CUST-0030,2026-03-31,13979,40375,11492
CONS-0030-0042,CUST-0030,2026-04-23,4947,45715,38115
CONS-0030-0043,CUST-0030,2026-02-21,9001,21370,88847
CONS-0030-0044,CUST-0030,2026-04-03,4587,25563,93126
CONS-0030-0045,CUST-0030,2026-02-26,13250,13999,46730
CONS-0030-0046,CUST-0030,2026-05-02,8959,20174,39477
CONS-0030-0047,CUST-0030,2026-04-30,11207,16433,22815
CONS-0030-0048,CUST-0030,2026-03-01,9244,35624,84067
CONS-0030-0049,CUST-0030,2026-02-17,10369,38336,69922
CONS-0030-0050,CUST-0030,2026-04-28,5822,48868,24396
CONS-0030-0051,CUST-0030,2026-03-14,8684,45986,57828
CONS-0030-0052,CUST-0030,2026-04-23,8227,26139,11833
CONS-0030-0053,CUST-0030,2026-03-19,8526,12129,98719
CONS-0030-0054,CUST-0030,2026-04-11,11585,25079,53410
CONS-0030-0055,CUST-0030,2026-03-10,12101,19080,63415
CONS-0030-0056,CUST-0030,2026-03-11,4763,48599,35086
CONS-0030-0057,CUST-0030,2026-05-02,7954,48646,91251
CONS-0030-0058,CUST-0030,2026-04-05,9021,20556,69169
CONS-0030-0059,CUST-0030,2026-04-07,12959,41888,37386
CONS-0030-0060,CUST-0030,2026-02-17,6101,30457,58616
CONS-0030-0061,CUST-0030,2026-02-11,8840,10234,39392
CONS-0030-0062,CUST-0030,2026-03-25,13156,49305,28898
CONS-0030-0063,CUST-0030,2026-04-17,12010,28674,69421
CONS-0030-0064,CUST-0030,2026-02-14,12553,19377,17078
CONS-0030-0065,CUST-0030,2026-04-25,11660,18806,13796
CONS-0031-0000,CUST-0031,2026-03-05,37216,65864,570635
CONS-0031-0001,CUST-0031,2026-02-11,25570,243168,748373
CONS-0031-0002,CUST-0031,2026-05-09,73052,160714,910318
CONS-0031-0003,CUST-0031,2026-04-07,45769,340556,387830
CONS-0031-0004,CUST-0031,2026-04-30,65628,389837,582069
CONS-0031-0005,CUST-0031,2026-03-09,31239,266554,944842
CONS-0031-0006,CUST-0031,2026-03-13,28264,206553,768501
CONS-0031-0007,CUST-0031,2026-03-22,25956,422181,221827
CONS-0031-0008,CUST-0031,2026-03-07,55626,415688,297314
CONS-0031-0009,CUST-0031,2026-04-21,63647,101990,926323
CONS-0031-0010,CUST-0031,2026-03-31,56653,444841,157007
CONS-0031-0011,CUST-0031,2026-03-22,40297,265021,595720
CONS-0031-0012,CUST-0031,2026-05-06,64751,451373,338572
CONS-0031-0013,CUST-0031,2026-04-08,25190,219451,948783
CONS-0031-0014,CUST-0031,2026-04-07,20069,436109,810554
CONS-0031-0015,CUST-0031,2026-04-15,92615,159950,946991
CONS-0031-0016,CUST-0031,2026-05-02,87947,238936,997798
CONS-0031-0017,CUST-0031,2026-04-03,72441,116147,559893
CONS-0031-0018,CUST-0031,2026-04-12,71069,478326,793936
CONS-0031-0019,CUST-0031,2026-02-14,96190,182140,696651
CONS-0031-0020,CUST-0031,2026-03-04,74217,107249,734528
CONS-0031-0021,CUST-0031,2026-03-07,65344,199888,681357
CONS-0031-0022,CUST-0031,2026-04-22,24634,261546,986198
CONS-0031-0023,CUST-0031,2026-02-18,77821,399641,337402
CONS-0031-0024,CUST-0031,2026-03-21,49976,144108,360306
CONS-0031-0025,CUST-0031,2026-03-20,72164,180806,615016
CONS-0031-0026,CUST-0031,2026-03-22,42383,249457,590956
CONS-0031-0027,CUST-0031,2026-04-06,72988,334300,904777
CONS-0031-0028,CUST-0031,2026-02-25,87237,286820,834332
CONS-0031-0029,CUST-0031,2026-02-25,66156,192149,732966
CONS-0031-0030,CUST-0031,2026-02-26,68475,155795,529115
CONS-0031-0031,CUST-0031,2026-04-08,37051,191956,606779
CONS-0031-0032,CUST-0031,2026-04-27,95137,247716,945655
CONS-0031-0033,CUST-0031,2026-02-19,35684,258135,211626
CONS-0031-0034,CUST-0031,2026-04-12,20789,59806,462979
CONS-0031-0035,CUST-0031,2026-04-21,91985,399226,218977
CONS-0031-0036,CUST-0031,2026-05-09,81413,435344,721910
CONS-0031-0037,CUST-0031,2026-04-27,72524,279742,639553
CONS-0031-0038,CUST-0031,2026-04-29,53014,225020,368519
CONS-0031-0039,CUST-0031,2026-04-09,25414,214222,763290
CONS-0031-0040,CUST-0031,2026-04-09,99249,355286,422438
CONS-0032-0000,CUST-0032,2026-04-19,1518,5662,1322
CONS-0032-0001,CUST-0032,2026-04-15,4390,3570,4690
CONS-0032-0002,CUST-0032,2026-03-15,3729,5744,1109
CONS-0032-0003,CUST-0032,2026-02-28,4356,5281,1767
CONS-0032-0004,CUST-0032,2026-04-23,3476,3590,9950
CONS-0032-0005,CUST-0032,2026-02-26,1419,3762,9256
CONS-0032-0006,CUST-0032,2026-04-30,3293,4360,6593
CONS-0032-0007,CUST-0032,2026-02-12,1684,3449,4491
CONS-0032-0008,CUST-0032,2026-04-04,915,8525,5346
CONS-0032-0009,CUST-0032,2026-03-09,2924,8209,2399
CONS-0032-0010,CUST-0032,2026-03-07,3381,8770,4140
CONS-0032-0011,CUST-0032,2026-05-02,4187,6100,2013
CONS-0032-0012,CUST-0032,2026-03-09,4822,3619,8096
CONS-0032-0013,CUST-0032,2026-05-05,1888,7367,1023
CONS-0032-0014,CUST-0032,2026-05-02,3653,3152,1773
CONS-0032-0015,CUST-0032,2026-03-08,3024,4434,7149
CONS-0032-0016,CUST-0032,2026-04-13,1346,1554,1544
CONS-0032-0017,CUST-0032,2026-04-13,1431,9929,3505
CONS-0032-0018,CUST-0032,2026-03-30,1474,8662,9095
CONS-0032-0019,CUST-0032,2026-03-07,3354,6507,1367
CONS-0032-0020,CUST-0032,2026-03-26,3863,4895,7751
CONS-0032-0021,CUST-0032,2026-03-03,1462,9457,3681
CONS-0032-0022,CUST-0032,2026-03-30,3577,7080,1545
CONS-0032-0023,CUST-0032,2026-04-24,1114,8616,4878
CONS-0032-0024,CUST-0032,2026-04-25,4584,7361,4817
CONS-0032-0025,CUST-0032,2026-02-17,1201,5423,2610
CONS-0032-0026,CUST-0032,2026-03-26,4786,2642,7897
CONS-0032-0027,CUST-0032,2026-03-03,4931,3280,3961
CONS-0032-0028,CUST-0032,2026-02-23,2434,2903,5038
CONS-0032-0029,CUST-0032,2026-03-13,4434,8410,2813
CONS-0032-0030,CUST-0032,2026-05-09,3879,1098,2619
CONS-0032-0031,CUST-0032,2026-03-14,669,4621,8213
CONS-0032-0032,CUST-0032,2026-05-02,2202,3678,5674
CONS-0032-0033,CUST-0032,2026-04-29,1346,3470,3739
CONS-0032-0034,CUST-0032,2026-04-07,3389,3548,6892
CONS-0032-0035,CUST-0032,2026-03-27,4464,6263,3445
CONS-0032-0036,CUST-0032,2026-03-12,4046,7189,3676
CONS-0032-0037,CUST-0032,2026-05-04,3595,5123,9032
CONS-0032-0038,CUST-0032,2026-02-25,1149,7848,7889
CONS-0032-0039,CUST-0032,2026-02-17,4294,8283,9526
CONS-0032-0040,CUST-0032,2026-03-06,2339,5329,8420
CONS-0032-0041,CUST-0032,2026-04-15,2077,1061,6308
CONS-0032-0042,CUST-0032,2026-05-03,2950,1333,9756
CONS-0032-0043,CUST-0032,2026-04-12,4255,2201,4971
CONS-0032-0044,CUST-0032,2026-02-22,1347,2062,3939
CONS-0032-0045,CUST-0032,2026-05-04,3929,6992,5477
CONS-0032-0046,CUST-0032,2026-03-16,877,6102,2419
CONS-0032-0047,CUST-0032,2026-03-27,4680,4749,2688
CONS-0032-0048,CUST-0032,2026-04-12,2456,3905,6981
CONS-0032-0049,CUST-0032,2026-04-18,1855,1455,4765
CONS-0033-0000,CUST-0033,2026-03-14,8782,38979,97597
CONS-0033-0001,CUST-0033,2026-02-15,9769,27901,40152
CONS-0033-0002,CUST-0033,2026-03-03,9597,36557,87954
CONS-0033-0003,CUST-0033,2026-02-20,8490,16266,85802
CONS-0033-0004,CUST-0033,2026-03-15,9643,26813,82839
CONS-0033-0005,CUST-0033,2026-04-02,4748,36662,66663
CONS-0033-0006,CUST-0033,2026-02-28,10116,26865,31529
CONS-0033-0007,CUST-0033,2026-02-12,7757,40451,14812
CONS-0033-0008,CUST-0033,2026-05-05,6141,44922,95660
CONS-0033-0009,CUST-0033,2026-03-31,13849,29603,40789
CONS-0033-0010,CUST-0033,2026-05-10,9860,32677,38465
CONS-0033-0011,CUST-0033,2026-04-13,8292,40800,73116
CONS-0033-0012,CUST-0033,2026-02-27,6523,24554,54402
CONS-0033-0013,CUST-0033,2026-04-29,10725,32433,47931
CONS-0033-0014,CUST-0033,2026-02-19,13583,29128,22692
CONS-0033-0015,CUST-0033,2026-04-12,9324,42922,48885
CONS-0033-0016,CUST-0033,2026-05-09,10546,23447,74071
CONS-0033-0017,CUST-0033,2026-05-01,13121,32991,46083
CONS-0033-0018,CUST-0033,2026-02-11,10289,21983,69883
CONS-0033-0019,CUST-0033,2026-04-13,3607,13968,44101
CONS-0033-0020,CUST-0033,2026-03-09,12957,47314,15568
CONS-0033-0021,CUST-0033,2026-02-13,7815,48195,20036
CONS-0033-0022,CUST-0033,2026-02-26,5438,13070,14499
CONS-0033-0023,CUST-0033,2026-04-08,5466,17494,22843
CONS-0033-0024,CUST-0033,2026-05-09,12540,16092,46813
CONS-0033-0025,CUST-0033,2026-03-31,7634,23462,41375
CONS-0033-0026,CUST-0033,2026-04-10,11691,21533,95714
CONS-0033-0027,CUST-0033,2026-04-10,6087,38979,75419
CONS-0033-0028,CUST-0033,2026-03-09,4373,48288,21112
CONS-0033-0029,CUST-0033,2026-03-04,5656,41826,20143
CONS-0033-0030,CUST-0033,2026-03-13,10077,31835,63177
CONS-0033-0031,CUST-0033,2026-05-02,6809,36018,99040
CONS-0033-0032,CUST-0033,2026-05-09,9269,25415,93795
CONS-0033-0033,CUST-0033,2026-03-03,6892,36207,79826
CONS-0033-0034,CUST-0033,2026-02-27,3757,17072,39497
CONS-0033-0035,CUST-0033,2026-02-20,13309,22498,83555
CONS-0033-0036,CUST-0033,2026-02-21,11553,14729,33294
CONS-0033-0037,CUST-0033,2026-03-10,11596,43143,41347
CONS-0033-0038,CUST-0033,2026-03-07,13348,42474,28378
CONS-0033-0039,CUST-0033,2026-02-24,7012,21025,58051
CONS-0033-0040,CUST-0033,2026-02-24,8362,15647,89312
CONS-0033-0041,CUST-0033,2026-04-17,11525,25331,45891
CONS-0033-0042,CUST-0033,2026-03-27,8109,38549,37784
CONS-0033-0043,CUST-0033,2026-03-04,11165,33269,79372
CONS-0033-0044,CUST-0033,2026-03-27,6642,31646,49996
CONS-0033-0045,CUST-0033,2026-03-13,10063,48809,97982
CONS-0033-0046,CUST-0033,2026-04-13,3873,24401,39721
CONS-0033-0047,CUST-0033,2026-04-30,11123,46888,21718
CONS-0033-0048,CUST-0033,2026-03-10,4722,28042,78408
CONS-0033-0049,CUST-0033,2026-03-11,10005,48015,64168
CONS-0033-0050,CUST-0033,2026-05-04,11886,22182,38129
CONS-0033-0051,CUST-0033,2026-03-09,5211,34847,90924
CONS-0033-0052,CUST-0033,2026-02-26,10901,17356,52940
CONS-0033-0053,CUST-0033,2026-03-13,13102,28954,45979
CONS-0033-0054,CUST-0033,2026-03-03,7552,16175,48053
CONS-0033-0055,CUST-0033,2026-05-04,8102,33469,82549
CONS-0033-0056,CUST-0033,2026-04-02,13045,47887,22671
CONS-0033-0057,CUST-0033,2026-03-06,9457,45156,43222
CONS-0033-0058,CUST-0033,2026-05-01,11829,26314,15392
CONS-0033-0059,CUST-0033,2026-04-03,8715,18563,82552
CONS-0033-0060,CUST-0033,2026-03-28,13406,44117,11067
CONS-0033-0061,CUST-0033,2026-02-14,6636,47914,16940
CONS-0033-0062,CUST-0033,2026-02-19,4527,48814,84941
CONS-0033-0063,CUST-0033,2026-02-10,11923,24426,99838
CONS-0033-0064,CUST-0033,2026-02-11,3707,22791,88480
CONS-0033-0065,CUST-0033,2026-03-01,9564,32329,87577
CONS-0033-0066,CUST-0033,2026-03-13,7244,35837,13103
CONS-0033-0067,CUST-0033,2026-04-27,5600,27299,32551
CONS-0033-0068,CUST-0033,2026-03-13,9195,22672,83326
CONS-0033-0069,CUST-0033,2026-02-19,5831,35503,85661
CONS-0033-0070,CUST-0033,2026-02-11,12334,20774,10256
CONS-0033-0071,CUST-0033,2026-02-27,4716,22621,97643
CONS-0033-0072,CUST-0033,2026-02-26,7306,32128,74327
CONS-0033-0073,CUST-0033,2026-03-17,6905,41741,15636
CONS-0033-0074,CUST-0033,2026-02-24,12338,39474,57375
CONS-0034-0000,CUST-0034,2026-04-17,11524,48703,75985
CONS-0034-0001,CUST-0034,2026-03-25,4636,46960,22046
CONS-0034-0002,CUST-0034,2026-04-26,6108,15101,25252
CONS-0034-0003,CUST-0034,2026-03-01,13676,19096,85654
CONS-0034-0004,CUST-0034,2026-03-20,12813,38690,52610
CONS-0034-0005,CUST-0034,2026-03-03,9200,47868,15121
CONS-0034-0006,CUST-0034,2026-03-20,9253,12108,39360
CONS-0034-0007,CUST-0034,2026-02-14,6172,33952,49210
CONS-0034-0008,CUST-0034,2026-04-22,7825,36763,63777
CONS-0034-0009,CUST-0034,2026-02-25,11903,42243,87581
CONS-0034-0010,CUST-0034,2026-04-05,4272,15141,11147
CONS-0034-0011,CUST-0034,2026-03-21,5047,18540,24931
CONS-0034-0012,CUST-0034,2026-03-15,3637,38712,40428
CONS-0034-0013,CUST-0034,2026-05-07,6349,49357,32706
CONS-0034-0014,CUST-0034,2026-02-20,10472,43129,10741
CONS-0034-0015,CUST-0034,2026-04-19,10343,18304,11466
CONS-0034-0016,CUST-0034,2026-05-05,5951,17671,34823
CONS-0034-0017,CUST-0034,2026-03-28,6472,15296,24054
CONS-0034-0018,CUST-0034,2026-02-18,12866,13031,13944
CONS-0034-0019,CUST-0034,2026-03-05,10040,22057,51599
CONS-0034-0020,CUST-0034,2026-04-24,12500,26631,11561
CONS-0034-0021,CUST-0034,2026-03-13,10827,43883,23100
CONS-0034-0022,CUST-0034,2026-03-10,12590,47900,28810
CONS-0034-0023,CUST-0034,2026-03-26,3600,35163,99982
CONS-0034-0024,CUST-0034,2026-04-16,12854,37548,25676
CONS-0034-0025,CUST-0034,2026-03-25,12889,43929,11151
CONS-0034-0026,CUST-0034,2026-04-19,12223,44722,87130
CONS-0034-0027,CUST-0034,2026-04-12,8027,13504,61290
CONS-0034-0028,CUST-0034,2026-03-18,6032,13127,62570
CONS-0034-0029,CUST-0034,2026-02-13,6783,35434,33605
CONS-0035-0000,CUST-0035,2026-04-19,2548,9963,7828
CONS-0035-0001,CUST-0035,2026-02-20,3544,1242,2453
CONS-0035-0002,CUST-0035,2026-04-07,4250,6926,2130
CONS-0035-0003,CUST-0035,2026-02-22,2760,3666,3229
CONS-0035-0004,CUST-0035,2026-02-22,1424,2281,5274
CONS-0035-0005,CUST-0035,2026-02-23,2717,2482,8135
CONS-0035-0006,CUST-0035,2026-03-06,3784,1038,8299
CONS-0035-0007,CUST-0035,2026-04-07,2297,5171,5600
CONS-0035-0008,CUST-0035,2026-03-27,722,8527,7208
CONS-0035-0009,CUST-0035,2026-04-13,678,6017,1918
CONS-0035-0010,CUST-0035,2026-02-25,2144,3309,6473
CONS-0035-0011,CUST-0035,2026-03-17,4674,7132,7459
CONS-0035-0012,CUST-0035,2026-05-05,3986,5188,1347
CONS-0035-0013,CUST-0035,2026-04-30,2350,3223,2145
CONS-0035-0014,CUST-0035,2026-04-22,3228,9005,3881
CONS-0035-0015,CUST-0035,2026-03-09,1579,8535,2061
CONS-0035-0016,CUST-0035,2026-04-30,3500,3965,5515
CONS-0035-0017,CUST-0035,2026-03-13,2232,2234,9010
CONS-0035-0018,CUST-0035,2026-02-19,3374,1530,9762
CONS-0035-0019,CUST-0035,2026-02-12,4932,8896,9044
CONS-0035-0020,CUST-0035,2026-02-24,772,2477,9891
CONS-0035-0021,CUST-0035,2026-03-08,2378,5546,2671
CONS-0035-0022,CUST-0035,2026-03-22,2882,7855,3733
CONS-0035-0023,CUST-0035,2026-04-01,4136,7917,3074
CONS-0035-0024,CUST-0035,2026-03-12,2372,5767,2698
CONS-0035-0025,CUST-0035,2026-04-30,3896,9461,2446
CONS-0035-0026,CUST-0035,2026-04-05,1661,4172,2912
CONS-0035-0027,CUST-0035,2026-03-12,4201,3229,4600
CONS-0035-0028,CUST-0035,2026-02-14,2389,6469,9478
CONS-0035-0029,CUST-0035,2026-05-08,3926,7925,1596
CONS-0035-0030,CUST-0035,2026-04-17,962,5534,4510
CONS-0035-0031,CUST-0035,2026-04-15,3368,8642,5827
CONS-0035-0032,CUST-0035,2026-04-09,3474,5681,9423
CONS-0035-0033,CUST-0035,2026-03-05,1430,7696,4075
CONS-0035-0034,CUST-0035,2026-02-25,4210,6131,4833
CONS-0035-0035,CUST-0035,2026-04-27,3766,3377,7725
CONS-0035-0036,CUST-0035,2026-03-25,3854,5938,6341
CONS-0035-0037,CUST-0035,2026-03-12,1052,5404,8897
CONS-0035-0038,CUST-0035,2026-05-05,2861,5159,6156
CONS-0035-0039,CUST-0035,2026-03-15,2650,8054,6390
CONS-0035-0040,CUST-0035,2026-04-06,3735,8950,8046
CONS-0035-0041,CUST-0035,2026-04-23,1677,2623,7434
CONS-0035-0042,CUST-0035,2026-04-25,3758,1585,1273
CONS-0035-0043,CUST-0035,2026-03-18,1640,9722,5942
CONS-0035-0044,CUST-0035,2026-03-30,933,6094,1489
CONS-0035-0045,CUST-0035,2026-03-01,1450,2660,6313
CONS-0035-0046,CUST-0035,2026-03-12,1627,4913,6435
CONS-0035-0047,CUST-0035,2026-03-16,3281,6414,1770
CONS-0035-0048,CUST-0035,2026-05-10,1690,6106,2777
CONS-0035-0049,CUST-0035,2026-03-08,1743,3334,1773
CONS-0035-0050,CUST-0035,2026-02-28,2886,3728,8495
CONS-0035-0051,CUST-0035,2026-04-08,4698,6476,6775
CONS-0035-0052,CUST-0035,2026-05-08,985,6045,9262
CONS-0035-0053,CUST-0035,2026-04-22,4100,8584,1774
CONS-0035-0054,CUST-0035,2026-02-20,973,6207,2365
CONS-0035-0055,CUST-0035,2026-04-09,4592,5030,8744
CONS-0035-0056,CUST-0035,2026-02-13,3385,1371,3018
CONS-0035-0057,CUST-0035,2026-02-10,2319,1020,2468
CONS-0035-0058,CUST-0035,2026-05-02,1113,2153,4667
CONS-0035-0059,CUST-0035,2026-02-18,1784,1935,9668
CONS-0035-0060,CUST-0035,2026-04-22,3075,8126,3790
CONS-0035-0061,CUST-0035,2026-05-10,2593,9790,2436
CONS-0035-0062,CUST-0035,2026-04-26,3909,7814,7447
CONS-0035-0063,CUST-0035,2026-02-26,631,7413,4000
CONS-0035-0064,CUST-0035,2026-03-02,3723,7211,9247
CONS-0035-0065,CUST-0035,2026-03-18,3171,6862,3243
CONS-0035-0066,CUST-0035,2026-03-11,4395,6311,9760
CONS-0035-0067,CUST-0035,2026-02-14,759,5719,4072
CONS-0035-0068,CUST-0035,2026-04-13,2239,2090,7385
CONS-0035-0069,CUST-0035,2026-02-24,1066,8291,4669
CONS-0035-0070,CUST-0035,2026-02-26,566,7710,1080
CONS-0035-0071,CUST-0035,2026-04-13,1880,7786,7050
CONS-0035-0072,CUST-0035,2026-03-13,4207,1348,2097
CONS-0035-0073,CUST-0035,2026-03-20,4431,7315,2337
CONS-0035-0074,CUST-0035,2026-03-13,3314,6207,7818
CONS-0035-0075,CUST-0035,2026-02-20,1275,8227,3215
CONS-0035-0076,CUST-0035,2026-03-25,2026,2975,5389
CONS-0035-0077,CUST-0035,2026-03-11,4830,4700,4581
CONS-0035-0078,CUST-0035,2026-04-09,3886,1431,5426
CONS-0035-0079,CUST-0035,2026-04-30,1580,5789,9502
CONS-0036-0000,CUST-0036,2026-02-27,24525,40076,59377
CONS-0036-0001,CUST-0036,2026-02-13,20796,31571,27361
CONS-0036-0002,CUST-0036,2026-05-03,12342,25933,49374
CONS-0036-0003,CUST-0036,2026-03-08,28711,46938,60917
CONS-0036-0004,CUST-0036,2026-02-16,24597,11271,90951
CONS-0036-0005,CUST-0036,2026-03-11,29803,35174,49424
CONS-0036-0006,CUST-0036,2026-02-13,18888,22152,53665
CONS-0036-0007,CUST-0036,2026-03-15,25110,45017,20720
CONS-0036-0008,CUST-0036,2026-04-26,10491,41475,24369
CONS-0036-0009,CUST-0036,2026-03-11,21564,47317,92331
CONS-0036-0010,CUST-0036,2026-02-18,10765,31750,68241
CONS-0036-0011,CUST-0036,2026-02-17,23641,10805,75028
CONS-0036-0012,CUST-0036,2026-03-15,12499,11590,81773
CONS-0036-0013,CUST-0036,2026-02-13,10663,45438,83781
CONS-0036-0014,CUST-0036,2026-04-09,14709,23454,87776
CONS-0036-0015,CUST-0036,2026-03-25,15285,29193,39456
CONS-0036-0016,CUST-0036,2026-02-24,22969,33295,68984
CONS-0036-0017,CUST-0036,2026-03-24,11997,14977,49872
CONS-0036-0018,CUST-0036,2026-03-03,11635,37925,93347
CONS-0036-0019,CUST-0036,2026-03-05,13692,11521,36758
CONS-0036-0020,CUST-0036,2026-04-14,26433,11757,50831
CONS-0036-0021,CUST-0036,2026-04-06,26500,22015,17371
CONS-0036-0022,CUST-0036,2026-04-13,11394,13507,40662
CONS-0036-0023,CUST-0036,2026-04-12,20688,43207,71267
CONS-0036-0024,CUST-0036,2026-02-23,18582,17529,48698
CONS-0036-0025,CUST-0036,2026-04-20,14869,25738,50482
CONS-0036-0026,CUST-0036,2026-03-04,25710,49311,52965
CONS-0036-0027,CUST-0036,2026-04-16,18637,41858,17411
CONS-0036-0028,CUST-0036,2026-02-24,25623,13251,45117
CONS-0036-0029,CUST-0036,2026-03-05,11778,29260,36610
CONS-0036-0030,CUST-0036,2026-04-27,25522,32500,21356
CONS-0036-0031,CUST-0036,2026-04-14,29901,17517,40405
CONS-0036-0032,CUST-0036,2026-05-08,15661,27769,24688
CONS-0036-0033,CUST-0036,2026-04-02,25647,48578,85447
CONS-0036-0034,CUST-0036,2026-02-20,15039,47041,11061
CONS-0036-0035,CUST-0036,2026-03-18,20041,43235,90074
CONS-0036-0036,CUST-0036,2026-04-27,20565,30273,20204
CONS-0036-0037,CUST-0036,2026-04-11,25899,38185,70536
CONS-0036-0038,CUST-0036,2026-04-21,8109,39239,29897
CONS-0036-0039,CUST-0036,2026-02-28,11581,48174,26392
CONS-0036-0040,CUST-0036,2026-04-29,24315,41122,61828
CONS-0036-0041,CUST-0036,2026-04-07,16767,41622,92755
CONS-0036-0042,CUST-0036,2026-04-29,27183,37404,31939
CONS-0036-0043,CUST-0036,2026-02-19,24364,27728,16679
CONS-0036-0044,CUST-0036,2026-04-22,16362,14379,63259
CONS-0036-0045,CUST-0036,2026-04-26,14604,16294,23332
CONS-0036-0046,CUST-0036,2026-02-27,27627,20120,57337
CONS-0036-0047,CUST-0036,2026-04-13,26050,16578,26197
CONS-0036-0048,CUST-0036,2026-02-14,27399,37653,79980
CONS-0036-0049,CUST-0036,2026-02-28,23877,16026,93349
CONS-0036-0050,CUST-0036,2026-03-24,17374,24864,62284
CONS-0036-0051,CUST-0036,2026-02-11,9688,31152,10072
CONS-0036-0052,CUST-0036,2026-03-01,25209,20563,30656
CONS-0036-0053,CUST-0036,2026-03-14,29709,23606,69740
CONS-0036-0054,CUST-0036,2026-04-29,20929,32738,78830
CONS-0036-0055,CUST-0036,2026-05-07,26496,33519,77591
CONS-0036-0056,CUST-0036,2026-04-11,12235,10758,56953
CONS-0036-0057,CUST-0036,2026-03-10,18961,16542,73373
CONS-0036-0058,CUST-0036,2026-04-18,16563,29083,32462
CONS-0036-0059,CUST-0036,2026-04-11,21304,29489,88411
CONS-0036-0060,CUST-0036,2026-04-27,11971,35071,85335
CONS-0036-0061,CUST-0036,2026-02-22,18432,44980,13118
CONS-0036-0062,CUST-0036,2026-04-12,21322,14990,87882
CONS-0036-0063,CUST-0036,2026-03-28,13093,36673,43039
CONS-0036-0064,CUST-0036,2026-05-01,10624,18520,86218
CONS-0036-0065,CUST-0036,2026-04-03,21109,41273,46944
CONS-0036-0066,CUST-0036,2026-02-14,10086,13780,28829
CONS-0036-0067,CUST-0036,2026-05-05,9652,14086,40173
CONS-0036-0068,CUST-0036,2026-03-23,18066,12818,80199
CONS-0036-0069,CUST-0036,2026-04-14,27874,19240,57542
CONS-0037-0000,CUST-0037,2026-05-10,212,648,154
CONS-0037-0001,CUST-0037,2026-03-03,290,758,613
CONS-0037-0002,CUST-0037,2026-02-11,286,405,469
CONS-0037-0003,CUST-0037,2026-03-07,41,840,896
CONS-0037-0004,CUST-0037,2026-04-03,210,252,921
CONS-0037-0005,CUST-0037,2026-04-25,56,601,869
CONS-0037-0006,CUST-0037,2026-04-21,263,475,942
CONS-0037-0007,CUST-0037,2026-03-05,117,191,927
CONS-0037-0008,CUST-0037,2026-03-20,42,578,718
CONS-0037-0009,CUST-0037,2026-02-14,230,475,767
CONS-0037-0010,CUST-0037,2026-04-09,215,510,167
CONS-0037-0011,CUST-0037,2026-03-01,334,629,848
CONS-0037-0012,CUST-0037,2026-02-27,329,246,944
CONS-0037-0013,CUST-0037,2026-02-23,137,320,293
CONS-0037-0014,CUST-0037,2026-03-16,47,861,868
CONS-0037-0015,CUST-0037,2026-02-12,105,420,289
CONS-0037-0016,CUST-0037,2026-02-13,46,524,854
CONS-0037-0017,CUST-0037,2026-03-26,309,309,797
CONS-0037-0018,CUST-0037,2026-04-07,137,850,395
CONS-0037-0019,CUST-0037,2026-04-28,282,748,127
CONS-0037-0020,CUST-0037,2026-03-14,148,312,678
CONS-0037-0021,CUST-0037,2026-02-13,119,772,404
CONS-0037-0022,CUST-0037,2026-03-06,186,845,458
CONS-0037-0023,CUST-0037,2026-05-05,211,204,548
CONS-0037-0024,CUST-0037,2026-04-06,347,196,863
CONS-0037-0025,CUST-0037,2026-02-18,105,142,833
CONS-0037-0026,CUST-0037,2026-03-12,93,345,616
CONS-0037-0027,CUST-0037,2026-02-27,193,353,747
CONS-0037-0028,CUST-0037,2026-03-10,339,107,675
CONS-0037-0029,CUST-0037,2026-03-26,170,863,403
CONS-0037-0030,CUST-0037,2026-03-30,115,811,168
CONS-0037-0031,CUST-0037,2026-02-26,316,565,140
CONS-0037-0032,CUST-0037,2026-02-25,230,183,174
CONS-0037-0033,CUST-0037,2026-02-19,133,264,569
CONS-0037-0034,CUST-0037,2026-03-22,226,766,930
CONS-0037-0035,CUST-0037,2026-04-25,203,314,349
CONS-0037-0036,CUST-0037,2026-03-15,74,263,440
CONS-0037-0037,CUST-0037,2026-03-16,142,360,238
CONS-0037-0038,CUST-0037,2026-03-13,75,268,310
CONS-0037-0039,CUST-0037,2026-04-21,168,234,881
CONS-0037-0040,CUST-0037,2026-02-24,282,954,784
CONS-0037-0041,CUST-0037,2026-04-05,315,554,861
CONS-0037-0042,CUST-0037,2026-04-08,233,242,859
CONS-0037-0043,CUST-0037,2026-03-06,39,250,649
CONS-0037-0044,CUST-0037,2026-04-21,169,644,996
CONS-0037-0045,CUST-0037,2026-04-24,136,166,106
CONS-0038-0000,CUST-0038,2026-05-10,280,453,640
CONS-0038-0001,CUST-0038,2026-02-21,274,958,983
CONS-0038-0002,CUST-0038,2026-03-14,663,370,988
CONS-0038-0003,CUST-0038,2026-04-24,610,426,218
CONS-0038-0004,CUST-0038,2026-03-05,175,791,676
CONS-0038-0005,CUST-0038,2026-04-26,103,442,165
CONS-0038-0006,CUST-0038,2026-03-27,523,632,868
CONS-0038-0007,CUST-0038,2026-03-01,474,740,875
CONS-0038-0008,CUST-0038,2026-03-13,717,865,205
CONS-0038-0009,CUST-0038,2026-04-20,612,958,122
CONS-0038-0010,CUST-0038,2026-03-19,360,878,112
CONS-0038-0011,CUST-0038,2026-03-05,525,697,327
CONS-0038-0012,CUST-0038,2026-03-13,750,696,796
CONS-0038-0013,CUST-0038,2026-03-05,222,688,812
CONS-0038-0014,CUST-0038,2026-03-04,90,827,977
CONS-0038-0015,CUST-0038,2026-04-25,153,487,823
CONS-0038-0016,CUST-0038,2026-03-27,499,839,764
CONS-0038-0017,CUST-0038,2026-02-28,384,339,102
CONS-0038-0018,CUST-0038,2026-02-26,556,430,516
CONS-0038-0019,CUST-0038,2026-05-04,313,257,977
CONS-0038-0020,CUST-0038,2026-04-05,636,449,486
CONS-0038-0021,CUST-0038,2026-02-10,459,318,907
CONS-0038-0022,CUST-0038,2026-02-14,129,973,656
CONS-0038-0023,CUST-0038,2026-03-08,97,143,489
CONS-0038-0024,CUST-0038,2026-02-25,277,353,477
CONS-0038-0025,CUST-0038,2026-03-24,643,225,307
CONS-0038-0026,CUST-0038,2026-04-27,678,743,326
CONS-0038-0027,CUST-0038,2026-03-22,496,656,971
CONS-0038-0028,CUST-0038,2026-03-25,739,277,581
CONS-0038-0029,CUST-0038,2026-04-29,204,977,713
CONS-0038-0030,CUST-0038,2026-04-08,165,660,691
CONS-0038-0031,CUST-0038,2026-04-11,649,695,370
CONS-0038-0032,CUST-0038,2026-04-04,612,501,403
CONS-0038-0033,CUST-0038,2026-02-25,247,687,301
CONS-0038-0034,CUST-0038,2026-03-27,115,683,142
CONS-0038-0035,CUST-0038,2026-04-10,157,616,928
CONS-0038-0036,CUST-0038,2026-02-19,384,681,450
CONS-0038-0037,CUST-0038,2026-04-28,666,976,464
CONS-0038-0038,CUST-0038,2026-03-09,271,108,212
CONS-0038-0039,CUST-0038,2026-04-15,220,659,156
CONS-0038-0040,CUST-0038,2026-02-21,84,165,804
CONS-0038-0041,CUST-0038,2026-03-02,225,451,191
CONS-0038-0042,CUST-0038,2026-05-07,627,332,275
CONS-0038-0043,CUST-0038,2026-03-29,499,794,735
CONS-0038-0044,CUST-0038,2026-02-15,543,467,652
CONS-0039-0000,CUST-0039,2026-03-08,28977,10686,65308
CONS-0039-0001,CUST-0039,2026-03-21,22962,39140,12953
CONS-0039-0002,CUST-0039,2026-02-16,27438,22801,81025
CONS-0039-0003,CUST-0039,2026-05-09,11721,18993,76686
CONS-0039-0004,CUST-0039,2026-03-17,21043,44552,26245
CONS-0039-0005,CUST-0039,2026-04-24,28312,41867,27552
CONS-0039-0006,CUST-0039,2026-04-16,27688,49706,53801
CONS-0039-0007,CUST-0039,2026-02-20,12751,45522,29784
CONS-0039-0008,CUST-0039,2026-04-18,27288,31938,59292
CONS-0039-0009,CUST-0039,2026-05-08,13915,36049,17056
CONS-0039-0010,CUST-0039,2026-03-26,23890,38746,45511
CONS-0039-0011,CUST-0039,2026-03-10,15964,35478,96389
CONS-0039-0012,CUST-0039,2026-02-13,11908,28737,84457
CONS-0039-0013,CUST-0039,2026-03-28,14071,41929,78954
CONS-0039-0014,CUST-0039,2026-02-23,24303,32436,26944
CONS-0039-0015,CUST-0039,2026-03-31,9517,19092,76482
CONS-0039-0016,CUST-0039,2026-03-18,25191,16183,40227
CONS-0039-0017,CUST-0039,2026-02-23,15823,33405,65486
CONS-0039-0018,CUST-0039,2026-03-11,28330,44400,69699
CONS-0039-0019,CUST-0039,2026-04-24,17074,44152,30849
CONS-0039-0020,CUST-0039,2026-03-05,20935,37388,85873
CONS-0039-0021,CUST-0039,2026-04-05,8964,17494,47901
CONS-0039-0022,CUST-0039,2026-05-02,25236,14963,54324
CONS-0039-0023,CUST-0039,2026-03-11,18345,16046,68591
CONS-0039-0024,CUST-0039,2026-04-15,21978,14085,43816
CONS-0039-0025,CUST-0039,2026-02-27,20215,33833,61036
CONS-0039-0026,CUST-0039,2026-02-26,26239,37309,31926
CONS-0039-0027,CUST-0039,2026-03-30,24160,40355,46543
CONS-0039-0028,CUST-0039,2026-04-07,16174,37083,81926
CONS-0039-0029,CUST-0039,2026-04-06,25756,29982,78403
CONS-0039-0030,CUST-0039,2026-02-15,13531,41526,82924
CONS-0039-0031,CUST-0039,2026-03-16,17202,25280,83149
CONS-0039-0032,CUST-0039,2026-03-26,16626,27827,90272
CONS-0039-0033,CUST-0039,2026-05-01,10035,41156,10008
CONS-0039-0034,CUST-0039,2026-02-20,13173,24829,24827
CONS-0039-0035,CUST-0039,2026-02-27,18030,25535,77877
CONS-0039-0036,CUST-0039,2026-05-05,20346,41630,29205
CONS-0039-0037,CUST-0039,2026-03-20,27703,49082,29953
CONS-0039-0038,CUST-0039,2026-02-19,16315,36877,97752
CONS-0039-0039,CUST-0039,2026-03-08,25566,14058,97517
CONS-0040-0000,CUST-0040,2026-04-02,3456,3240,4399
CONS-0040-0001,CUST-0040,2026-04-12,1725,5799,4995
CONS-0040-0002,CUST-0040,2026-02-15,4102,8951,8600
CONS-0040-0003,CUST-0040,2026-03-29,2868,1623,3224
CONS-0040-0004,CUST-0040,2026-05-09,4929,7905,7982
CONS-0040-0005,CUST-0040,2026-02-20,997,8436,9087
CONS-0040-0006,CUST-0040,2026-03-08,2320,3995,5740
CONS-0040-0007,CUST-0040,2026-04-09,4209,7057,9359
CONS-0040-0008,CUST-0040,2026-03-27,3691,4968,1640
CONS-0040-0009,CUST-0040,2026-05-08,1924,8813,3931
CONS-0040-0010,CUST-0040,2026-03-31,3441,2504,4572
CONS-0040-0011,CUST-0040,2026-03-30,6744,7390,3869
CONS-0040-0012,CUST-0040,2026-03-27,2082,7703,5268
CONS-0040-0013,CUST-0040,2026-02-22,5365,2019,6339
CONS-0040-0014,CUST-0040,2026-04-27,3700,7129,2285
CONS-0040-0015,CUST-0040,2026-02-22,7204,1361,5392
CONS-0040-0016,CUST-0040,2026-04-15,2832,8768,6172
CONS-0040-0017,CUST-0040,2026-03-14,6150,3422,5399
CONS-0040-0018,CUST-0040,2026-02-19,1215,2900,6685
CONS-0040-0019,CUST-0040,2026-04-29,5466,9836,3312
CONS-0040-0020,CUST-0040,2026-04-27,3099,5212,1868
CONS-0040-0021,CUST-0040,2026-03-19,6306,3488,3345
CONS-0040-0022,CUST-0040,2026-04-21,5707,2509,9914
CONS-0040-0023,CUST-0040,2026-04-22,2044,3671,4146
CONS-0040-0024,CUST-0040,2026-03-23,1381,1152,9723
CONS-0040-0025,CUST-0040,2026-05-03,4767,5580,5583
CONS-0040-0026,CUST-0040,2026-04-30,6660,8767,5634
CONS-0040-0027,CUST-0040,2026-04-05,750,3569,1386
CONS-0040-0028,CUST-0040,2026-03-13,6861,3963,7430
CONS-0040-0029,CUST-0040,2026-05-02,1936,7809,5541
CONS-0040-0030,CUST-0040,2026-05-04,2296,6113,4810
CONS-0041-0000,CUST-0041,2026-03-10,49531,155250,483624
CONS-0041-0001,CUST-0041,2026-03-17,53117,497575,725386
CONS-0041-0002,CUST-0041,2026-04-18,60267,221219,322019
CONS-0041-0003,CUST-0041,2026-03-13,50872,111135,311354
CONS-0041-0004,CUST-0041,2026-03-23,37237,473358,354877
CONS-0041-0005,CUST-0041,2026-04-30,15370,212609,134553
CONS-0041-0006,CUST-0041,2026-02-19,57263,388712,379716
CONS-0041-0007,CUST-0041,2026-03-20,44306,393652,120281
CONS-0041-0008,CUST-0041,2026-05-09,27767,90457,167286
CONS-0041-0009,CUST-0041,2026-03-06,31534,242662,913818
CONS-0041-0010,CUST-0041,2026-02-20,18552,60247,546195
CONS-0041-0011,CUST-0041,2026-05-04,29969,179565,966879
CONS-0041-0012,CUST-0041,2026-04-23,56299,234442,176020
CONS-0041-0013,CUST-0041,2026-04-10,47684,346112,597627
CONS-0041-0014,CUST-0041,2026-02-25,21243,281744,918751
CONS-0041-0015,CUST-0041,2026-05-01,58547,457793,674077
CONS-0041-0016,CUST-0041,2026-04-16,21129,71853,742135
CONS-0041-0017,CUST-0041,2026-04-26,53288,248271,755745
CONS-0041-0018,CUST-0041,2026-03-30,24158,405613,168724
CONS-0041-0019,CUST-0041,2026-05-09,14303,428453,802323
CONS-0041-0020,CUST-0041,2026-03-29,24314,475691,976307
CONS-0041-0021,CUST-0041,2026-03-15,26926,319662,565224
CONS-0041-0022,CUST-0041,2026-02-18,31948,461907,675749
CONS-0041-0023,CUST-0041,2026-04-06,41150,456687,881560
CONS-0041-0024,CUST-0041,2026-04-14,36047,134198,558954
CONS-0041-0025,CUST-0041,2026-03-17,26649,147338,608786
CONS-0041-0026,CUST-0041,2026-04-12,59306,484096,475856
CONS-0041-0027,CUST-0041,2026-02-25,32498,238666,600787
CONS-0041-0028,CUST-0041,2026-04-01,63230,201125,286671
CONS-0041-0029,CUST-0041,2026-04-22,69986,440631,279420
CONS-0041-0030,CUST-0041,2026-04-24,17912,165029,215939
CONS-0041-0031,CUST-0041,2026-03-16,64940,142816,976626
CONS-0041-0032,CUST-0041,2026-04-17,23718,398601,908302
CONS-0041-0033,CUST-0041,2026-04-09,28346,451210,309654
CONS-0041-0034,CUST-0041,2026-04-14,44556,323703,116594
CONS-0041-0035,CUST-0041,2026-03-22,16202,316664,944762
CONS-0041-0036,CUST-0041,2026-03-03,28839,144520,690968
CONS-0041-0037,CUST-0041,2026-03-08,55551,118148,328555
CONS-0041-0038,CUST-0041,2026-03-05,22667,187085,158872
CONS-0041-0039,CUST-0041,2026-03-19,54877,410752,551059
CONS-0041-0040,CUST-0041,2026-02-18,58090,425460,112308
CONS-0041-0041,CUST-0041,2026-03-16,42850,403521,278844
CONS-0041-0042,CUST-0041,2026-04-17,15953,210983,296213
CONS-0041-0043,CUST-0041,2026-04-01,41787,382618,324973
CONS-0041-0044,CUST-0041,2026-05-09,29268,80354,532724
CONS-0041-0045,CUST-0041,2026-03-15,69724,231238,108703
CONS-0041-0046,CUST-0041,2026-02-22,66052,100968,119836
CONS-0041-0047,CUST-0041,2026-03-23,41710,356637,313576
CONS-0041-0048,CUST-0041,2026-03-26,53930,282712,138663
CONS-0041-0049,CUST-0041,2026-04-16,48732,237831,685681
CONS-0041-0050,CUST-0041,2026-04-10,29738,446482,873065
CONS-0041-0051,CUST-0041,2026-04-19,27276,137210,281450
CONS-0041-0052,CUST-0041,2026-03-16,17612,410223,930047
CONS-0041-0053,CUST-0041,2026-05-04,34030,165805,653282
CONS-0041-0054,CUST-0041,2026-05-08,23307,479613,858298
CONS-0041-0055,CUST-0041,2026-02-12,37443,319150,725121
CONS-0041-0056,CUST-0041,2026-03-14,26720,494220,487619
CONS-0041-0057,CUST-0041,2026-05-10,62947,148642,654050
CONS-0041-0058,CUST-0041,2026-02-23,64206,376921,146496
CONS-0041-0059,CUST-0041,2026-03-12,25773,367324,371532
CONS-0041-0060,CUST-0041,2026-03-03,67288,395328,793359
CONS-0041-0061,CUST-0041,2026-04-29,34227,498480,579063
CONS-0041-0062,CUST-0041,2026-03-19,51471,130787,107462
CONS-0041-0063,CUST-0041,2026-03-27,68237,453662,815544
CONS-0041-0064,CUST-0041,2026-03-01,52712,54107,211817
CONS-0041-0065,CUST-0041,2026-02-11,61772,293720,149141
CONS-0041-0066,CUST-0041,2026-02-27,21198,381820,414815
CONS-0041-0067,CUST-0041,2026-05-03,59058,338868,757463
CONS-0041-0068,CUST-0041,2026-03-26,65972,223265,666324
CONS-0041-0069,CUST-0041,2026-05-01,41386,94334,799424
CONS-0041-0070,CUST-0041,2026-03-29,42571,135689,538301
CONS-0041-0071,CUST-0041,2026-04-01,55932,194068,613374
CONS-0041-0072,CUST-0041,2026-04-06,65654,100657,399029
CONS-0041-0073,CUST-0041,2026-02-22,55367,63089,882877
CONS-0041-0074,CUST-0041,2026-05-07,39905,443838,786603
CONS-0041-0075,CUST-0041,2026-03-24,45339,316391,504566
CONS-0041-0076,CUST-0041,2026-03-24,69818,458843,636013
CONS-0042-0000,CUST-0042,2026-04-14,20932,41502,95040
CONS-0042-0001,CUST-0042,2026-02-26,12127,17311,35443
CONS-0042-0002,CUST-0042,2026-02-28,20427,15665,56643
CONS-0042-0003,CUST-0042,2026-03-15,13147,41435,70630
CONS-0042-0004,CUST-0042,2026-03-31,22042,15138,29842
CONS-0042-0005,CUST-0042,2026-03-12,17967,34525,60443
CONS-0042-0006,CUST-0042,2026-03-18,18165,41921,24662
CONS-0042-0007,CUST-0042,2026-03-16,28359,25892,65759
CONS-0042-0008,CUST-0042,2026-03-13,19440,41287,82916
CONS-0042-0009,CUST-0042,2026-04-28,25225,17375,41789
CONS-0042-0010,CUST-0042,2026-04-18,13110,16875,25666
CONS-0042-0011,CUST-0042,2026-04-01,20146,15941,65949
CONS-0042-0012,CUST-0042,2026-04-08,25341,40885,99739
CONS-0042-0013,CUST-0042,2026-05-03,17280,47747,51358
CONS-0042-0014,CUST-0042,2026-03-23,12870,42541,64738
CONS-0042-0015,CUST-0042,2026-04-18,9975,34990,34044
CONS-0042-0016,CUST-0042,2026-04-23,20103,24834,50264
CONS-0042-0017,CUST-0042,2026-04-08,11953,13245,61100
CONS-0042-0018,CUST-0042,2026-03-08,21708,35713,18179
CONS-0042-0019,CUST-0042,2026-04-07,20172,24621,21044
CONS-0042-0020,CUST-0042,2026-04-15,26071,18999,25827
CONS-0042-0021,CUST-0042,2026-04-02,16014,44514,32715
CONS-0042-0022,CUST-0042,2026-04-11,7609,43827,46697
CONS-0042-0023,CUST-0042,2026-02-26,9532,25242,57450
CONS-0042-0024,CUST-0042,2026-05-01,27892,46424,94179
CONS-0042-0025,CUST-0042,2026-05-05,25656,34207,71779
CONS-0042-0026,CUST-0042,2026-03-13,20095,17253,34515
CONS-0042-0027,CUST-0042,2026-03-10,25119,24582,63278
CONS-0042-0028,CUST-0042,2026-03-09,24250,16174,62191
CONS-0042-0029,CUST-0042,2026-03-26,17328,39119,21041
CONS-0042-0030,CUST-0042,2026-04-28,16186,43884,72135
CONS-0042-0031,CUST-0042,2026-03-09,24750,38804,81279
CONS-0042-0032,CUST-0042,2026-04-29,29437,39764,82428
CONS-0042-0033,CUST-0042,2026-04-09,9454,42985,38759
CONS-0042-0034,CUST-0042,2026-02-14,21480,45553,46336
CONS-0042-0035,CUST-0042,2026-04-26,17046,15354,50282
CONS-0042-0036,CUST-0042,2026-04-12,27783,32931,20401
CONS-0042-0037,CUST-0042,2026-03-19,25308,43630,59385
CONS-0042-0038,CUST-0042,2026-03-04,19210,10617,26252
CONS-0042-0039,CUST-0042,2026-04-30,19477,13325,80455
CONS-0042-0040,CUST-0042,2026-03-07,23260,42883,66269
CONS-0042-0041,CUST-0042,2026-02-23,13971,22666,82594
CONS-0042-0042,CUST-0042,2026-03-23,9282,17439,34266
CONS-0042-0043,CUST-0042,2026-04-20,22555,40126,48852
CONS-0042-0044,CUST-0042,2026-04-26,14644,22560,51066
CONS-0042-0045,CUST-0042,2026-04-16,9690,41394,52873
CONS-0042-0046,CUST-0042,2026-05-04,29568,43919,34272
CONS-0042-0047,CUST-0042,2026-03-09,18544,32739,84434
CONS-0042-0048,CUST-0042,2026-02-21,17643,29266,94872
CONS-0042-0049,CUST-0042,2026-03-06,15009,18638,70925
CONS-0042-0050,CUST-0042,2026-04-23,16024,49269,16398
CONS-0042-0051,CUST-0042,2026-04-13,13617,35748,30476
CONS-0042-0052,CUST-0042,2026-05-06,26478,18792,64705
CONS-0042-0053,CUST-0042,2026-02-19,22495,41131,33465
CONS-0042-0054,CUST-0042,2026-03-06,25372,20146,60011
CONS-0043-0000,CUST-0043,2026-03-05,25182,12791,80464
CONS-0043-0001,CUST-0043,2026-02-17,25857,34297,40548
CONS-0043-0002,CUST-0043,2026-04-17,14649,15647,41589
CONS-0043-0003,CUST-0043,2026-04-26,23964,22459,40996
CONS-0043-0004,CUST-0043,2026-03-07,21931,49655,24292
CONS-0043-0005,CUST-0043,2026-02-28,21484,29799,53547
CONS-0043-0006,CUST-0043,2026-05-09,26031,36956,87172
CONS-0043-0007,CUST-0043,2026-03-21,29220,12593,58981
CONS-0043-0008,CUST-0043,2026-05-04,28245,46973,11903
CONS-0043-0009,CUST-0043,2026-03-07,14587,40473,99256
CONS-0043-0010,CUST-0043,2026-04-20,19239,48545,79281
CONS-0043-0011,CUST-0043,2026-05-05,29764,14683,90670
CONS-0043-0012,CUST-0043,2026-03-16,23155,16232,39483
CONS-0043-0013,CUST-0043,2026-04-07,20328,16383,95186
CONS-0043-0014,CUST-0043,2026-02-26,28914,19513,44716
CONS-0043-0015,CUST-0043,2026-04-09,21504,48019,50354
CONS-0043-0016,CUST-0043,2026-03-15,10509,12874,26632
CONS-0043-0017,CUST-0043,2026-02-17,14665,48518,80541
CONS-0043-0018,CUST-0043,2026-04-26,20869,41380,63426
CONS-0043-0019,CUST-0043,2026-02-13,29458,35556,16716
CONS-0043-0020,CUST-0043,2026-03-15,17146,21848,44917
CONS-0043-0021,CUST-0043,2026-04-03,7590,21289,14148
CONS-0043-0022,CUST-0043,2026-02-27,27513,30659,47399
CONS-0043-0023,CUST-0043,2026-03-27,7689,31425,25134
CONS-0043-0024,CUST-0043,2026-04-19,11694,37888,68654
CONS-0043-0025,CUST-0043,2026-04-30,23847,29176,29283
CONS-0043-0026,CUST-0043,2026-02-12,28534,47168,96296
CONS-0043-0027,CUST-0043,2026-02-18,27157,14621,74292
CONS-0043-0028,CUST-0043,2026-02-24,18985,40261,98614
CONS-0043-0029,CUST-0043,2026-03-10,23794,30316,69186
CONS-0043-0030,CUST-0043,2026-03-29,12715,25954,93244
CONS-0043-0031,CUST-0043,2026-03-16,13063,18411,81877
CONS-0043-0032,CUST-0043,2026-04-04,22035,19359,74385
CONS-0043-0033,CUST-0043,2026-04-18,11488,42013,51067
CONS-0043-0034,CUST-0043,2026-04-19,8676,48945,74523
CONS-0043-0035,CUST-0043,2026-02-17,18493,10029,74082
CONS-0043-0036,CUST-0043,2026-02-28,16764,36817,56784
CONS-0043-0037,CUST-0043,2026-03-30,25656,20778,90087
CONS-0043-0038,CUST-0043,2026-04-21,11836,29847,32355
CONS-0043-0039,CUST-0043,2026-02-24,21148,12181,92420
CONS-0043-0040,CUST-0043,2026-05-10,24622,42960,96721
CONS-0043-0041,CUST-0043,2026-02-23,21915,24671,48041
CONS-0043-0042,CUST-0043,2026-03-08,18852,33583,40959
CONS-0043-0043,CUST-0043,2026-03-02,20953,36485,78465
CONS-0043-0044,CUST-0043,2026-02-21,16465,21891,62548
CONS-0043-0045,CUST-0043,2026-03-19,12729,26034,44923
CONS-0043-0046,CUST-0043,2026-04-04,10102,16581,90287
CONS-0043-0047,CUST-0043,2026-04-08,16554,37775,65261
CONS-0043-0048,CUST-0043,2026-05-09,13732,25664,81864
CONS-0043-0049,CUST-0043,2026-04-22,13554,15475,82593
CONS-0043-0050,CUST-0043,2026-05-08,14112,43151,10206
CONS-0043-0051,CUST-0043,2026-03-11,14872,44273,34055
CONS-0043-0052,CUST-0043,2026-03-29,22579,27340,35123
CONS-0043-0053,CUST-0043,2026-03-13,26970,44723,77361
CONS-0044-0000,CUST-0044,2026-03-15,66517,166978,795543
CONS-0044-0001,CUST-0044,2026-04-30,146455,391517,149290
CONS-0044-0002,CUST-0044,2026-04-23,100815,283042,566199
CONS-0044-0003,CUST-0044,2026-02-19,141351,400149,938296
CONS-0044-0004,CUST-0044,2026-03-26,100969,256861,818234
CONS-0044-0005,CUST-0044,2026-03-01,44457,334770,727129
CONS-0044-0006,CUST-0044,2026-05-08,73387,393625,280280
CONS-0044-0007,CUST-0044,2026-04-19,34935,352260,528729
CONS-0044-0008,CUST-0044,2026-04-27,31383,67136,534771
CONS-0044-0009,CUST-0044,2026-03-08,125022,64911,732303
CONS-0044-0010,CUST-0044,2026-05-06,72645,162380,309920
CONS-0044-0011,CUST-0044,2026-03-01,127347,415292,658162
CONS-0044-0012,CUST-0044,2026-04-12,67993,191543,507250
CONS-0044-0013,CUST-0044,2026-04-20,76144,472949,550818
CONS-0044-0014,CUST-0044,2026-05-02,43690,459298,340461
CONS-0044-0015,CUST-0044,2026-04-02,120414,190286,272705
CONS-0044-0016,CUST-0044,2026-05-08,134098,349254,471045
CONS-0044-0017,CUST-0044,2026-05-02,45910,94417,315515
CONS-0044-0018,CUST-0044,2026-03-26,84694,122470,389691
CONS-0044-0019,CUST-0044,2026-03-07,102846,337317,126157
CONS-0044-0020,CUST-0044,2026-04-03,62910,417473,967749
CONS-0044-0021,CUST-0044,2026-02-13,45951,104294,984964
CONS-0044-0022,CUST-0044,2026-04-01,124197,446045,202007
CONS-0044-0023,CUST-0044,2026-04-12,105159,128120,668136
CONS-0044-0024,CUST-0044,2026-02-22,82596,129086,404791
CONS-0044-0025,CUST-0044,2026-04-01,61233,469581,229764
CONS-0044-0026,CUST-0044,2026-02-25,82285,341081,855929
CONS-0044-0027,CUST-0044,2026-04-12,102739,86295,187112
CONS-0044-0028,CUST-0044,2026-04-30,125343,487512,529102
CONS-0044-0029,CUST-0044,2026-04-28,109272,310642,748575
CONS-0044-0030,CUST-0044,2026-03-14,78711,181756,577518
CONS-0044-0031,CUST-0044,2026-05-05,132003,77575,460475
CONS-0044-0032,CUST-0044,2026-04-06,61545,347105,755872
CONS-0044-0033,CUST-0044,2026-04-05,70606,342276,490430
CONS-0044-0034,CUST-0044,2026-04-22,93048,252526,663984
CONS-0044-0035,CUST-0044,2026-03-07,40614,480858,582333
CONS-0044-0036,CUST-0044,2026-04-29,121767,345447,420876
CONS-0044-0037,CUST-0044,2026-03-02,32953,276180,949310
CONS-0044-0038,CUST-0044,2026-04-20,64638,177074,160521
CONS-0044-0039,CUST-0044,2026-04-07,49836,79849,790774
CONS-0045-0000,CUST-0045,2026-02-21,3611,1824,8417
CONS-0045-0001,CUST-0045,2026-03-20,686,4124,5625
CONS-0045-0002,CUST-0045,2026-05-10,4981,9714,4770
CONS-0045-0003,CUST-0045,2026-03-05,2471,3542,9036
CONS-0045-0004,CUST-0045,2026-02-25,3263,8833,7734
CONS-0045-0005,CUST-0045,2026-04-16,1592,7160,9515
CONS-0045-0006,CUST-0045,2026-02-24,2353,8041,2899
CONS-0045-0007,CUST-0045,2026-03-05,4447,7912,5673
CONS-0045-0008,CUST-0045,2026-04-03,2770,9174,9595
CONS-0045-0009,CUST-0045,2026-04-16,3728,3173,7162
CONS-0045-0010,CUST-0045,2026-02-11,1225,1822,6306
CONS-0045-0011,CUST-0045,2026-03-04,1730,1741,5484
CONS-0045-0012,CUST-0045,2026-03-05,1153,3187,5309
CONS-0045-0013,CUST-0045,2026-03-27,4896,2324,7310
CONS-0045-0014,CUST-0045,2026-03-25,1050,6145,5943
CONS-0045-0015,CUST-0045,2026-03-21,1118,3410,7234
CONS-0045-0016,CUST-0045,2026-04-12,1460,4984,7339
CONS-0045-0017,CUST-0045,2026-05-06,3035,5878,2440
CONS-0045-0018,CUST-0045,2026-04-22,3374,7962,3204
CONS-0045-0019,CUST-0045,2026-03-04,870,5781,3457
CONS-0045-0020,CUST-0045,2026-04-30,989,5934,1667
CONS-0045-0021,CUST-0045,2026-04-14,3644,5570,2340
CONS-0045-0022,CUST-0045,2026-04-30,2671,1369,8488
CONS-0045-0023,CUST-0045,2026-03-30,2193,5213,2009
CONS-0045-0024,CUST-0045,2026-04-03,2644,2428,4907
CONS-0045-0025,CUST-0045,2026-02-25,1379,3641,2046
CONS-0045-0026,CUST-0045,2026-02-22,3536,7443,8581
CONS-0045-0027,CUST-0045,2026-05-07,4848,6117,6301
CONS-0045-0028,CUST-0045,2026-03-03,4225,7007,8447
CONS-0045-0029,CUST-0045,2026-03-25,1724,3704,1189
CONS-0045-0030,CUST-0045,2026-03-13,709,2109,7802
CONS-0045-0031,CUST-0045,2026-02-10,1377,8515,4956
CONS-0045-0032,CUST-0045,2026-04-30,1118,6105,7571
CONS-0045-0033,CUST-0045,2026-03-21,4746,4777,2570
CONS-0045-0034,CUST-0045,2026-03-29,2527,2189,9751
CONS-0045-0035,CUST-0045,2026-04-01,3242,9496,6750
CONS-0045-0036,CUST-0045,2026-03-09,3527,9441,9176
CONS-0045-0037,CUST-0045,2026-02-18,3815,1592,1919
CONS-0045-0038,CUST-0045,2026-04-02,3630,9229,3867
CONS-0045-0039,CUST-0045,2026-04-25,3390,8911,3606
CONS-0045-0040,CUST-0045,2026-03-07,4475,3142,2431
CONS-0045-0041,CUST-0045,2026-04-03,3871,6333,1471
CONS-0045-0042,CUST-0045,2026-02-27,1170,1758,3794
CONS-0045-0043,CUST-0045,2026-02-20,1434,3642,1519
CONS-0045-0044,CUST-0045,2026-04-15,4513,9529,4179
CONS-0045-0045,CUST-0045,2026-03-24,3711,8451,4042
CONS-0045-0046,CUST-0045,2026-04-12,3413,6254,9858
CONS-0045-0047,CUST-0045,2026-03-30,916,8272,4448
CONS-0045-0048,CUST-0045,2026-03-07,1540,9268,8200
CONS-0045-0049,CUST-0045,2026-02-26,1977,7903,3709
CONS-0045-0050,CUST-0045,2026-04-19,1102,9559,9648
CONS-0045-0051,CUST-0045,2026-03-30,2400,9668,4305
CONS-0046-0000,CUST-0046,2026-03-03,8787,40171,88729
CONS-0046-0001,CUST-0046,2026-03-15,5088,23424,89552
CONS-0046-0002,CUST-0046,2026-04-08,16216,42730,36734
CONS-0046-0003,CUST-0046,2026-04-28,9628,28913,81785
CONS-0046-0004,CUST-0046,2026-02-24,13441,18778,96549
CONS-0046-0005,CUST-0046,2026-04-20,17075,30333,44130
CONS-0046-0006,CUST-0046,2026-04-01,19938,42208,70130
CONS-0046-0007,CUST-0046,2026-03-22,11391,11164,65582
CONS-0046-0008,CUST-0046,2026-03-16,10717,17073,47563
CONS-0046-0009,CUST-0046,2026-02-18,11387,11429,47498
CONS-0046-0010,CUST-0046,2026-05-06,11842,24011,57672
CONS-0046-0011,CUST-0046,2026-03-17,5910,11005,34892
CONS-0046-0012,CUST-0046,2026-04-16,8660,33878,70392
CONS-0046-0013,CUST-0046,2026-02-11,7442,12953,43391
CONS-0046-0014,CUST-0046,2026-04-30,14865,36254,92445
CONS-0046-0015,CUST-0046,2026-04-29,12383,20630,86898
CONS-0046-0016,CUST-0046,2026-03-21,8325,23139,85881
CONS-0046-0017,CUST-0046,2026-04-14,13542,47743,63070
CONS-0046-0018,CUST-0046,2026-04-03,18407,41227,51988
CONS-0046-0019,CUST-0046,2026-02-12,8585,29580,39849
CONS-0046-0020,CUST-0046,2026-04-18,17195,16071,21995
CONS-0046-0021,CUST-0046,2026-05-01,11037,14221,55640
CONS-0046-0022,CUST-0046,2026-04-22,12892,44817,47573
CONS-0046-0023,CUST-0046,2026-04-25,15197,18144,82230
CONS-0046-0024,CUST-0046,2026-03-26,13560,34954,95557
CONS-0046-0025,CUST-0046,2026-04-28,7388,45386,35987
CONS-0046-0026,CUST-0046,2026-04-29,10180,31780,80174
CONS-0046-0027,CUST-0046,2026-03-11,12663,38918,88378
CONS-0046-0028,CUST-0046,2026-03-07,13222,43873,76392
CONS-0046-0029,CUST-0046,2026-03-17,13148,31765,76142
CONS-0046-0030,CUST-0046,2026-03-25,15137,46256,77686
CONS-0046-0031,CUST-0046,2026-03-17,19478,42425,17935
CONS-0046-0032,CUST-0046,2026-05-08,10741,19524,46390
CONS-0046-0033,CUST-0046,2026-02-20,13691,27489,65478
CONS-0046-0034,CUST-0046,2026-04-12,11433,18970,66855
CONS-0046-0035,CUST-0046,2026-04-11,15360,27341,53243
CONS-0046-0036,CUST-0046,2026-03-08,18639,10836,67394
CONS-0046-0037,CUST-0046,2026-02-19,6724,14997,63694
CONS-0046-0038,CUST-0046,2026-04-17,14284,47063,41972
CONS-0046-0039,CUST-0046,2026-05-03,8987,47149,52985
CONS-0046-0040,CUST-0046,2026-03-22,17114,20817,89230
CONS-0046-0041,CUST-0046,2026-03-28,16869,20150,51431
CONS-0046-0042,CUST-0046,2026-04-18,15389,19298,60027
CONS-0046-0043,CUST-0046,2026-04-21,5316,31778,41101
CONS-0046-0044,CUST-0046,2026-04-24,6223,48642,64401
CONS-0046-0045,CUST-0046,2026-04-16,15705,44516,49272
CONS-0046-0046,CUST-0046,2026-02-18,14228,42564,51085
CONS-0046-0047,CUST-0046,2026-05-01,13551,29033,16284
CONS-0046-0048,CUST-0046,2026-04-16,19597,34758,20958
CONS-0046-0049,CUST-0046,2026-03-04,9366,21365,42182
CONS-0046-0050,CUST-0046,2026-04-27,19738,11980,95043
CONS-0046-0051,CUST-0046,2026-04-12,12792,25152,85143
CONS-0046-0052,CUST-0046,2026-04-08,6232,47936,25475
CONS-0046-0053,CUST-0046,2026-02-27,15507,42562,72296
CONS-0046-0054,CUST-0046,2026-05-09,13113,27204,78760
CONS-0046-0055,CUST-0046,2026-02-10,10633,23316,17335
CONS-0046-0056,CUST-0046,2026-04-30,5874,20976,87962
CONS-0046-0057,CUST-0046,2026-02-15,17544,28987,42018
CONS-0046-0058,CUST-0046,2026-04-04,5065,49994,69092
CONS-0046-0059,CUST-0046,2026-03-01,15716,28858,87960
CONS-0046-0060,CUST-0046,2026-03-19,18488,38969,68449
CONS-0046-0061,CUST-0046,2026-03-31,10024,45122,36504
CONS-0047-0000,CUST-0047,2026-04-02,87448,312886,180328
CONS-0047-0001,CUST-0047,2026-04-06,72378,51273,928864
CONS-0047-0002,CUST-0047,2026-03-28,68654,242885,188041
CONS-0047-0003,CUST-0047,2026-03-05,43846,406833,654260
CONS-0047-0004,CUST-0047,2026-04-25,66825,247340,923564
CONS-0047-0005,CUST-0047,2026-02-15,59727,429667,581232
CONS-0047-0006,CUST-0047,2026-02-12,59133,127487,910425
CONS-0047-0007,CUST-0047,2026-04-27,35147,372926,492625
CONS-0047-0008,CUST-0047,2026-02-24,86490,268978,997890
CONS-0047-0009,CUST-0047,2026-05-02,84697,126060,293565
CONS-0047-0010,CUST-0047,2026-03-18,35517,342274,819618
CONS-0047-0011,CUST-0047,2026-04-03,94972,59445,688135
CONS-0047-0012,CUST-0047,2026-04-15,85701,357178,113278
CONS-0047-0013,CUST-0047,2026-04-01,59855,233515,240236
CONS-0047-0014,CUST-0047,2026-03-05,86474,249738,407986
CONS-0047-0015,CUST-0047,2026-05-08,75627,410181,809168
CONS-0047-0016,CUST-0047,2026-05-09,34303,183162,277253
CONS-0047-0017,CUST-0047,2026-03-28,75135,417373,794029
CONS-0047-0018,CUST-0047,2026-04-22,97858,311009,906830
CONS-0047-0019,CUST-0047,2026-02-19,36216,474090,239627
CONS-0047-0020,CUST-0047,2026-03-25,58298,111163,195071
CONS-0047-0021,CUST-0047,2026-04-07,46110,493274,410914
CONS-0047-0022,CUST-0047,2026-02-21,35572,111282,213014
CONS-0047-0023,CUST-0047,2026-03-28,96244,397987,119296
CONS-0047-0024,CUST-0047,2026-02-11,51959,385912,432124
CONS-0047-0025,CUST-0047,2026-04-26,99266,164669,965307
CONS-0047-0026,CUST-0047,2026-03-06,60576,393376,805790
CONS-0047-0027,CUST-0047,2026-02-17,26148,222861,769079
CONS-0047-0028,CUST-0047,2026-03-06,80530,473796,265264
CONS-0047-0029,CUST-0047,2026-02-25,60242,199069,583760
CONS-0047-0030,CUST-0047,2026-05-05,81248,388311,891026
CONS-0047-0031,CUST-0047,2026-03-26,32002,50177,464862
CONS-0047-0032,CUST-0047,2026-04-09,96606,55093,932135
CONS-0047-0033,CUST-0047,2026-05-01,96290,423691,765168
CONS-0047-0034,CUST-0047,2026-02-18,41378,322053,929047
CONS-0047-0035,CUST-0047,2026-04-16,39342,485530,508486
CONS-0047-0036,CUST-0047,2026-04-25,72596,325350,647036
CONS-0047-0037,CUST-0047,2026-05-10,85448,339903,514584
CONS-0047-0038,CUST-0047,2026-03-15,77436,447863,778909
CONS-0047-0039,CUST-0047,2026-04-24,43104,67894,695205
CONS-0047-0040,CUST-0047,2026-04-07,74714,247228,198271
CONS-0047-0041,CUST-0047,2026-03-21,49704,55126,177078
CONS-0047-0042,CUST-0047,2026-02-16,45858,488453,248222
CONS-0047-0043,CUST-0047,2026-03-06,26635,232742,320801
CONS-0047-0044,CUST-0047,2026-04-18,97750,479449,955338
CONS-0047-0045,CUST-0047,2026-04-16,33629,133677,331894
CONS-0047-0046,CUST-0047,2026-03-28,96070,319607,212392
CONS-0047-0047,CUST-0047,2026-04-14,93720,447517,675315
CONS-0047-0048,CUST-0047,2026-05-09,98908,248325,660889
CONS-0047-0049,CUST-0047,2026-04-14,90614,475468,207605
CONS-0047-0050,CUST-0047,2026-03-29,24348,340021,908917
CONS-0047-0051,CUST-0047,2026-04-21,63553,144318,396734
CONS-0047-0052,CUST-0047,2026-03-13,30254,463829,898585
CONS-0047-0053,CUST-0047,2026-02-15,33791,107298,323819
CONS-0047-0054,CUST-0047,2026-02-15,91318,198815,978001
CONS-0047-0055,CUST-0047,2026-04-13,53581,455651,453987
CONS-0047-0056,CUST-0047,2026-05-04,93755,180443,519987
CONS-0047-0057,CUST-0047,2026-04-19,60260,111967,770698
CONS-0047-0058,CUST-0047,2026-02-14,59997,414372,193131
CONS-0047-0059,CUST-0047,2026-03-07,50350,86020,140533
CONS-0047-0060,CUST-0047,2026-02-23,53247,232806,102477
CONS-0048-0000,CUST-0048,2026-04-14,31895,109777,321199
CONS-0048-0001,CUST-0048,2026-02-16,45451,270291,798573
CONS-0048-0002,CUST-0048,2026-04-27,61287,250513,376509
CONS-0048-0003,CUST-0048,2026-02-18,89732,122266,128617
CONS-0048-0004,CUST-0048,2026-03-03,46518,298552,377678
CONS-0048-0005,CUST-0048,2026-04-11,87974,362133,857225
CONS-0048-0006,CUST-0048,2026-03-03,52387,222401,350844
CONS-0048-0007,CUST-0048,2026-02-26,62140,109663,824089
CONS-0048-0008,CUST-0048,2026-05-09,41118,357333,784274
CONS-0048-0009,CUST-0048,2026-03-05,23846,457428,249616
CONS-0048-0010,CUST-0048,2026-03-20,42052,486399,972252
CONS-0048-0011,CUST-0048,2026-02-13,39599,187205,856155
CONS-0048-0012,CUST-0048,2026-03-21,72047,102555,858442
CONS-0048-0013,CUST-0048,2026-04-09,20236,125946,104938
CONS-0048-0014,CUST-0048,2026-03-08,20156,377940,809135
CONS-0048-0015,CUST-0048,2026-04-08,66422,129064,829613
CONS-0048-0016,CUST-0048,2026-04-17,28993,394635,733575
CONS-0048-0017,CUST-0048,2026-04-23,79486,121093,143336
CONS-0048-0018,CUST-0048,2026-03-13,55997,157297,475039
CONS-0048-0019,CUST-0048,2026-02-18,45725,245729,544472
CONS-0048-0020,CUST-0048,2026-03-06,48468,104568,251817
CONS-0048-0021,CUST-0048,2026-03-15,87856,349983,663552
CONS-0048-0022,CUST-0048,2026-03-22,32913,217897,634631
CONS-0048-0023,CUST-0048,2026-03-04,64867,149318,185426
CONS-0048-0024,CUST-0048,2026-02-13,98402,70925,389107
CONS-0048-0025,CUST-0048,2026-04-24,40043,148769,665451
CONS-0048-0026,CUST-0048,2026-02-10,64845,377861,417894
CONS-0048-0027,CUST-0048,2026-04-15,37520,445691,999325
CONS-0048-0028,CUST-0048,2026-04-17,80552,358629,137017
CONS-0048-0029,CUST-0048,2026-04-30,24047,233935,323093
CONS-0048-0030,CUST-0048,2026-04-28,68520,384342,192452
CONS-0048-0031,CUST-0048,2026-04-07,71070,331231,862067
CONS-0048-0032,CUST-0048,2026-04-15,46228,310432,341229
CONS-0048-0033,CUST-0048,2026-04-25,84739,342762,870602
CONS-0048-0034,CUST-0048,2026-05-06,22047,280777,920760
CONS-0048-0035,CUST-0048,2026-05-05,39855,51728,891721
CONS-0048-0036,CUST-0048,2026-03-19,91991,309929,764335
CONS-0048-0037,CUST-0048,2026-05-04,90003,113125,650812
CONS-0048-0038,CUST-0048,2026-03-16,55327,376751,192197
CONS-0048-0039,CUST-0048,2026-04-14,96745,146174,181448
CONS-0048-0040,CUST-0048,2026-05-06,81406,169974,318623
CONS-0048-0041,CUST-0048,2026-04-14,28217,137518,748805
CONS-0048-0042,CUST-0048,2026-04-14,23444,300470,413997
CONS-0048-0043,CUST-0048,2026-05-06,49463,494018,961274
CONS-0048-0044,CUST-0048,2026-04-23,45814,322769,687272
CONS-0048-0045,CUST-0048,2026-02-17,87221,390696,454964
CONS-0048-0046,CUST-0048,2026-04-17,43405,460661,981676
CONS-0048-0047,CUST-0048,2026-04-17,39822,121156,927146
CONS-0048-0048,CUST-0048,2026-05-02,86665,131869,910366
CONS-0048-0049,CUST-0048,2026-03-07,83691,179998,937531
CONS-0048-0050,CUST-0048,2026-03-23,57989,484098,870735
CONS-0048-0051,CUST-0048,2026-05-03,21702,118129,285130
CONS-0048-0052,CUST-0048,2026-04-29,59221,184219,235016
CONS-0048-0053,CUST-0048,2026-04-15,60538,106505,566742
CONS-0048-0054,CUST-0048,2026-02-15,24179,338342,981867
CONS-0048-0055,CUST-0048,2026-02-24,58669,86876,393723
CONS-0048-0056,CUST-0048,2026-02-22,68405,436747,767275
CONS-0048-0057,CUST-0048,2026-04-13,60490,281497,865245
CONS-0048-0058,CUST-0048,2026-04-29,86574,454168,864178
CONS-0048-0059,CUST-0048,2026-04-17,85818,70955,367581
CONS-0048-0060,CUST-0048,2026-02-24,53429,138128,459242
CONS-0048-0061,CUST-0048,2026-02-13,33321,319423,846155
CONS-0048-0062,CUST-0048,2026-03-16,65948,479185,621109
CONS-0048-0063,CUST-0048,2026-05-08,81993,98592,531492
CONS-0048-0064,CUST-0048,2026-03-28,78344,300097,761266
CONS-0048-0065,CUST-0048,2026-04-25,91448,341646,966300
CONS-0048-0066,CUST-0048,2026-05-10,34098,341846,899255
CONS-0048-0067,CUST-0048,2026-04-23,28603,408837,903810
CONS-0048-0068,CUST-0048,2026-02-16,30606,164385,602797
CONS-0048-0069,CUST-0048,2026-02-23,75341,340538,405140
CONS-0048-0070,CUST-0048,2026-03-07,27336,489249,535916
CONS-0048-0071,CUST-0048,2026-02-25,98844,447542,962088
CONS-0048-0072,CUST-0048,2026-03-19,82318,321702,232324
CONS-0048-0073,CUST-0048,2026-05-06,76613,482664,169109
CONS-0048-0074,CUST-0048,2026-02-26,36426,320999,213971
CONS-0048-0075,CUST-0048,2026-03-03,32414,250774,142839
CONS-0048-0076,CUST-0048,2026-03-02,99264,67921,785883
CONS-0048-0077,CUST-0048,2026-04-15,23968,317277,586194
CONS-0048-0078,CUST-0048,2026-03-19,65197,479467,734341
CONS-0048-0079,CUST-0048,2026-03-12,59746,233924,902588
CONS-0048-0080,CUST-0048,2026-03-30,80352,144978,266915
CONS-0049-0000,CUST-0049,2026-04-25,364,262,451
CONS-0049-0001,CUST-0049,2026-05-01,267,297,920
CONS-0049-0002,CUST-0049,2026-04-03,211,341,957
CONS-0049-0003,CUST-0049,2026-03-10,330,600,574
CONS-0049-0004,CUST-0049,2026-02-11,432,381,773
CONS-0049-0005,CUST-0049,2026-04-10,417,779,309
CONS-0049-0006,CUST-0049,2026-03-16,682,417,477
CONS-0049-0007,CUST-0049,2026-03-24,436,492,499
CONS-0049-0008,CUST-0049,2026-03-11,679,392,332
CONS-0049-0009,CUST-0049,2026-04-07,204,904,631
CONS-0049-0010,CUST-0049,2026-03-19,186,778,908
CONS-0049-0011,CUST-0049,2026-04-20,355,624,243
CONS-0049-0012,CUST-0049,2026-02-15,373,538,741
CONS-0049-0013,CUST-0049,2026-03-27,268,630,138
CONS-0049-0014,CUST-0049,2026-02-21,603,116,788
CONS-0049-0015,CUST-0049,2026-03-31,345,634,335
CONS-0049-0016,CUST-0049,2026-04-29,582,272,143
CONS-0049-0017,CUST-0049,2026-03-17,582,958,655
CONS-0049-0018,CUST-0049,2026-02-15,138,643,903
CONS-0049-0019,CUST-0049,2026-02-26,546,766,928
CONS-0049-0020,CUST-0049,2026-03-29,534,774,430
CONS-0049-0021,CUST-0049,2026-04-14,169,159,903
CONS-0049-0022,CUST-0049,2026-03-02,660,547,872
CONS-0049-0023,CUST-0049,2026-03-14,505,646,396
CONS-0049-0024,CUST-0049,2026-02-12,403,661,689
CONS-0049-0025,CUST-0049,2026-05-01,142,984,708
CONS-0049-0026,CUST-0049,2026-05-02,88,330,431
CONS-0049-0027,CUST-0049,2026-04-30,319,836,638
CONS-0049-0028,CUST-0049,2026-04-08,511,701,188
CONS-0049-0029,CUST-0049,2026-04-03,744,801,840
CONS-0049-0030,CUST-0049,2026-04-11,571,396,383
CONS-0049-0031,CUST-0049,2026-04-10,240,982,526
CONS-0049-0032,CUST-0049,2026-03-18,703,293,627
CONS-0049-0033,CUST-0049,2026-04-02,706,516,521
CONS-0049-0034,CUST-0049,2026-03-19,244,147,990
CONS-0049-0035,CUST-0049,2026-04-26,166,105,917
CONS-0049-0036,CUST-0049,2026-02-22,616,547,797
CONS-0049-0037,CUST-0049,2026-05-01,595,585,212
CONS-0049-0038,CUST-0049,2026-04-23,321,286,655
CONS-0049-0039,CUST-0049,2026-05-10,118,899,590
CONS-0049-0040,CUST-0049,2026-03-20,451,184,137
CONS-0049-0041,CUST-0049,2026-04-02,127,673,353
CONS-0049-0042,CUST-0049,2026-05-03,520,616,352
CONS-0049-0043,CUST-0049,2026-03-07,510,694,138
CONS-0049-0044,CUST-0049,2026-04-18,721,754,708
CONS-0049-0045,CUST-0049,2026-05-06,282,146,521
CONS-0049-0046,CUST-0049,2026-02-21,381,778,497
CONS-0049-0047,CUST-0049,2026-04-28,579,369,538
CONS-0049-0048,CUST-0049,2026-03-31,256,564,315
CONS-0049-0049,CUST-0049,2026-04-21,105,303,296
CONS-0049-0050,CUST-0049,2026-02-15,489,725,323
CONS-0049-0051,CUST-0049,2026-03-15,682,992,686
CONS-0049-0052,CUST-0049,2026-02-17,313,198,980
CONS-0049-0053,CUST-0049,2026-04-21,79,102,625
CONS-0049-0054,CUST-0049,2026-02-22,271,876,668
CONS-0049-0055,CUST-0049,2026-04-25,105,259,773
CONS-0049-0056,CUST-0049,2026-05-09,558,918,888
CONS-0049-0057,CUST-0049,2026-05-03,528,302,553
CONS-0049-0058,CUST-0049,2026-05-05,643,280,799
CONS-0049-0059,CUST-0049,2026-04-20,603,150,363
CONS-0049-0060,CUST-0049,2026-05-01,295,730,958
CONS-0049-0061,CUST-0049,2026-03-04,460,642,452
CONS-0049-0062,CUST-0049,2026-02-23,507,393,132
CONS-0049-0063,CUST-0049,2026-04-21,147,158,973
CONS-0049-0064,CUST-0049,2026-03-17,126,284,251
CONS-0049-0065,CUST-0049,2026-04-19,159,675,294
CONS-0049-0066,CUST-0049,2026-04-07,292,303,805
CONS-0049-0067,CUST-0049,2026-03-08,484,342,512
CONS-0049-0068,CUST-0049,2026-02-21,459,853,373
CONS-0049-0069,CUST-0049,2026-03-10,529,777,186
CONS-0049-0070,CUST-0049,2026-03-10,357,630,628
CONS-0049-0071,CUST-0049,2026-04-19,94,191,955
CONS-0049-0072,CUST-0049,2026-05-05,501,282,762
CONS-0049-0073,CUST-0049,2026-04-03,483,757,383
CONS-0049-0074,CUST-0049,2026-03-17,96,474,319
CONS-0050-0000,CUST-0050,2026-03-08,48080,136246,652751
CONS-0050-0001,CUST-0050,2026-04-24,77164,408186,752787
CONS-0050-0002,CUST-0050,2026-03-30,77384,192638,997654
CONS-0050-0003,CUST-0050,2026-03-22,80316,306991,110705
CONS-0050-0004,CUST-0050,2026-02-25,71470,387480,804139
CONS-0050-0005,CUST-0050,2026-03-15,24926,251061,905885
CONS-0050-0006,CUST-0050,2026-05-01,34118,235309,578246
CONS-0050-0007,CUST-0050,2026-04-24,48855,297052,518037
CONS-0050-0008,CUST-0050,2026-02-22,20543,302880,117513
CONS-0050-0009,CUST-0050,2026-03-21,92198,196511,953237
CONS-0050-0010,CUST-0050,2026-04-24,36076,305465,420011
CONS-0050-0011,CUST-0050,2026-04-13,65977,211441,738728
CONS-0050-0012,CUST-0050,2026-03-10,89469,356948,864677
CONS-0050-0013,CUST-0050,2026-03-23,98721,357301,831651
CONS-0050-0014,CUST-0050,2026-04-15,43871,349064,846669
CONS-0050-0015,CUST-0050,2026-03-24,96672,402005,247347
CONS-0050-0016,CUST-0050,2026-03-10,46649,192495,985120
CONS-0050-0017,CUST-0050,2026-04-13,21787,378292,351913
CONS-0050-0018,CUST-0050,2026-05-05,97119,263382,709582
CONS-0050-0019,CUST-0050,2026-04-18,72716,479952,488661
CONS-0050-0020,CUST-0050,2026-03-31,23623,85671,101560
CONS-0050-0021,CUST-0050,2026-04-30,67962,266707,585750
CONS-0050-0022,CUST-0050,2026-03-14,63260,491135,330379
CONS-0050-0023,CUST-0050,2026-03-31,54528,92764,448771
CONS-0050-0024,CUST-0050,2026-04-10,50614,164774,944777
CONS-0050-0025,CUST-0050,2026-02-12,57732,78609,613889
CONS-0050-0026,CUST-0050,2026-02-19,34691,115815,850948
CONS-0050-0027,CUST-0050,2026-03-21,65122,325413,291302
CONS-0050-0028,CUST-0050,2026-03-17,70147,347802,786684
CONS-0050-0029,CUST-0050,2026-04-22,38718,326186,420428
CONS-0050-0030,CUST-0050,2026-05-06,41097,154188,807734
CONS-0050-0031,CUST-0050,2026-04-26,60872,186928,479933
CONS-0050-0032,CUST-0050,2026-03-04,69582,134209,357466
CONS-0050-0033,CUST-0050,2026-02-19,38300,358131,185943
CONS-0050-0034,CUST-0050,2026-04-24,41744,394908,140080
CONS-0050-0035,CUST-0050,2026-03-08,88576,427584,441722
CONS-0050-0036,CUST-0050,2026-05-06,21627,163376,849552
CONS-0050-0037,CUST-0050,2026-03-30,96022,208665,696474
CONS-0050-0038,CUST-0050,2026-02-23,36837,430626,114390
CONS-0050-0039,CUST-0050,2026-02-20,31882,191225,941021
CONS-0050-0040,CUST-0050,2026-02-22,84587,271170,652410
CONS-0050-0041,CUST-0050,2026-03-27,82694,477501,171623
CONS-0050-0042,CUST-0050,2026-03-20,81048,481113,518067
CONS-0050-0043,CUST-0050,2026-04-25,54525,232735,740325
CONS-0050-0044,CUST-0050,2026-04-14,69047,187112,847360
CONS-0050-0045,CUST-0050,2026-02-24,97533,480540,888595
CONS-0050-0046,CUST-0050,2026-04-09,65484,449315,269917
CONS-0050-0047,CUST-0050,2026-03-07,87226,261817,223884
CONS-0050-0048,CUST-0050,2026-02-19,82871,147245,921112
CONS-0050-0049,CUST-0050,2026-03-17,39676,474018,159297
CONS-0050-0050,CUST-0050,2026-04-30,65351,326202,797052
CONS-0050-0051,CUST-0050,2026-03-13,79040,210086,275437
CONS-0050-0052,CUST-0050,2026-03-15,62757,449469,410234
CONS-0050-0053,CUST-0050,2026-04-06,51610,320524,872060
CONS-0050-0054,CUST-0050,2026-05-06,49196,65671,921529
CONS-0050-0055,CUST-0050,2026-03-30,41647,495808,485838
CONS-0050-0056,CUST-0050,2026-02-27,36356,444065,310077
CONS-0050-0057,CUST-0050,2026-03-21,70649,319609,923173
CONS-0050-0058,CUST-0050,2026-02-16,78356,492788,567878
CONS-0050-0059,CUST-0050,2026-02-18,52819,332805,524824
CONS-0050-0060,CUST-0050,2026-05-09,89404,128406,890506
CONS-0050-0061,CUST-0050,2026-02-23,86140,298675,609011
CONS-0050-0062,CUST-0050,2026-03-20,58266,214637,895037
CONS-0050-0063,CUST-0050,2026-04-03,36107,256204,755752
CONS-0050-0064,CUST-0050,2026-03-25,60057,434059,574371
CONS-0050-0065,CUST-0050,2026-03-07,43522,61942,919892
CONS-0050-0066,CUST-0050,2026-04-19,34646,260868,292162
CONS-0050-0067,CUST-0050,2026-05-08,69061,55583,474873
CONS-0050-0068,CUST-0050,2026-04-14,53700,280630,404911
CONS-0050-0069,CUST-0050,2026-04-01,51869,377356,528835
CONS-0050-0070,CUST-0050,2026-03-07,71224,324860,153088
CONS-0050-0071,CUST-0050,2026-03-07,30371,265784,624913
CONS-0050-0072,CUST-0050,2026-03-12,20871,97190,941909
CONS-0050-0073,CUST-0050,2026-04-01,34598,479952,902653
CONS-0051-0000,CUST-0051,2026-04-13,358,769,523
CONS-0051-0001,CUST-0051,2026-03-29,493,813,413
CONS-0051-0002,CUST-0051,2026-03-06,58,207,953
CONS-0051-0003,CUST-0051,2026-04-20,70,127,623
CONS-0051-0004,CUST-0051,2026-05-07,356,427,197
CONS-0051-0005,CUST-0051,2026-02-14,93,591,231
CONS-0051-0006,CUST-0051,2026-03-06,218,802,450
CONS-0051-0007,CUST-0051,2026-03-02,84,147,441
CONS-0051-0008,CUST-0051,2026-02-19,229,436,153
CONS-0051-0009,CUST-0051,2026-04-20,283,577,657
CONS-0051-0010,CUST-0051,2026-03-19,464,479,820
CONS-0051-0011,CUST-0051,2026-05-09,81,875,220
CONS-0051-0012,CUST-0051,2026-03-20,489,400,799
CONS-0051-0013,CUST-0051,2026-02-21,401,800,252
CONS-0051-0014,CUST-0051,2026-03-30,306,603,174
CONS-0051-0015,CUST-0051,2026-03-12,107,395,618
CONS-0051-0016,CUST-0051,2026-02-23,413,814,273
CONS-0051-0017,CUST-0051,2026-05-05,401,635,728
CONS-0051-0018,CUST-0051,2026-04-14,301,423,752
CONS-0051-0019,CUST-0051,2026-03-04,259,963,717
CONS-0051-0020,CUST-0051,2026-03-27,294,985,202
CONS-0051-0021,CUST-0051,2026-04-11,328,336,477
CONS-0051-0022,CUST-0051,2026-03-25,54,523,447
CONS-0051-0023,CUST-0051,2026-03-16,96,633,644
CONS-0051-0024,CUST-0051,2026-03-21,104,470,655
CONS-0051-0025,CUST-0051,2026-04-17,145,686,451
CONS-0051-0026,CUST-0051,2026-03-07,231,572,336
CONS-0051-0027,CUST-0051,2026-04-25,214,242,381
CONS-0051-0028,CUST-0051,2026-04-24,478,320,848
CONS-0051-0029,CUST-0051,2026-02-13,243,225,690
CONS-0051-0030,CUST-0051,2026-04-25,201,193,459
CONS-0052-0000,CUST-0052,2026-03-01,77086,269352,486510
CONS-0052-0001,CUST-0052,2026-05-09,81795,189248,490524
CONS-0052-0002,CUST-0052,2026-05-09,139767,405805,849037
CONS-0052-0003,CUST-0052,2026-02-23,72226,90136,548323
CONS-0052-0004,CUST-0052,2026-04-06,93990,493833,468554
CONS-0052-0005,CUST-0052,2026-03-12,120378,408642,551168
CONS-0052-0006,CUST-0052,2026-04-17,118656,237122,710068
CONS-0052-0007,CUST-0052,2026-05-10,133474,122681,955717
CONS-0052-0008,CUST-0052,2026-03-03,121978,167731,863138
CONS-0052-0009,CUST-0052,2026-04-16,31182,340051,109202
CONS-0052-0010,CUST-0052,2026-04-09,87589,85784,700246
CONS-0052-0011,CUST-0052,2026-05-03,127276,176619,428627
CONS-0052-0012,CUST-0052,2026-05-03,110988,164298,202424
CONS-0052-0013,CUST-0052,2026-02-20,57432,57503,350188
CONS-0052-0014,CUST-0052,2026-03-06,33675,490834,268516
CONS-0052-0015,CUST-0052,2026-03-09,128214,367958,851132
CONS-0052-0016,CUST-0052,2026-04-28,133875,325380,926608
CONS-0052-0017,CUST-0052,2026-02-17,31065,449131,943113
CONS-0052-0018,CUST-0052,2026-04-05,83020,424420,105449
CONS-0052-0019,CUST-0052,2026-04-03,36084,92418,223415
CONS-0052-0020,CUST-0052,2026-05-08,33145,347568,706969
CONS-0052-0021,CUST-0052,2026-02-23,134896,110170,542086
CONS-0052-0022,CUST-0052,2026-04-14,83967,315235,236745
CONS-0052-0023,CUST-0052,2026-04-11,74898,440928,891729
CONS-0052-0024,CUST-0052,2026-04-30,143196,241319,391785
CONS-0052-0025,CUST-0052,2026-02-26,143436,79210,626158
CONS-0052-0026,CUST-0052,2026-04-12,124149,215727,318921
CONS-0052-0027,CUST-0052,2026-04-19,56938,382873,534600
CONS-0052-0028,CUST-0052,2026-02-21,117810,331372,856942
CONS-0052-0029,CUST-0052,2026-03-30,88143,330368,425703
CONS-0052-0030,CUST-0052,2026-04-21,142956,162637,585758
CONS-0052-0031,CUST-0052,2026-04-24,110734,364984,529196
CONS-0052-0032,CUST-0052,2026-02-26,56547,468937,262469
CONS-0052-0033,CUST-0052,2026-03-13,76372,366829,437249
CONS-0052-0034,CUST-0052,2026-03-03,132370,474215,545298
CONS-0052-0035,CUST-0052,2026-04-13,82110,379337,687759
CONS-0052-0036,CUST-0052,2026-02-17,131080,394786,795200
CONS-0052-0037,CUST-0052,2026-03-07,103431,322644,283035
CONS-0052-0038,CUST-0052,2026-04-02,50647,324629,701224
CONS-0052-0039,CUST-0052,2026-03-22,50110,227893,885748
CONS-0052-0040,CUST-0052,2026-02-19,113869,322677,210397
CONS-0052-0041,CUST-0052,2026-03-29,114394,481600,994652
CONS-0052-0042,CUST-0052,2026-03-30,130905,248131,144283
CONS-0052-0043,CUST-0052,2026-02-20,36735,164438,284034
CONS-0052-0044,CUST-0052,2026-05-02,145260,101128,679544
CONS-0052-0045,CUST-0052,2026-03-02,87421,74509,819758
CONS-0052-0046,CUST-0052,2026-02-22,53652,322364,204084
CONS-0052-0047,CUST-0052,2026-05-01,69765,324408,121686
CONS-0052-0048,CUST-0052,2026-03-21,111265,67794,911540
CONS-0053-0000,CUST-0053,2026-02-25,32589,126883,220045
CONS-0053-0001,CUST-0053,2026-02-24,26705,273105,275235
CONS-0053-0002,CUST-0053,2026-02-16,51252,364001,458149
CONS-0053-0003,CUST-0053,2026-04-29,24980,73565,262136
CONS-0053-0004,CUST-0053,2026-04-05,15971,375224,363917
CONS-0053-0005,CUST-0053,2026-03-14,20106,117842,872552
CONS-0053-0006,CUST-0053,2026-02-10,45028,431498,191189
CONS-0053-0007,CUST-0053,2026-03-25,57078,423636,730716
CONS-0053-0008,CUST-0053,2026-04-04,48031,163196,259898
CONS-0053-0009,CUST-0053,2026-02-24,41985,125616,161881
CONS-0053-0010,CUST-0053,2026-02-21,58576,316953,882247
CONS-0053-0011,CUST-0053,2026-05-07,64927,154796,964278
CONS-0053-0012,CUST-0053,2026-02-13,57571,77313,464794
CONS-0053-0013,CUST-0053,2026-02-15,34463,131743,746781
CONS-0053-0014,CUST-0053,2026-02-12,22620,130670,208737
CONS-0053-0015,CUST-0053,2026-04-09,18855,203092,871708
CONS-0053-0016,CUST-0053,2026-02-24,22843,418428,749499
CONS-0053-0017,CUST-0053,2026-04-10,31992,449202,223693
CONS-0053-0018,CUST-0053,2026-04-02,34369,457363,500788
CONS-0053-0019,CUST-0053,2026-04-24,46869,483584,799152
CONS-0053-0020,CUST-0053,2026-04-28,22031,476294,555985
CONS-0053-0021,CUST-0053,2026-02-11,63518,216225,171451
CONS-0053-0022,CUST-0053,2026-02-17,38486,287024,448477
CONS-0053-0023,CUST-0053,2026-02-16,24796,332663,978801
CONS-0053-0024,CUST-0053,2026-02-17,69470,353985,596102
CONS-0053-0025,CUST-0053,2026-03-27,48374,326930,361039
CONS-0053-0026,CUST-0053,2026-02-13,68400,317401,872499
CONS-0053-0027,CUST-0053,2026-04-29,58736,172802,805684
CONS-0053-0028,CUST-0053,2026-05-09,58627,101447,718889
CONS-0053-0029,CUST-0053,2026-04-03,68455,88316,431634
CONS-0053-0030,CUST-0053,2026-02-12,31695,262887,976445
CONS-0053-0031,CUST-0053,2026-02-12,14454,99601,756453
CONS-0053-0032,CUST-0053,2026-03-09,62927,359666,444941
CONS-0053-0033,CUST-0053,2026-03-18,48645,106348,175270
CONS-0053-0034,CUST-0053,2026-04-03,38642,321729,783236
CONS-0053-0035,CUST-0053,2026-03-06,39462,389242,106016
CONS-0053-0036,CUST-0053,2026-04-12,35663,290380,735606
CONS-0053-0037,CUST-0053,2026-04-21,50088,482916,431298
CONS-0053-0038,CUST-0053,2026-05-04,21968,376994,952225
CONS-0053-0039,CUST-0053,2026-02-10,19205,120381,163854
CONS-0053-0040,CUST-0053,2026-02-13,15612,101168,718015
CONS-0053-0041,CUST-0053,2026-04-16,30490,323764,983391
CONS-0053-0042,CUST-0053,2026-03-24,19299,241588,305255
CONS-0053-0043,CUST-0053,2026-05-06,57529,281476,944629
CONS-0053-0044,CUST-0053,2026-03-14,48614,245278,424141
CONS-0053-0045,CUST-0053,2026-03-27,21253,150956,859987
CONS-0053-0046,CUST-0053,2026-02-21,32538,215074,404140
CONS-0053-0047,CUST-0053,2026-02-22,30432,467571,342749
CONS-0053-0048,CUST-0053,2026-04-22,50666,458119,269051
CONS-0053-0049,CUST-0053,2026-02-12,56806,179915,711064
CONS-0053-0050,CUST-0053,2026-04-28,54113,201425,714976
CONS-0053-0051,CUST-0053,2026-04-29,31600,198982,449718
CONS-0053-0052,CUST-0053,2026-03-14,43126,213620,519544
CONS-0053-0053,CUST-0053,2026-05-03,64168,420374,970553
CONS-0053-0054,CUST-0053,2026-03-23,60141,420262,639911
CONS-0053-0055,CUST-0053,2026-03-14,69560,107169,631792
CONS-0053-0056,CUST-0053,2026-04-25,56364,482765,569899
CONS-0053-0057,CUST-0053,2026-02-18,18620,351012,366023
CONS-0053-0058,CUST-0053,2026-05-04,17467,333253,194509
CONS-0053-0059,CUST-0053,2026-03-10,24136,274684,365297
CONS-0053-0060,CUST-0053,2026-03-27,53749,363722,892561
CONS-0053-0061,CUST-0053,2026-04-05,69834,416047,836434
CONS-0053-0062,CUST-0053,2026-05-01,37568,375809,418603
CONS-0053-0063,CUST-0053,2026-03-11,43310,279488,948273
CONS-0053-0064,CUST-0053,2026-05-03,42774,493575,127293
CONS-0053-0065,CUST-0053,2026-04-08,32766,250880,488923
CONS-0053-0066,CUST-0053,2026-04-19,37990,401287,125838
CONS-0053-0067,CUST-0053,2026-03-17,31768,101731,291749
CONS-0053-0068,CUST-0053,2026-04-01,56654,247602,372001
CONS-0054-0000,CUST-0054,2026-04-17,59370,112460,412163
CONS-0054-0001,CUST-0054,2026-05-10,16702,200701,718203
CONS-0054-0002,CUST-0054,2026-03-13,53963,164315,720175
CONS-0054-0003,CUST-0054,2026-02-19,66145,321795,567103
CONS-0054-0004,CUST-0054,2026-03-06,29941,77447,220979
CONS-0054-0005,CUST-0054,2026-03-17,40142,304587,625268
CONS-0054-0006,CUST-0054,2026-04-28,49905,430293,163522
CONS-0054-0007,CUST-0054,2026-03-13,62665,488954,931996
CONS-0054-0008,CUST-0054,2026-04-23,61100,499280,352627
CONS-0054-0009,CUST-0054,2026-04-02,53990,68967,220998
CONS-0054-0010,CUST-0054,2026-02-26,21701,229201,467435
CONS-0054-0011,CUST-0054,2026-03-13,67651,71578,593406
CONS-0054-0012,CUST-0054,2026-02-12,14923,171246,976448
CONS-0054-0013,CUST-0054,2026-02-25,14097,453979,538231
CONS-0054-0014,CUST-0054,2026-04-11,35415,403550,163547
CONS-0054-0015,CUST-0054,2026-03-19,32043,239176,805291
CONS-0054-0016,CUST-0054,2026-03-16,64527,272416,781652
CONS-0054-0017,CUST-0054,2026-04-24,46127,137824,459838
CONS-0054-0018,CUST-0054,2026-05-02,66552,367206,228310
CONS-0054-0019,CUST-0054,2026-05-03,41445,338397,461696
CONS-0054-0020,CUST-0054,2026-02-28,54254,112546,668109
CONS-0054-0021,CUST-0054,2026-04-08,45075,238487,253880
CONS-0054-0022,CUST-0054,2026-04-09,57671,85985,489720
CONS-0054-0023,CUST-0054,2026-03-11,20801,371096,903371
CONS-0054-0024,CUST-0054,2026-04-24,15444,85242,628009
CONS-0054-0025,CUST-0054,2026-02-25,46949,482171,522232
CONS-0054-0026,CUST-0054,2026-02-19,45588,297607,545375
CONS-0054-0027,CUST-0054,2026-02-10,16271,221803,248536
CONS-0054-0028,CUST-0054,2026-02-27,28657,444034,551518
CONS-0054-0029,CUST-0054,2026-02-25,22942,197312,339143
CONS-0054-0030,CUST-0054,2026-05-09,14907,231206,386523
CONS-0054-0031,CUST-0054,2026-02-23,30524,350518,221844
CONS-0054-0032,CUST-0054,2026-03-16,48234,256911,131398
CONS-0054-0033,CUST-0054,2026-02-11,30494,101641,216390
CONS-0054-0034,CUST-0054,2026-03-25,43821,188300,716630
CONS-0054-0035,CUST-0054,2026-02-14,54201,216471,894901
CONS-0054-0036,CUST-0054,2026-02-12,45474,222977,362080
CONS-0054-0037,CUST-0054,2026-04-24,65808,472789,915198
CONS-0054-0038,CUST-0054,2026-03-30,67810,345189,672416
CONS-0054-0039,CUST-0054,2026-03-22,31523,344915,884698
CONS-0054-0040,CUST-0054,2026-03-13,45502,361076,940735
CONS-0054-0041,CUST-0054,2026-02-19,16020,433870,690361
CONS-0054-0042,CUST-0054,2026-03-14,40091,428571,451761
CONS-0054-0043,CUST-0054,2026-02-13,65973,188687,917908
CONS-0054-0044,CUST-0054,2026-02-19,16478,403395,534365
CONS-0054-0045,CUST-0054,2026-04-22,55240,150243,206423
CONS-0054-0046,CUST-0054,2026-02-27,52479,143693,333289
CONS-0055-0000,CUST-0055,2026-04-13,27872,185547,897133
CONS-0055-0001,CUST-0055,2026-04-05,34485,133461,819486
CONS-0055-0002,CUST-0055,2026-03-26,79888,399870,302540
CONS-0055-0003,CUST-0055,2026-05-08,85779,158997,203651
CONS-0055-0004,CUST-0055,2026-03-22,44077,448189,339399
CONS-0055-0005,CUST-0055,2026-05-08,32821,66382,722893
CONS-0055-0006,CUST-0055,2026-04-11,34126,258073,527525
CONS-0055-0007,CUST-0055,2026-02-25,58005,496477,878728
CONS-0055-0008,CUST-0055,2026-03-01,59694,60526,469730
CONS-0055-0009,CUST-0055,2026-03-21,31360,244854,950217
CONS-0055-0010,CUST-0055,2026-02-17,89471,130259,110829
CONS-0055-0011,CUST-0055,2026-02-23,78284,466616,431204
CONS-0055-0012,CUST-0055,2026-02-18,38065,377657,886859
CONS-0055-0013,CUST-0055,2026-02-11,68629,371580,609329
CONS-0055-0014,CUST-0055,2026-03-10,89686,236279,243831
CONS-0055-0015,CUST-0055,2026-04-10,56653,255036,343336
CONS-0055-0016,CUST-0055,2026-02-20,26704,458195,398106
CONS-0055-0017,CUST-0055,2026-02-19,47692,234052,747516
CONS-0055-0018,CUST-0055,2026-03-30,84852,314079,393736
CONS-0055-0019,CUST-0055,2026-02-26,32820,240005,506927
CONS-0055-0020,CUST-0055,2026-03-28,36554,499498,552475
CONS-0055-0021,CUST-0055,2026-04-18,70111,122480,559816
CONS-0055-0022,CUST-0055,2026-04-21,57531,460860,386230
CONS-0055-0023,CUST-0055,2026-02-11,22969,393338,843249
CONS-0055-0024,CUST-0055,2026-04-23,25268,364955,527487
CONS-0055-0025,CUST-0055,2026-03-21,92269,224810,659179
CONS-0055-0026,CUST-0055,2026-02-26,87809,107536,276612
CONS-0055-0027,CUST-0055,2026-04-11,94591,95592,343997
CONS-0055-0028,CUST-0055,2026-02-24,58593,356813,606842
CONS-0055-0029,CUST-0055,2026-03-25,52013,283652,331441
CONS-0055-0030,CUST-0055,2026-04-30,73373,496238,664911
CONS-0055-0031,CUST-0055,2026-04-11,39246,77457,147861
CONS-0055-0032,CUST-0055,2026-03-08,51737,498550,933683
CONS-0055-0033,CUST-0055,2026-03-06,62933,339266,196968
CONS-0055-0034,CUST-0055,2026-03-06,89566,78375,842610
CONS-0055-0035,CUST-0055,2026-03-25,78149,203433,403173
CONS-0055-0036,CUST-0055,2026-02-18,59324,484048,213976
CONS-0055-0037,CUST-0055,2026-02-14,84131,223422,971110
CONS-0055-0038,CUST-0055,2026-04-06,23172,360730,655497
CONS-0055-0039,CUST-0055,2026-03-27,76615,207012,705842
CONS-0055-0040,CUST-0055,2026-05-03,59136,215594,489215
CONS-0055-0041,CUST-0055,2026-03-10,64361,324882,821954
CONS-0055-0042,CUST-0055,2026-02-18,28233,164928,594705
CONS-0055-0043,CUST-0055,2026-04-17,80728,279527,713841
CONS-0055-0044,CUST-0055,2026-03-28,43820,432003,925490
CONS-0055-0045,CUST-0055,2026-03-10,84304,350966,643564
CONS-0055-0046,CUST-0055,2026-03-15,81189,230214,731381
CONS-0055-0047,CUST-0055,2026-04-08,22451,498916,949080
CONS-0055-0048,CUST-0055,2026-03-31,95018,411776,198347
CONS-0055-0049,CUST-0055,2026-04-17,35207,349601,931282
CONS-0055-0050,CUST-0055,2026-03-30,78151,59600,990407
CONS-0055-0051,CUST-0055,2026-04-08,97797,63581,522192
CONS-0055-0052,CUST-0055,2026-03-03,82079,282036,781193
CONS-0055-0053,CUST-0055,2026-04-06,30847,112173,619881
CONS-0055-0054,CUST-0055,2026-03-20,73716,232617,637908
CONS-0055-0055,CUST-0055,2026-02-27,91235,338293,356091
CONS-0055-0056,CUST-0055,2026-05-10,93517,288892,872080
CONS-0055-0057,CUST-0055,2026-04-28,54683,323828,901225
CONS-0055-0058,CUST-0055,2026-05-08,86128,111629,642051
CONS-0055-0059,CUST-0055,2026-04-07,94436,260801,257446
CONS-0055-0060,CUST-0055,2026-04-24,83397,462594,103280
CONS-0055-0061,CUST-0055,2026-05-07,67525,415865,690471
CONS-0055-0062,CUST-0055,2026-03-10,50809,323871,152534
CONS-0055-0063,CUST-0055,2026-03-19,51574,467573,902959
CONS-0055-0064,CUST-0055,2026-03-30,34185,232412,495741
CONS-0055-0065,CUST-0055,2026-03-15,91809,150518,772456
CONS-0055-0066,CUST-0055,2026-02-11,47537,403608,324559
CONS-0055-0067,CUST-0055,2026-03-04,84281,407294,851048
CONS-0055-0068,CUST-0055,2026-04-15,39647,129937,703999
CONS-0055-0069,CUST-0055,2026-05-09,78033,267513,507607
CONS-0055-0070,CUST-0055,2026-04-12,75964,275341,872273
CONS-0055-0071,CUST-0055,2026-04-15,50516,369396,299781
CONS-0055-0072,CUST-0055,2026-04-09,97116,189490,641691
CONS-0055-0073,CUST-0055,2026-02-26,29795,165525,230778
CONS-0055-0074,CUST-0055,2026-02-17,90472,322683,796858
CONS-0055-0075,CUST-0055,2026-03-08,74724,328747,474284
CONS-0055-0076,CUST-0055,2026-05-10,20586,239559,309834
CONS-0055-0077,CUST-0055,2026-04-18,94105,85985,612027
CONS-0055-0078,CUST-0055,2026-05-10,94737,135073,258948
CONS-0056-0000,CUST-0056,2026-03-05,56329,74915,717459
CONS-0056-0001,CUST-0056,2026-05-01,59900,155516,793399
CONS-0056-0002,CUST-0056,2026-04-07,19784,185398,951953
CONS-0056-0003,CUST-0056,2026-05-10,63329,135626,533338
CONS-0056-0004,CUST-0056,2026-04-28,44959,188722,360677
CONS-0056-0005,CUST-0056,2026-02-23,21125,169394,201991
CONS-0056-0006,CUST-0056,2026-03-23,36491,418918,764287
CONS-0056-0007,CUST-0056,2026-04-09,56507,267671,988477
CONS-0056-0008,CUST-0056,2026-04-13,34972,229481,201622
CONS-0056-0009,CUST-0056,2026-04-13,64717,307656,691138
CONS-0056-0010,CUST-0056,2026-03-15,31025,467035,296390
CONS-0056-0011,CUST-0056,2026-04-24,28839,373038,834710
CONS-0056-0012,CUST-0056,2026-04-05,18897,406955,739367
CONS-0056-0013,CUST-0056,2026-02-22,20651,172000,112711
CONS-0056-0014,CUST-0056,2026-04-14,20876,192336,493965
CONS-0056-0015,CUST-0056,2026-03-13,69899,349255,245555
CONS-0056-0016,CUST-0056,2026-05-06,69246,61396,778460
CONS-0056-0017,CUST-0056,2026-04-09,54588,172304,562335
CONS-0056-0018,CUST-0056,2026-05-06,33392,264281,215649
CONS-0056-0019,CUST-0056,2026-03-11,45718,277207,270574
CONS-0056-0020,CUST-0056,2026-05-02,52415,292073,338286
CONS-0056-0021,CUST-0056,2026-05-01,40120,354100,209085
CONS-0056-0022,CUST-0056,2026-05-06,42310,177595,364195
CONS-0056-0023,CUST-0056,2026-03-03,47464,164345,905143
CONS-0056-0024,CUST-0056,2026-04-26,40903,218480,197333
CONS-0056-0025,CUST-0056,2026-04-22,45366,475167,713247
CONS-0056-0026,CUST-0056,2026-04-18,42179,150956,321087
CONS-0056-0027,CUST-0056,2026-04-11,65446,472910,156993
CONS-0056-0028,CUST-0056,2026-03-10,24371,135023,181239
CONS-0056-0029,CUST-0056,2026-03-11,14175,70643,857853
CONS-0056-0030,CUST-0056,2026-02-28,59877,184702,923535
CONS-0056-0031,CUST-0056,2026-04-04,61783,405661,447591
CONS-0056-0032,CUST-0056,2026-04-05,40376,474230,785617
CONS-0056-0033,CUST-0056,2026-02-11,55620,476840,843327
CONS-0056-0034,CUST-0056,2026-03-12,67352,83735,690799
CONS-0056-0035,CUST-0056,2026-03-20,66635,407523,633836
CONS-0056-0036,CUST-0056,2026-03-12,36299,84398,627863
CONS-0056-0037,CUST-0056,2026-02-26,30657,447510,724534
CONS-0056-0038,CUST-0056,2026-04-09,67418,366564,936926
CONS-0056-0039,CUST-0056,2026-02-14,64940,265048,143926
CONS-0056-0040,CUST-0056,2026-04-16,23127,149010,448282
CONS-0056-0041,CUST-0056,2026-03-13,43001,265250,852420
CONS-0056-0042,CUST-0056,2026-04-05,41391,288230,189726
CONS-0056-0043,CUST-0056,2026-04-09,20326,343757,928162
CONS-0056-0044,CUST-0056,2026-03-11,19614,286701,878688
CONS-0056-0045,CUST-0056,2026-03-16,32488,347410,214208
CONS-0056-0046,CUST-0056,2026-02-23,22051,394764,911350
CONS-0057-0000,CUST-0057,2026-03-28,6493,9751,3572
CONS-0057-0001,CUST-0057,2026-04-25,5451,9743,3629
CONS-0057-0002,CUST-0057,2026-04-22,3522,7969,4438
CONS-0057-0003,CUST-0057,2026-04-23,4104,4029,8615
CONS-0057-0004,CUST-0057,2026-02-14,2088,9209,1842
CONS-0057-0005,CUST-0057,2026-03-21,6190,5995,2494
CONS-0057-0006,CUST-0057,2026-03-28,6313,5283,4580
CONS-0057-0007,CUST-0057,2026-05-06,6960,9342,3527
CONS-0057-0008,CUST-0057,2026-04-15,2475,9162,2183
CONS-0057-0009,CUST-0057,2026-03-27,5893,1151,7980
CONS-0057-0010,CUST-0057,2026-02-16,855,4479,4405
CONS-0057-0011,CUST-0057,2026-03-07,3076,3113,3020
CONS-0057-0012,CUST-0057,2026-03-21,2274,3363,7619
CONS-0057-0013,CUST-0057,2026-03-24,7185,9255,1672
CONS-0057-0014,CUST-0057,2026-03-30,1998,8193,5544
CONS-0057-0015,CUST-0057,2026-03-30,6826,5743,7971
CONS-0057-0016,CUST-0057,2026-03-14,2448,7956,2559
CONS-0057-0017,CUST-0057,2026-02-24,1534,5658,6599
CONS-0057-0018,CUST-0057,2026-03-22,1635,9245,3103
CONS-0057-0019,CUST-0057,2026-04-22,4822,9925,3484
CONS-0057-0020,CUST-0057,2026-05-03,7153,1145,4416
CONS-0057-0021,CUST-0057,2026-03-21,2397,2224,4844
CONS-0057-0022,CUST-0057,2026-04-03,2638,8972,4572
CONS-0057-0023,CUST-0057,2026-04-04,1095,4286,6580
CONS-0057-0024,CUST-0057,2026-02-23,3561,7578,2970
CONS-0057-0025,CUST-0057,2026-02-10,1357,6925,8803
CONS-0057-0026,CUST-0057,2026-04-10,3081,7761,8311
CONS-0057-0027,CUST-0057,2026-02-13,2464,7287,8560
CONS-0057-0028,CUST-0057,2026-04-27,5521,5665,1368
CONS-0057-0029,CUST-0057,2026-04-26,3396,5943,7305
CONS-0057-0030,CUST-0057,2026-02-27,2751,5917,6008
CONS-0057-0031,CUST-0057,2026-03-20,1780,3508,7585
CONS-0057-0032,CUST-0057,2026-03-26,5848,3808,5977
CONS-0057-0033,CUST-0057,2026-03-14,6837,2727,1477
CONS-0057-0034,CUST-0057,2026-04-21,2494,3049,7354
CONS-0057-0035,CUST-0057,2026-04-12,5110,9234,9433
CONS-0057-0036,CUST-0057,2026-03-29,2553,9187,2212
CONS-0057-0037,CUST-0057,2026-05-03,4393,6219,8728
CONS-0057-0038,CUST-0057,2026-03-08,7233,9548,5538
CONS-0057-0039,CUST-0057,2026-03-06,2248,9806,4553
CONS-0057-0040,CUST-0057,2026-03-10,2692,4610,2457
CONS-0057-0041,CUST-0057,2026-03-01,4669,9333,9920
CONS-0057-0042,CUST-0057,2026-04-18,1357,1992,1768
CONS-0057-0043,CUST-0057,2026-02-13,1474,8639,5779
CONS-0057-0044,CUST-0057,2026-04-24,3928,3572,7079
CONS-0057-0045,CUST-0057,2026-05-10,5389,3017,8866
CONS-0057-0046,CUST-0057,2026-04-26,859,3225,1223
CONS-0057-0047,CUST-0057,2026-02-10,3900,2699,7438
CONS-0057-0048,CUST-0057,2026-03-28,3171,1402,3258
CONS-0057-0049,CUST-0057,2026-03-19,7350,9165,6070
CONS-0057-0050,CUST-0057,2026-02-25,1627,2994,9872
CONS-0057-0051,CUST-0057,2026-03-24,4117,9952,3174
CONS-0057-0052,CUST-0057,2026-03-24,6348,7816,4187
CONS-0057-0053,CUST-0057,2026-04-04,5640,9445,5120
CONS-0057-0054,CUST-0057,2026-03-17,2224,2855,4907
CONS-0058-0000,CUST-0058,2026-02-12,18882,25267,27893
CONS-0058-0001,CUST-0058,2026-03-05,14196,12428,71719
CONS-0058-0002,CUST-0058,2026-02-14,16948,23271,81820
CONS-0058-0003,CUST-0058,2026-04-07,20034,28002,57117
CONS-0058-0004,CUST-0058,2026-04-09,26637,25919,87323
CONS-0058-0005,CUST-0058,2026-02-11,26034,18165,42511
CONS-0058-0006,CUST-0058,2026-05-08,26947,29292,80390
CONS-0058-0007,CUST-0058,2026-05-02,22015,12935,53568
CONS-0058-0008,CUST-0058,2026-03-11,26224,41041,95455
CONS-0058-0009,CUST-0058,2026-05-07,28539,35391,72410
CONS-0058-0010,CUST-0058,2026-02-20,12490,34962,30743
CONS-0058-0011,CUST-0058,2026-04-10,22384,44393,36538
CONS-0058-0012,CUST-0058,2026-03-08,19893,20898,12851
CONS-0058-0013,CUST-0058,2026-02-13,23460,34528,11210
CONS-0058-0014,CUST-0058,2026-04-26,27165,46246,74845
CONS-0058-0015,CUST-0058,2026-04-09,26992,32084,50826
CONS-0058-0016,CUST-0058,2026-04-14,19239,18924,78762
CONS-0058-0017,CUST-0058,2026-02-22,18850,29960,94567
CONS-0058-0018,CUST-0058,2026-02-12,27580,37722,98929
CONS-0058-0019,CUST-0058,2026-04-29,16851,39099,13125
CONS-0058-0020,CUST-0058,2026-04-09,17253,37971,76421
CONS-0058-0021,CUST-0058,2026-04-30,17664,39750,85512
CONS-0058-0022,CUST-0058,2026-02-12,10465,34858,49334
CONS-0058-0023,CUST-0058,2026-02-11,8866,47121,99724
CONS-0058-0024,CUST-0058,2026-02-25,8025,33177,14958
CONS-0058-0025,CUST-0058,2026-03-07,23136,14645,35617
CONS-0058-0026,CUST-0058,2026-03-29,12658,25348,51279
CONS-0058-0027,CUST-0058,2026-02-17,23104,26953,88853
CONS-0058-0028,CUST-0058,2026-04-14,27906,44047,66242
CONS-0058-0029,CUST-0058,2026-03-01,9511,25477,86967
CONS-0058-0030,CUST-0058,2026-02-14,13245,38943,64015
CONS-0058-0031,CUST-0058,2026-03-05,20827,47215,99788
CONS-0058-0032,CUST-0058,2026-04-09,9823,16165,30841
CONS-0058-0033,CUST-0058,2026-02-10,16141,26935,49231
CONS-0058-0034,CUST-0058,2026-03-06,15202,22390,33352
CONS-0058-0035,CUST-0058,2026-03-13,27600,24629,22383
CONS-0058-0036,CUST-0058,2026-02-10,17407,22483,46825
CONS-0058-0037,CUST-0058,2026-04-12,27478,35517,46533
CONS-0058-0038,CUST-0058,2026-03-29,26886,21821,89257
CONS-0058-0039,CUST-0058,2026-04-14,24699,27234,21933
CONS-0058-0040,CUST-0058,2026-05-09,23491,47920,17928
CONS-0058-0041,CUST-0058,2026-03-05,25602,28789,56378
CONS-0058-0042,CUST-0058,2026-03-30,13920,22529,62333
CONS-0058-0043,CUST-0058,2026-03-10,26493,47526,61678
CONS-0058-0044,CUST-0058,2026-03-22,27550,34515,59120
CONS-0058-0045,CUST-0058,2026-04-19,14107,11044,99609
CONS-0058-0046,CUST-0058,2026-03-25,28752,41199,45678
CONS-0058-0047,CUST-0058,2026-02-17,25056,28273,17668
CONS-0058-0048,CUST-0058,2026-03-31,11868,21735,73486
CONS-0058-0049,CUST-0058,2026-02-18,19306,14731,94346
CONS-0058-0050,CUST-0058,2026-05-10,7753,42483,29866
CONS-0058-0051,CUST-0058,2026-03-18,13843,49442,65314
CONS-0058-0052,CUST-0058,2026-02-13,20611,43352,10094
CONS-0058-0053,CUST-0058,2026-02-11,12972,40427,50190
CONS-0058-0054,CUST-0058,2026-02-15,24462,15017,74690
CONS-0058-0055,CUST-0058,2026-03-21,23187,32947,22461
CONS-0058-0056,CUST-0058,2026-03-06,14686,34753,68873
CONS-0058-0057,CUST-0058,2026-05-04,22257,12935,25992
CONS-0058-0058,CUST-0058,2026-03-03,8608,10954,21966
CONS-0058-0059,CUST-0058,2026-03-13,15099,44727,44859
CONS-0058-0060,CUST-0058,2026-04-16,27985,44215,28681
CONS-0058-0061,CUST-0058,2026-04-25,27691,25763,28165
CONS-0058-0062,CUST-0058,2026-03-21,22980,42915,49434
CONS-0058-0063,CUST-0058,2026-02-19,27228,13093,22571
CONS-0058-0064,CUST-0058,2026-04-15,15849,17180,34980
CONS-0058-0065,CUST-0058,2026-04-30,16347,15495,31034
CONS-0058-0066,CUST-0058,2026-04-23,10377,12825,26824
CONS-0058-0067,CUST-0058,2026-04-09,10705,35912,67344
CONS-0058-0068,CUST-0058,2026-05-03,14088,24620,47340
CONS-0059-0000,CUST-0059,2026-03-02,41870,416537,582675
CONS-0059-0001,CUST-0059,2026-05-05,53853,240691,205514
CONS-0059-0002,CUST-0059,2026-03-28,91208,412011,510902
CONS-0059-0003,CUST-0059,2026-02-24,52123,301763,292337
CONS-0059-0004,CUST-0059,2026-03-13,44747,317987,760821
CONS-0059-0005,CUST-0059,2026-02-28,21790,383033,888113
CONS-0059-0006,CUST-0059,2026-04-29,85557,485294,650531
CONS-0059-0007,CUST-0059,2026-02-14,41932,487903,549754
CONS-0059-0008,CUST-0059,2026-04-03,81495,95385,289331
CONS-0059-0009,CUST-0059,2026-04-16,65947,404921,889179
CONS-0059-0010,CUST-0059,2026-03-23,94518,50854,816808
CONS-0059-0011,CUST-0059,2026-04-07,98644,410839,879680
CONS-0059-0012,CUST-0059,2026-04-27,27789,437427,208440
CONS-0059-0013,CUST-0059,2026-03-22,27821,190766,403759
CONS-0059-0014,CUST-0059,2026-04-07,67289,137751,381759
CONS-0059-0015,CUST-0059,2026-04-08,44964,293074,667611
CONS-0059-0016,CUST-0059,2026-05-10,65925,368021,985496
CONS-0059-0017,CUST-0059,2026-02-21,90361,425661,590561
CONS-0059-0018,CUST-0059,2026-04-17,68404,482583,942066
CONS-0059-0019,CUST-0059,2026-03-12,55093,168967,501338
CONS-0059-0020,CUST-0059,2026-04-24,55061,204561,189625
CONS-0059-0021,CUST-0059,2026-02-15,22742,385699,941911
CONS-0059-0022,CUST-0059,2026-02-12,26949,124629,817215
CONS-0059-0023,CUST-0059,2026-04-13,35259,161197,509531
CONS-0059-0024,CUST-0059,2026-04-05,86003,435596,369019
CONS-0059-0025,CUST-0059,2026-04-03,34397,165342,522791
CONS-0059-0026,CUST-0059,2026-05-04,57309,158697,415236
CONS-0059-0027,CUST-0059,2026-04-20,58104,211116,845474
CONS-0059-0028,CUST-0059,2026-03-03,27418,413084,190205
CONS-0059-0029,CUST-0059,2026-02-19,28565,169218,556462
CONS-0059-0030,CUST-0059,2026-03-01,61192,461634,139047
CONS-0059-0031,CUST-0059,2026-03-25,38413,114174,513004
CONS-0059-0032,CUST-0059,2026-04-15,57107,323252,534810
CONS-0059-0033,CUST-0059,2026-04-16,66768,366069,204904
CONS-0059-0034,CUST-0059,2026-02-14,51900,387506,283226
CONS-0059-0035,CUST-0059,2026-04-06,65738,174004,305295
CONS-0060-0000,CUST-0060,2026-04-01,16981,420579,244480
CONS-0060-0001,CUST-0060,2026-02-24,40805,270208,199374
CONS-0060-0002,CUST-0060,2026-03-07,16932,123382,153981
CONS-0060-0003,CUST-0060,2026-05-10,44764,79547,222846
CONS-0060-0004,CUST-0060,2026-05-02,58610,290863,839171
CONS-0060-0005,CUST-0060,2026-04-13,37048,144350,587849
CONS-0060-0006,CUST-0060,2026-05-01,32299,259912,765025
CONS-0060-0007,CUST-0060,2026-04-03,39256,112465,330336
CONS-0060-0008,CUST-0060,2026-02-26,26387,356842,793685
CONS-0060-0009,CUST-0060,2026-04-01,61051,424953,999546
CONS-0060-0010,CUST-0060,2026-03-08,15433,418477,754211
CONS-0060-0011,CUST-0060,2026-02-20,63278,244046,527579
CONS-0060-0012,CUST-0060,2026-03-23,18094,115945,193555
CONS-0060-0013,CUST-0060,2026-04-22,19567,381764,335037
CONS-0060-0014,CUST-0060,2026-04-12,51268,122639,939465
CONS-0060-0015,CUST-0060,2026-05-03,58963,247611,100877
CONS-0060-0016,CUST-0060,2026-03-24,32610,364730,235569
CONS-0060-0017,CUST-0060,2026-04-04,29714,317588,657668
CONS-0060-0018,CUST-0060,2026-03-25,66138,352304,910618
CONS-0060-0019,CUST-0060,2026-04-06,41237,409340,518803
CONS-0060-0020,CUST-0060,2026-02-14,44478,240805,242508
CONS-0060-0021,CUST-0060,2026-04-27,18887,290429,626486
CONS-0060-0022,CUST-0060,2026-03-18,45728,402029,701312
CONS-0060-0023,CUST-0060,2026-04-13,28116,273829,729421
CONS-0060-0024,CUST-0060,2026-02-26,63020,259413,580187
CONS-0060-0025,CUST-0060,2026-02-21,30913,489158,637086
CONS-0060-0026,CUST-0060,2026-03-24,50915,227010,921696
CONS-0060-0027,CUST-0060,2026-04-24,69240,397258,532840
CONS-0060-0028,CUST-0060,2026-02-19,18321,439106,924997
CONS-0060-0029,CUST-0060,2026-04-21,48923,496874,725754
CONS-0060-0030,CUST-0060,2026-02-10,28881,153592,725864
CONS-0060-0031,CUST-0060,2026-04-09,37713,187246,134842
CONS-0060-0032,CUST-0060,2026-03-19,25872,273076,137422
CONS-0060-0033,CUST-0060,2026-03-30,41351,127721,704310
CONS-0060-0034,CUST-0060,2026-04-23,59825,379986,489854
CONS-0060-0035,CUST-0060,2026-04-28,56229,383389,354504
CONS-0060-0036,CUST-0060,2026-02-24,33851,441899,900369
CONS-0060-0037,CUST-0060,2026-03-11,67743,213750,499195
CONS-0060-0038,CUST-0060,2026-03-21,66517,260120,315173
CONS-0060-0039,CUST-0060,2026-03-16,19973,414241,573671
CONS-0060-0040,CUST-0060,2026-04-01,65642,74197,412832
CONS-0060-0041,CUST-0060,2026-04-12,17948,276296,476158
CONS-0060-0042,CUST-0060,2026-04-22,18696,286651,406302
CONS-0060-0043,CUST-0060,2026-03-14,32279,335569,876160
CONS-0060-0044,CUST-0060,2026-04-23,46543,480488,974262
CONS-0060-0045,CUST-0060,2026-05-01,28583,299893,504676
CONS-0060-0046,CUST-0060,2026-02-19,18706,399380,542134
CONS-0060-0047,CUST-0060,2026-03-02,60089,226250,959957
CONS-0060-0048,CUST-0060,2026-05-05,58235,372375,535620
CONS-0060-0049,CUST-0060,2026-02-21,34170,438909,493907
CONS-0060-0050,CUST-0060,2026-02-27,46937,203857,502336
CONS-0060-0051,CUST-0060,2026-04-08,36951,298040,763553
CONS-0060-0052,CUST-0060,2026-02-14,52769,367126,465605
CONS-0060-0053,CUST-0060,2026-04-04,49333,442528,845918
CONS-0060-0054,CUST-0060,2026-04-29,65884,481207,138093
CONS-0060-0055,CUST-0060,2026-04-03,62403,393812,544287
CONS-0060-0056,CUST-0060,2026-02-19,21005,284169,196533
CONS-0060-0057,CUST-0060,2026-02-11,60833,257791,933158
CONS-0060-0058,CUST-0060,2026-04-26,66987,158223,675588
CONS-0060-0059,CUST-0060,2026-04-11,24120,405214,255684
CONS-0060-0060,CUST-0060,2026-03-21,38424,111755,259338
CONS-0060-0061,CUST-0060,2026-05-03,24363,155408,383678
CONS-0060-0062,CUST-0060,2026-03-08,47037,304734,451337
CONS-0060-0063,CUST-0060,2026-02-19,57259,451152,648770
CONS-0060-0064,CUST-0060,2026-03-12,59114,343727,821341
CONS-0060-0065,CUST-0060,2026-03-15,42644,193299,802162
CONS-0060-0066,CUST-0060,2026-04-30,64109,397962,647616
CONS-0060-0067,CUST-0060,2026-04-11,35285,54475,273134
CONS-0060-0068,CUST-0060,2026-03-26,37412,340946,184248
CONS-0060-0069,CUST-0060,2026-03-24,33119,417514,116132
CONS-0060-0070,CUST-0060,2026-05-01,32236,194272,305684
CONS-0060-0071,CUST-0060,2026-03-01,33555,372661,663236
CONS-0060-0072,CUST-0060,2026-05-01,48633,75550,858346
CONS-0060-0073,CUST-0060,2026-02-23,66008,318960,728444
CONS-0060-0074,CUST-0060,2026-02-16,14032,356822,876319
CONS-0060-0075,CUST-0060,2026-03-08,36849,245323,635186
CONS-0061-0000,CUST-0061,2026-04-09,20931,438494,178796
CONS-0061-0001,CUST-0061,2026-03-23,71372,132435,414803
CONS-0061-0002,CUST-0061,2026-02-28,21951,113130,812569
CONS-0061-0003,CUST-0061,2026-04-01,80922,90935,682452
CONS-0061-0004,CUST-0061,2026-05-01,43650,87123,105054
CONS-0061-0005,CUST-0061,2026-05-03,85687,484809,537964
CONS-0061-0006,CUST-0061,2026-02-19,97783,256207,139655
CONS-0061-0007,CUST-0061,2026-04-13,33654,196285,335747
CONS-0061-0008,CUST-0061,2026-03-22,32140,218050,820236
CONS-0061-0009,CUST-0061,2026-03-27,49309,415421,352636
CONS-0061-0010,CUST-0061,2026-02-27,80317,170713,625073
CONS-0061-0011,CUST-0061,2026-04-14,49107,358114,157583
CONS-0061-0012,CUST-0061,2026-02-23,36007,51981,539445
CONS-0061-0013,CUST-0061,2026-03-10,69390,185237,929610
CONS-0061-0014,CUST-0061,2026-05-01,51236,484909,577136
CONS-0061-0015,CUST-0061,2026-03-03,96488,102491,442376
CONS-0061-0016,CUST-0061,2026-02-10,97018,220294,336950
CONS-0061-0017,CUST-0061,2026-04-06,93256,272188,737944
CONS-0061-0018,CUST-0061,2026-04-12,51074,200513,913006
CONS-0061-0019,CUST-0061,2026-02-25,95327,269002,631927
CONS-0061-0020,CUST-0061,2026-04-09,38963,371649,760290
CONS-0061-0021,CUST-0061,2026-04-04,45251,207041,535027
CONS-0061-0022,CUST-0061,2026-04-10,88023,241299,742899
CONS-0061-0023,CUST-0061,2026-03-26,99128,113690,432838
CONS-0061-0024,CUST-0061,2026-03-27,27636,420817,419101
CONS-0061-0025,CUST-0061,2026-04-07,27647,346627,308743
CONS-0061-0026,CUST-0061,2026-04-17,36298,360891,990149
CONS-0061-0027,CUST-0061,2026-05-02,20449,216951,896173
CONS-0061-0028,CUST-0061,2026-03-22,90779,189372,791286
CONS-0061-0029,CUST-0061,2026-03-27,64055,139372,118352
CONS-0061-0030,CUST-0061,2026-02-26,30375,375204,620546
CONS-0061-0031,CUST-0061,2026-05-08,27684,297859,695563
CONS-0061-0032,CUST-0061,2026-03-19,97437,305963,691159
CONS-0061-0033,CUST-0061,2026-04-15,34234,384589,104182
CONS-0061-0034,CUST-0061,2026-03-06,52724,96191,750052
CONS-0061-0035,CUST-0061,2026-05-09,55392,91821,107960
CONS-0061-0036,CUST-0061,2026-03-01,24671,54018,300575
CONS-0061-0037,CUST-0061,2026-04-29,26705,370357,956809
CONS-0061-0038,CUST-0061,2026-04-04,22338,350111,597986
CONS-0061-0039,CUST-0061,2026-04-26,24617,383939,485793
CONS-0061-0040,CUST-0061,2026-03-06,80419,283366,905506
CONS-0061-0041,CUST-0061,2026-03-28,61874,93894,869974
CONS-0061-0042,CUST-0061,2026-04-12,89764,390748,476481
CONS-0061-0043,CUST-0061,2026-04-24,88927,303352,657437
CONS-0061-0044,CUST-0061,2026-04-22,39910,474284,839022
CONS-0061-0045,CUST-0061,2026-02-24,47090,309121,739143
CONS-0061-0046,CUST-0061,2026-04-04,77482,393929,875322
CONS-0061-0047,CUST-0061,2026-04-19,98612,331367,761977
CONS-0061-0048,CUST-0061,2026-05-10,50982,432201,459248
CONS-0061-0049,CUST-0061,2026-04-28,95369,390988,277416
CONS-0061-0050,CUST-0061,2026-03-24,73521,230083,664677
CONS-0061-0051,CUST-0061,2026-03-05,89800,213273,976850
CONS-0061-0052,CUST-0061,2026-02-21,49322,345361,284481
CONS-0061-0053,CUST-0061,2026-02-28,94921,55582,805972
CONS-0061-0054,CUST-0061,2026-04-06,20549,94113,550265
CONS-0061-0055,CUST-0061,2026-04-25,34299,54565,418152
CONS-0061-0056,CUST-0061,2026-03-18,44227,118120,307117
CONS-0061-0057,CUST-0061,2026-02-14,82135,477326,575799
CONS-0061-0058,CUST-0061,2026-04-25,59691,458125,117577
CONS-0061-0059,CUST-0061,2026-04-26,72712,188847,330288
CONS-0061-0060,CUST-0061,2026-03-07,33764,201128,245420
CONS-0061-0061,CUST-0061,2026-05-01,35182,61404,271609
CONS-0061-0062,CUST-0061,2026-03-31,30569,287606,767611
CONS-0061-0063,CUST-0061,2026-04-08,22822,391704,852061
CONS-0061-0064,CUST-0061,2026-02-14,40570,111943,510772
CONS-0061-0065,CUST-0061,2026-04-16,56037,326330,130788
CONS-0062-0000,CUST-0062,2026-03-01,368,2305,9493
CONS-0062-0001,CUST-0062,2026-02-13,1602,1392,5931
CONS-0062-0002,CUST-0062,2026-02-20,788,5117,8322
CONS-0062-0003,CUST-0062,2026-05-08,716,7355,6124
CONS-0062-0004,CUST-0062,2026-03-12,2158,4698,3287
CONS-0062-0005,CUST-0062,2026-03-05,3352,9789,5921
CONS-0062-0006,CUST-0062,2026-02-18,2716,4422,7493
CONS-0062-0007,CUST-0062,2026-03-29,2478,5331,7009
CONS-0062-0008,CUST-0062,2026-04-20,874,7688,9314
CONS-0062-0009,CUST-0062,2026-02-26,375,9878,3451
CONS-0062-0010,CUST-0062,2026-03-04,3299,7386,6596
CONS-0062-0011,CUST-0062,2026-04-15,2860,3780,4908
CONS-0062-0012,CUST-0062,2026-02-11,2342,9496,4915
CONS-0062-0013,CUST-0062,2026-02-19,382,3992,5433
CONS-0062-0014,CUST-0062,2026-03-30,802,8821,7894
CONS-0062-0015,CUST-0062,2026-03-06,1253,2181,8290
CONS-0062-0016,CUST-0062,2026-04-12,3465,6983,9333
CONS-0062-0017,CUST-0062,2026-03-11,2662,8368,2848
CONS-0062-0018,CUST-0062,2026-03-22,3286,4294,9804
CONS-0062-0019,CUST-0062,2026-05-03,849,9860,4455
CONS-0062-0020,CUST-0062,2026-04-10,2007,9652,1142
CONS-0062-0021,CUST-0062,2026-02-18,458,3321,8704
CONS-0062-0022,CUST-0062,2026-03-21,2876,2038,9374
CONS-0062-0023,CUST-0062,2026-05-06,2848,4451,2698
CONS-0062-0024,CUST-0062,2026-03-11,3492,5074,9973
CONS-0062-0025,CUST-0062,2026-02-22,377,1857,6223
CONS-0062-0026,CUST-0062,2026-05-05,3484,5598,1122
CONS-0062-0027,CUST-0062,2026-03-31,718,4795,5433
CONS-0062-0028,CUST-0062,2026-04-28,1226,1657,3245
CONS-0062-0029,CUST-0062,2026-02-24,1776,3641,7444
CONS-0062-0030,CUST-0062,2026-02-25,2126,2232,4192
CONS-0062-0031,CUST-0062,2026-02-15,3078,6950,7869
CONS-0062-0032,CUST-0062,2026-03-01,1795,7530,6091
CONS-0062-0033,CUST-0062,2026-03-31,1804,4349,4419
CONS-0062-0034,CUST-0062,2026-04-26,2944,6434,8523
CONS-0062-0035,CUST-0062,2026-05-04,1872,7328,8633
CONS-0062-0036,CUST-0062,2026-02-20,2790,6825,6457
CONS-0062-0037,CUST-0062,2026-03-26,2019,3326,4309
CONS-0062-0038,CUST-0062,2026-03-05,1504,7638,6464
CONS-0063-0000,CUST-0063,2026-05-07,6625,27057,49261
CONS-0063-0001,CUST-0063,2026-04-30,19707,22060,98740
CONS-0063-0002,CUST-0063,2026-03-15,6466,27989,52134
CONS-0063-0003,CUST-0063,2026-04-13,16144,33760,15666
CONS-0063-0004,CUST-0063,2026-04-25,13500,23849,38915
CONS-0063-0005,CUST-0063,2026-05-09,16669,48367,82674
CONS-0063-0006,CUST-0063,2026-03-17,14760,17556,18829
CONS-0063-0007,CUST-0063,2026-04-19,18551,47635,55519
CONS-0063-0008,CUST-0063,2026-03-26,18655,10646,70966
CONS-0063-0009,CUST-0063,2026-03-03,14147,21182,89999
CONS-0063-0010,CUST-0063,2026-04-30,13429,15126,64145
CONS-0063-0011,CUST-0063,2026-03-10,14429,41730,37890
CONS-0063-0012,CUST-0063,2026-03-10,12234,17955,61589
CONS-0063-0013,CUST-0063,2026-05-07,9489,17036,85613
CONS-0063-0014,CUST-0063,2026-04-29,8307,47623,75724
CONS-0063-0015,CUST-0063,2026-03-03,7539,16535,55808
CONS-0063-0016,CUST-0063,2026-04-18,6202,13874,11433
CONS-0063-0017,CUST-0063,2026-02-24,5340,45479,40882
CONS-0063-0018,CUST-0063,2026-05-05,7941,40537,19228
CONS-0063-0019,CUST-0063,2026-04-29,9130,41120,61648
CONS-0063-0020,CUST-0063,2026-03-21,10011,45735,53393
CONS-0063-0021,CUST-0063,2026-04-22,18130,27522,68780
CONS-0063-0022,CUST-0063,2026-04-09,6248,45421,45029
CONS-0063-0023,CUST-0063,2026-04-13,6942,28536,20244
CONS-0063-0024,CUST-0063,2026-04-27,12765,39516,73273
CONS-0063-0025,CUST-0063,2026-05-04,15111,44282,34100
CONS-0063-0026,CUST-0063,2026-04-14,16521,41330,75169
CONS-0063-0027,CUST-0063,2026-04-16,11184,19688,38588
CONS-0063-0028,CUST-0063,2026-04-30,15842,22205,67685
CONS-0063-0029,CUST-0063,2026-02-12,9671,49295,25891
CONS-0063-0030,CUST-0063,2026-03-17,10405,23968,47769
CONS-0063-0031,CUST-0063,2026-03-08,13467,17044,50743
CONS-0063-0032,CUST-0063,2026-02-28,12536,25344,60264
CONS-0063-0033,CUST-0063,2026-04-09,13253,15012,71424
CONS-0063-0034,CUST-0063,2026-02-28,11924,28951,96420
CONS-0063-0035,CUST-0063,2026-03-09,16394,48810,39062
CONS-0063-0036,CUST-0063,2026-03-10,17529,46942,48631
CONS-0063-0037,CUST-0063,2026-04-25,19341,10037,36711
CONS-0063-0038,CUST-0063,2026-04-02,13197,20802,47766
CONS-0063-0039,CUST-0063,2026-02-24,14352,14787,56425
CONS-0063-0040,CUST-0063,2026-04-06,10923,14698,64394
CONS-0063-0041,CUST-0063,2026-03-02,15066,27111,67034
CONS-0063-0042,CUST-0063,2026-03-07,10569,17461,22779
CONS-0063-0043,CUST-0063,2026-04-14,6848,17978,97886
CONS-0063-0044,CUST-0063,2026-05-10,18612,29075,80423
CONS-0063-0045,CUST-0063,2026-03-09,10802,44159,91253
CONS-0064-0000,CUST-0064,2026-02-21,1642,8921,8459
CONS-0064-0001,CUST-0064,2026-03-18,1159,7808,6528
CONS-0064-0002,CUST-0064,2026-03-17,3678,5066,2340
CONS-0064-0003,CUST-0064,2026-05-08,4609,4264,8512
CONS-0064-0004,CUST-0064,2026-03-31,912,7222,6900
CONS-0064-0005,CUST-0064,2026-02-20,1788,7290,4359
CONS-0064-0006,CUST-0064,2026-02-19,3023,1852,8075
CONS-0064-0007,CUST-0064,2026-03-19,1703,9873,6977
CONS-0064-0008,CUST-0064,2026-03-24,728,2027,4899
CONS-0064-0009,CUST-0064,2026-02-13,3487,1849,2552
CONS-0064-0010,CUST-0064,2026-03-30,3191,3866,3812
CONS-0064-0011,CUST-0064,2026-04-17,2143,8285,7765
CONS-0064-0012,CUST-0064,2026-03-25,2839,7537,4065
CONS-0064-0013,CUST-0064,2026-04-23,3019,4566,3817
CONS-0064-0014,CUST-0064,2026-05-08,3802,7655,6175
CONS-0064-0015,CUST-0064,2026-04-04,885,5371,3833
CONS-0064-0016,CUST-0064,2026-03-15,3057,6258,9498
CONS-0064-0017,CUST-0064,2026-05-05,3216,9411,5927
CONS-0064-0018,CUST-0064,2026-03-18,4738,2118,7026
CONS-0064-0019,CUST-0064,2026-04-22,1968,4932,4086
CONS-0064-0020,CUST-0064,2026-02-18,1503,9706,1532
CONS-0064-0021,CUST-0064,2026-04-26,2903,3887,6005
CONS-0064-0022,CUST-0064,2026-05-06,1934,6850,1838
CONS-0064-0023,CUST-0064,2026-04-25,1031,4426,5363
CONS-0064-0024,CUST-0064,2026-05-02,2285,2441,5315
CONS-0064-0025,CUST-0064,2026-03-12,4217,9305,2582
CONS-0064-0026,CUST-0064,2026-04-29,3187,9264,5716
CONS-0064-0027,CUST-0064,2026-04-01,3540,1293,9303
CONS-0064-0028,CUST-0064,2026-04-02,3673,9968,3039
CONS-0064-0029,CUST-0064,2026-03-30,4602,4586,4408
CONS-0064-0030,CUST-0064,2026-05-07,4031,4513,4523
CONS-0064-0031,CUST-0064,2026-02-21,3543,4077,3783
CONS-0064-0032,CUST-0064,2026-04-30,4804,1741,3396
CONS-0064-0033,CUST-0064,2026-04-26,626,5214,5902
CONS-0064-0034,CUST-0064,2026-04-06,3896,3336,7399
CONS-0064-0035,CUST-0064,2026-03-04,3713,6341,8679
CONS-0064-0036,CUST-0064,2026-05-03,4779,1317,3697
CONS-0064-0037,CUST-0064,2026-04-29,3542,6725,7889
CONS-0064-0038,CUST-0064,2026-03-05,2800,5634,7026
CONS-0064-0039,CUST-0064,2026-04-14,1691,6211,6771
CONS-0064-0040,CUST-0064,2026-03-15,558,1302,2339
CONS-0065-0000,CUST-0065,2026-05-04,138,870,992
CONS-0065-0001,CUST-0065,2026-03-07,107,347,101
CONS-0065-0002,CUST-0065,2026-02-13,156,695,530
CONS-0065-0003,CUST-0065,2026-02-14,232,982,732
CONS-0065-0004,CUST-0065,2026-05-10,186,798,434
CONS-0065-0005,CUST-0065,2026-04-05,434,918,249
CONS-0065-0006,CUST-0065,2026-03-24,222,495,768
CONS-0065-0007,CUST-0065,2026-04-14,397,928,306
CONS-0065-0008,CUST-0065,2026-04-12,58,186,231
CONS-0065-0009,CUST-0065,2026-05-08,459,217,260
CONS-0065-0010,CUST-0065,2026-02-25,123,333,423
CONS-0065-0011,CUST-0065,2026-02-18,463,605,162
CONS-0065-0012,CUST-0065,2026-04-03,398,406,347
CONS-0065-0013,CUST-0065,2026-02-23,459,766,660
CONS-0065-0014,CUST-0065,2026-04-16,122,466,337
CONS-0065-0015,CUST-0065,2026-03-26,270,845,534
CONS-0065-0016,CUST-0065,2026-04-25,388,924,255
CONS-0065-0017,CUST-0065,2026-03-23,234,167,937
CONS-0065-0018,CUST-0065,2026-05-07,497,227,561
CONS-0065-0019,CUST-0065,2026-02-13,140,731,464
CONS-0065-0020,CUST-0065,2026-03-13,157,644,290
CONS-0065-0021,CUST-0065,2026-05-05,264,649,433
CONS-0065-0022,CUST-0065,2026-04-06,243,678,438
CONS-0065-0023,CUST-0065,2026-04-09,124,931,931
CONS-0065-0024,CUST-0065,2026-02-28,238,446,596
CONS-0065-0025,CUST-0065,2026-04-06,110,437,681
CONS-0065-0026,CUST-0065,2026-04-22,53,745,636
CONS-0065-0027,CUST-0065,2026-04-23,192,281,637
CONS-0065-0028,CUST-0065,2026-02-22,207,450,474
CONS-0065-0029,CUST-0065,2026-04-15,199,562,839
CONS-0065-0030,CUST-0065,2026-02-28,74,210,390
CONS-0065-0031,CUST-0065,2026-05-10,301,232,293
CONS-0065-0032,CUST-0065,2026-05-04,304,919,729
CONS-0065-0033,CUST-0065,2026-03-26,239,755,718
CONS-0065-0034,CUST-0065,2026-04-19,177,414,825
CONS-0065-0035,CUST-0065,2026-04-17,260,735,509
CONS-0065-0036,CUST-0065,2026-03-02,417,672,567
CONS-0065-0037,CUST-0065,2026-03-17,80,497,747
CONS-0065-0038,CUST-0065,2026-02-19,159,711,805
CONS-0065-0039,CUST-0065,2026-02-15,151,683,425
CONS-0065-0040,CUST-0065,2026-03-22,367,191,158
CONS-0066-0000,CUST-0066,2026-04-03,1835,7389,5033
CONS-0066-0001,CUST-0066,2026-02-11,3431,9255,8066
CONS-0066-0002,CUST-0066,2026-04-08,2260,9614,6946
CONS-0066-0003,CUST-0066,2026-02-13,3301,3179,1732
CONS-0066-0004,CUST-0066,2026-04-18,2118,7651,5961
CONS-0066-0005,CUST-0066,2026-04-03,2945,1017,8854
CONS-0066-0006,CUST-0066,2026-03-25,2189,9788,4224
CONS-0066-0007,CUST-0066,2026-02-28,2660,4491,1264
CONS-0066-0008,CUST-0066,2026-04-08,1457,6964,4754
CONS-0066-0009,CUST-0066,2026-03-04,2914,6364,3045
CONS-0066-0010,CUST-0066,2026-02-24,2062,3071,6701
CONS-0066-0011,CUST-0066,2026-05-01,1975,8349,8379
CONS-0066-0012,CUST-0066,2026-05-04,912,6931,5989
CONS-0066-0013,CUST-0066,2026-03-23,650,2161,6990
CONS-0066-0014,CUST-0066,2026-03-16,3168,7593,7881
CONS-0066-0015,CUST-0066,2026-04-10,2279,5586,6545
CONS-0066-0016,CUST-0066,2026-04-28,2259,6630,8758
CONS-0066-0017,CUST-0066,2026-04-15,1519,9814,6939
CONS-0066-0018,CUST-0066,2026-04-20,2228,2172,5838
CONS-0066-0019,CUST-0066,2026-04-29,1866,5199,5462
CONS-0066-0020,CUST-0066,2026-02-15,1841,1329,7546
CONS-0066-0021,CUST-0066,2026-03-16,1287,3878,2605
CONS-0066-0022,CUST-0066,2026-04-30,2971,9455,5982
CONS-0066-0023,CUST-0066,2026-04-06,976,2949,8017
CONS-0066-0024,CUST-0066,2026-05-07,2719,8491,7371
CONS-0066-0025,CUST-0066,2026-03-22,2490,9077,5062
CONS-0066-0026,CUST-0066,2026-04-24,1169,4240,4080
CONS-0066-0027,CUST-0066,2026-04-13,2245,2435,7035
CONS-0066-0028,CUST-0066,2026-04-19,2478,9431,6034
CONS-0066-0029,CUST-0066,2026-04-13,511,7310,7983
CONS-0066-0030,CUST-0066,2026-04-28,735,6683,5126
CONS-0066-0031,CUST-0066,2026-02-17,3299,6587,2910
CONS-0066-0032,CUST-0066,2026-02-21,3224,8239,7208
CONS-0066-0033,CUST-0066,2026-04-11,1393,3305,9747
CONS-0066-0034,CUST-0066,2026-04-26,2853,1064,4495
CONS-0066-0035,CUST-0066,2026-04-24,2435,3637,3288
CONS-0066-0036,CUST-0066,2026-03-13,2310,7193,8500
CONS-0066-0037,CUST-0066,2026-03-24,1484,4098,5478
CONS-0066-0038,CUST-0066,2026-05-08,1689,5062,9317
CONS-0066-0039,CUST-0066,2026-02-22,3359,3970,8261
CONS-0066-0040,CUST-0066,2026-03-24,1661,4933,1573
CONS-0066-0041,CUST-0066,2026-04-07,1225,1128,8087
CONS-0066-0042,CUST-0066,2026-04-08,2532,3339,4859
CONS-0066-0043,CUST-0066,2026-02-14,2798,1159,2899
CONS-0066-0044,CUST-0066,2026-02-25,946,2250,6228
CONS-0066-0045,CUST-0066,2026-02-18,2860,7484,6868
CONS-0066-0046,CUST-0066,2026-05-01,2155,7625,4568
CONS-0066-0047,CUST-0066,2026-03-08,3214,4695,3121
CONS-0066-0048,CUST-0066,2026-03-17,524,4758,7095
CONS-0066-0049,CUST-0066,2026-04-27,1624,5660,2634
CONS-0066-0050,CUST-0066,2026-03-03,1213,7295,9477
CONS-0066-0051,CUST-0066,2026-05-02,740,9830,1794
CONS-0066-0052,CUST-0066,2026-03-28,1579,9386,1745
CONS-0066-0053,CUST-0066,2026-02-23,2048,9720,6051
CONS-0066-0054,CUST-0066,2026-03-13,2205,8146,7029
CONS-0066-0055,CUST-0066,2026-05-03,406,8255,6953
CONS-0066-0056,CUST-0066,2026-02-14,635,7693,2037
CONS-0066-0057,CUST-0066,2026-02-24,1251,6467,8670
CONS-0066-0058,CUST-0066,2026-04-15,1177,7937,8368
CONS-0066-0059,CUST-0066,2026-04-04,2739,2958,2433
CONS-0066-0060,CUST-0066,2026-02-19,531,4620,6083
CONS-0066-0061,CUST-0066,2026-03-11,708,3810,1226
CONS-0066-0062,CUST-0066,2026-03-19,506,9221,6351
CONS-0066-0063,CUST-0066,2026-04-10,3318,6563,6349
CONS-0066-0064,CUST-0066,2026-03-24,413,5638,4476
CONS-0066-0065,CUST-0066,2026-04-08,1722,8202,1437
CONS-0066-0066,CUST-0066,2026-05-04,2096,8001,2050
CONS-0066-0067,CUST-0066,2026-04-03,1088,7178,2238
CONS-0066-0068,CUST-0066,2026-04-17,427,8589,2417
CONS-0066-0069,CUST-0066,2026-04-30,1994,8393,7992
CONS-0066-0070,CUST-0066,2026-04-21,970,4286,5229
CONS-0066-0071,CUST-0066,2026-04-19,2950,5562,8944
CONS-0066-0072,CUST-0066,2026-03-19,1510,5088,9627
CONS-0066-0073,CUST-0066,2026-02-23,576,3020,8287
CONS-0066-0074,CUST-0066,2026-04-22,2081,2170,2246
CONS-0066-0075,CUST-0066,2026-03-07,2466,3721,5284
CONS-0066-0076,CUST-0066,2026-04-16,2619,6414,3809
CONS-0066-0077,CUST-0066,2026-03-26,3080,3115,3363
CONS-0066-0078,CUST-0066,2026-04-04,1404,2325,7844
CONS-0066-0079,CUST-0066,2026-04-26,1326,3890,8545
CONS-0066-0080,CUST-0066,2026-05-08,616,8496,4535
CONS-0066-0081,CUST-0066,2026-05-07,1396,5796,4034
CONS-0066-0082,CUST-0066,2026-04-28,1591,7504,2891
CONS-0066-0083,CUST-0066,2026-04-03,1012,6635,5077
CONS-0066-0084,CUST-0066,2026-02-11,2521,8300,3176
CONS-0066-0085,CUST-0066,2026-03-11,3026,5828,2177
CONS-0066-0086,CUST-0066,2026-05-01,2489,8696,3712
CONS-0066-0087,CUST-0066,2026-04-23,2064,1903,8831
CONS-0066-0088,CUST-0066,2026-04-03,1619,9501,6335
CONS-0066-0089,CUST-0066,2026-04-23,2046,7139,6695
CONS-0067-0000,CUST-0067,2026-04-07,149,264,408
CONS-0067-0001,CUST-0067,2026-02-23,308,246,115
CONS-0067-0002,CUST-0067,2026-03-19,242,436,144
CONS-0067-0003,CUST-0067,2026-02-18,78,207,125
CONS-0067-0004,CUST-0067,2026-02-15,205,941,429
CONS-0067-0005,CUST-0067,2026-03-22,284,365,940
CONS-0067-0006,CUST-0067,2026-02-24,50,607,109
CONS-0067-0007,CUST-0067,2026-03-27,114,546,811
CONS-0067-0008,CUST-0067,2026-04-04,284,461,851
CONS-0067-0009,CUST-0067,2026-02-14,200,885,348
CONS-0067-0010,CUST-0067,2026-03-12,212,308,680
CONS-0067-0011,CUST-0067,2026-04-07,300,774,401
CONS-0067-0012,CUST-0067,2026-02-16,324,629,996
CONS-0067-0013,CUST-0067,2026-03-25,81,501,392
CONS-0067-0014,CUST-0067,2026-04-19,102,441,964
CONS-0067-0015,CUST-0067,2026-02-11,227,159,552
CONS-0067-0016,CUST-0067,2026-03-29,65,125,789
CONS-0067-0017,CUST-0067,2026-02-25,195,354,990
CONS-0067-0018,CUST-0067,2026-04-24,129,965,998
CONS-0067-0019,CUST-0067,2026-03-30,170,619,104
CONS-0067-0020,CUST-0067,2026-03-06,218,710,894
CONS-0067-0021,CUST-0067,2026-04-03,91,354,137
CONS-0067-0022,CUST-0067,2026-04-17,113,472,733
CONS-0067-0023,CUST-0067,2026-02-26,178,102,591
CONS-0067-0024,CUST-0067,2026-04-16,233,857,981
CONS-0067-0025,CUST-0067,2026-02-25,289,522,437
CONS-0067-0026,CUST-0067,2026-04-06,272,543,435
CONS-0067-0027,CUST-0067,2026-03-24,322,353,588
CONS-0067-0028,CUST-0067,2026-04-06,245,569,240
CONS-0067-0029,CUST-0067,2026-03-28,228,263,510
CONS-0067-0030,CUST-0067,2026-03-27,190,305,349
CONS-0067-0031,CUST-0067,2026-03-14,299,931,420
CONS-0067-0032,CUST-0067,2026-03-16,46,697,728
CONS-0067-0033,CUST-0067,2026-04-04,74,610,322
CONS-0067-0034,CUST-0067,2026-04-09,264,805,895
CONS-0067-0035,CUST-0067,2026-04-21,96,604,474
CONS-0067-0036,CUST-0067,2026-02-25,76,771,392
CONS-0067-0037,CUST-0067,2026-03-13,340,247,862
CONS-0067-0038,CUST-0067,2026-03-18,168,342,189
CONS-0067-0039,CUST-0067,2026-02-13,233,913,245
CONS-0067-0040,CUST-0067,2026-04-06,221,521,682
CONS-0067-0041,CUST-0067,2026-05-09,333,786,460
CONS-0067-0042,CUST-0067,2026-02-19,235,734,810
CONS-0067-0043,CUST-0067,2026-03-02,242,812,581
CONS-0067-0044,CUST-0067,2026-04-03,288,560,976
CONS-0067-0045,CUST-0067,2026-03-13,131,901,257
CONS-0067-0046,CUST-0067,2026-03-10,259,937,210
CONS-0067-0047,CUST-0067,2026-03-13,62,755,852
CONS-0067-0048,CUST-0067,2026-02-28,107,666,980
CONS-0067-0049,CUST-0067,2026-03-09,324,703,363
CONS-0067-0050,CUST-0067,2026-03-08,350,377,351
CONS-0067-0051,CUST-0067,2026-04-08,259,165,752
CONS-0067-0052,CUST-0067,2026-03-15,310,520,651
CONS-0067-0053,CUST-0067,2026-03-05,322,110,890
CONS-0067-0054,CUST-0067,2026-04-17,121,241,181
CONS-0067-0055,CUST-0067,2026-04-11,290,571,499
CONS-0067-0056,CUST-0067,2026-03-14,157,532,506
CONS-0067-0057,CUST-0067,2026-04-20,63,188,178
CONS-0067-0058,CUST-0067,2026-04-02,293,405,665
CONS-0067-0059,CUST-0067,2026-03-02,132,439,451
CONS-0068-0000,CUST-0068,2026-03-23,8633,42413,67146
CONS-0068-0001,CUST-0068,2026-05-09,6649,13411,96822
CONS-0068-0002,CUST-0068,2026-04-19,10099,48504,51516
CONS-0068-0003,CUST-0068,2026-03-24,4284,24082,76465
CONS-0068-0004,CUST-0068,2026-04-19,6843,19522,36755
CONS-0068-0005,CUST-0068,2026-02-11,8059,25702,40501
CONS-0068-0006,CUST-0068,2026-04-23,5780,10268,94535
CONS-0068-0007,CUST-0068,2026-05-04,6893,43295,88738
CONS-0068-0008,CUST-0068,2026-02-23,3603,34071,54549
CONS-0068-0009,CUST-0068,2026-05-06,10080,14652,36398
CONS-0068-0010,CUST-0068,2026-03-05,6966,49122,14388
CONS-0068-0011,CUST-0068,2026-04-06,12627,20878,54360
CONS-0068-0012,CUST-0068,2026-05-01,5103,12700,89261
CONS-0068-0013,CUST-0068,2026-04-20,11126,43911,99488
CONS-0068-0014,CUST-0068,2026-04-15,11756,23806,79442
CONS-0068-0015,CUST-0068,2026-02-22,9528,42386,95988
CONS-0068-0016,CUST-0068,2026-05-03,13584,19148,36084
CONS-0068-0017,CUST-0068,2026-03-08,11760,15328,98266
CONS-0068-0018,CUST-0068,2026-03-18,4840,30741,29531
CONS-0068-0019,CUST-0068,2026-04-10,5510,26294,58073
CONS-0068-0020,CUST-0068,2026-03-04,12598,44881,59749
CONS-0068-0021,CUST-0068,2026-02-10,8690,17921,15495
CONS-0068-0022,CUST-0068,2026-03-15,8037,26358,76893
CONS-0068-0023,CUST-0068,2026-03-13,8640,23266,54718
CONS-0068-0024,CUST-0068,2026-05-08,8703,39904,16474
CONS-0068-0025,CUST-0068,2026-02-12,9968,33885,16993
CONS-0068-0026,CUST-0068,2026-04-01,6574,34436,94973
CONS-0068-0027,CUST-0068,2026-03-28,9492,36031,44512
CONS-0068-0028,CUST-0068,2026-04-02,6089,12096,91053
CONS-0068-0029,CUST-0068,2026-04-03,9217,34395,95334
CONS-0068-0030,CUST-0068,2026-04-07,13342,15324,39316
CONS-0068-0031,CUST-0068,2026-03-10,7485,31937,56946
CONS-0068-0032,CUST-0068,2026-03-07,4144,14107,55655
CONS-0068-0033,CUST-0068,2026-03-01,10163,45651,32528
CONS-0068-0034,CUST-0068,2026-04-28,7117,42547,28520
CONS-0068-0035,CUST-0068,2026-02-28,7303,15187,26708
CONS-0068-0036,CUST-0068,2026-04-27,9743,11870,30792
CONS-0068-0037,CUST-0068,2026-02-19,7013,41373,72126
CONS-0068-0038,CUST-0068,2026-03-30,9007,15170,55320
CONS-0068-0039,CUST-0068,2026-03-17,12140,33381,83761
CONS-0068-0040,CUST-0068,2026-05-04,12382,34460,40403
CONS-0068-0041,CUST-0068,2026-04-23,7223,45154,66318
CONS-0068-0042,CUST-0068,2026-03-01,13062,25752,54888
CONS-0068-0043,CUST-0068,2026-04-07,12372,15033,39185
CONS-0068-0044,CUST-0068,2026-04-06,13029,39155,43011
CONS-0068-0045,CUST-0068,2026-02-26,9627,40365,44256
CONS-0068-0046,CUST-0068,2026-03-03,5063,32726,74298
CONS-0068-0047,CUST-0068,2026-03-03,10997,27984,53547
CONS-0068-0048,CUST-0068,2026-03-21,13138,28000,90475
CONS-0068-0049,CUST-0068,2026-04-03,9651,48494,58679
CONS-0068-0050,CUST-0068,2026-04-04,8517,20054,36961
CONS-0068-0051,CUST-0068,2026-02-15,9658,21325,78459
CONS-0068-0052,CUST-0068,2026-03-22,9920,44663,10977
CONS-0068-0053,CUST-0068,2026-03-03,6307,34526,29587
CONS-0068-0054,CUST-0068,2026-03-15,13116,27316,67105
CONS-0068-0055,CUST-0068,2026-04-22,9979,48889,54821
CONS-0068-0056,CUST-0068,2026-05-01,10583,26930,47307
CONS-0068-0057,CUST-0068,2026-05-06,12236,49276,81814
CONS-0068-0058,CUST-0068,2026-03-25,5254,47781,94893
CONS-0068-0059,CUST-0068,2026-03-28,8054,20715,17006
CONS-0068-0060,CUST-0068,2026-03-14,5684,17694,54085
CONS-0068-0061,CUST-0068,2026-04-06,9289,26864,34521
CONS-0068-0062,CUST-0068,2026-03-19,8932,14038,15249
CONS-0068-0063,CUST-0068,2026-02-27,13038,29934,69739
CONS-0068-0064,CUST-0068,2026-03-30,5966,11410,45929
CONS-0068-0065,CUST-0068,2026-02-20,11903,36711,70459
CONS-0068-0066,CUST-0068,2026-03-15,9597,23621,65147
CONS-0068-0067,CUST-0068,2026-04-22,10594,19859,66808
CONS-0068-0068,CUST-0068,2026-02-21,8430,15505,33086
CONS-0068-0069,CUST-0068,2026-05-03,6752,12333,91169
CONS-0068-0070,CUST-0068,2026-04-01,7419,28405,32269
CONS-0068-0071,CUST-0068,2026-03-30,11309,45947,95558
CONS-0068-0072,CUST-0068,2026-03-12,10731,43057,99537
CONS-0068-0073,CUST-0068,2026-03-04,8031,32291,23142
CONS-0068-0074,CUST-0068,2026-03-11,6379,16087,92582
CONS-0068-0075,CUST-0068,2026-04-04,13697,43893,91191
CONS-0068-0076,CUST-0068,2026-04-11,7153,38742,88443
CONS-0068-0077,CUST-0068,2026-02-16,11114,22100,92358
CONS-0068-0078,CUST-0068,2026-04-23,10197,10947,44964
CONS-0068-0079,CUST-0068,2026-04-23,10792,26405,24123
CONS-0068-0080,CUST-0068,2026-03-11,13320,18341,61722
CONS-0068-0081,CUST-0068,2026-05-09,12302,27475,49158
CONS-0069-0000,CUST-0069,2026-03-01,3653,22116,88735
CONS-0069-0001,CUST-0069,2026-03-07,4462,14707,46128
CONS-0069-0002,CUST-0069,2026-02-10,13063,25364,31604
CONS-0069-0003,CUST-0069,2026-03-26,11197,33946,16564
CONS-0069-0004,CUST-0069,2026-03-08,13842,37796,31396
CONS-0069-0005,CUST-0069,2026-02-14,4686,42226,70618
CONS-0069-0006,CUST-0069,2026-04-16,6209,33136,32875
CONS-0069-0007,CUST-0069,2026-02-18,7302,46078,11488
CONS-0069-0008,CUST-0069,2026-02-15,4957,31229,36932
CONS-0069-0009,CUST-0069,2026-04-06,6388,45836,52771
CONS-0069-0010,CUST-0069,2026-03-17,7077,47286,29597
CONS-0069-0011,CUST-0069,2026-02-22,6953,13518,25911
CONS-0069-0012,CUST-0069,2026-03-04,9629,49555,85021
CONS-0069-0013,CUST-0069,2026-02-16,10457,17664,85350
CONS-0069-0014,CUST-0069,2026-04-16,10675,29323,42624
CONS-0069-0015,CUST-0069,2026-02-25,5713,47524,50000
CONS-0069-0016,CUST-0069,2026-03-06,5347,15071,86723
CONS-0069-0017,CUST-0069,2026-03-18,6483,22000,92774
CONS-0069-0018,CUST-0069,2026-03-02,5661,25542,23101
CONS-0069-0019,CUST-0069,2026-03-26,9674,12012,49062
CONS-0069-0020,CUST-0069,2026-03-22,13991,35751,46909
CONS-0069-0021,CUST-0069,2026-05-08,9424,35094,62430
CONS-0069-0022,CUST-0069,2026-05-08,3934,33550,52595
CONS-0069-0023,CUST-0069,2026-05-02,10934,30912,62624
CONS-0069-0024,CUST-0069,2026-04-09,5201,37844,35962
CONS-0069-0025,CUST-0069,2026-03-09,10140,38114,31598
CONS-0069-0026,CUST-0069,2026-02-27,11025,19365,47937
CONS-0069-0027,CUST-0069,2026-03-01,12423,48645,65933
CONS-0069-0028,CUST-0069,2026-02-14,3674,16606,73996
CONS-0069-0029,CUST-0069,2026-03-12,4922,40435,24838
CONS-0069-0030,CUST-0069,2026-03-04,11498,24329,25240
CONS-0069-0031,CUST-0069,2026-04-13,10957,21069,49772
CONS-0069-0032,CUST-0069,2026-04-08,4178,15502,29166
CONS-0069-0033,CUST-0069,2026-03-06,12464,20907,86080
CONS-0069-0034,CUST-0069,2026-04-30,8418,20383,18731
CONS-0069-0035,CUST-0069,2026-02-15,11541,42403,30064
CONS-0069-0036,CUST-0069,2026-05-08,6167,49055,40018
CONS-0069-0037,CUST-0069,2026-03-25,10129,17786,18449
CONS-0069-0038,CUST-0069,2026-05-05,13694,40854,37245
CONS-0069-0039,CUST-0069,2026-04-20,5373,42204,40928
CONS-0069-0040,CUST-0069,2026-05-10,5781,38022,16751
CONS-0069-0041,CUST-0069,2026-02-14,13489,19163,72256
CONS-0069-0042,CUST-0069,2026-03-10,5910,31709,49284
CONS-0069-0043,CUST-0069,2026-04-09,13585,26114,88673
CONS-0069-0044,CUST-0069,2026-03-07,11368,33403,60937
CONS-0069-0045,CUST-0069,2026-05-08,5040,35734,79351
CONS-0069-0046,CUST-0069,2026-03-27,12409,31283,69413
CONS-0069-0047,CUST-0069,2026-02-22,6962,41851,16755
CONS-0069-0048,CUST-0069,2026-05-09,9240,11078,23662
CONS-0069-0049,CUST-0069,2026-05-10,9135,31448,20244
CONS-0069-0050,CUST-0069,2026-02-15,7172,37904,96107
CONS-0069-0051,CUST-0069,2026-05-06,8532,27251,87215
CONS-0069-0052,CUST-0069,2026-02-18,8542,28391,78269
CONS-0069-0053,CUST-0069,2026-02-20,12957,17398,58661
CONS-0069-0054,CUST-0069,2026-04-02,11650,24689,76175
CONS-0069-0055,CUST-0069,2026-04-25,5213,22238,64354
CONS-0069-0056,CUST-0069,2026-03-29,8435,43880,66056
CONS-0070-0000,CUST-0070,2026-02-18,1407,9101,9644
CONS-0070-0001,CUST-0070,2026-04-18,650,4437,6287
CONS-0070-0002,CUST-0070,2026-03-29,2427,2754,1095
CONS-0070-0003,CUST-0070,2026-05-09,1767,9826,4522
CONS-0070-0004,CUST-0070,2026-02-13,1843,4944,3191
CONS-0070-0005,CUST-0070,2026-04-04,3220,9960,2128
CONS-0070-0006,CUST-0070,2026-02-10,1873,6265,6979
CONS-0070-0007,CUST-0070,2026-04-10,756,2236,3429
CONS-0070-0008,CUST-0070,2026-05-04,2918,6182,7743
CONS-0070-0009,CUST-0070,2026-03-30,2124,6299,7464
CONS-0070-0010,CUST-0070,2026-05-07,2505,9120,4853
CONS-0070-0011,CUST-0070,2026-03-15,1964,6089,4886
CONS-0070-0012,CUST-0070,2026-03-26,2394,4883,7676
CONS-0070-0013,CUST-0070,2026-03-25,1617,8764,1138
CONS-0070-0014,CUST-0070,2026-03-17,3320,9316,6305
CONS-0070-0015,CUST-0070,2026-02-21,796,8961,6075
CONS-0070-0016,CUST-0070,2026-04-20,2256,3912,9339
CONS-0070-0017,CUST-0070,2026-04-12,2153,5756,6019
CONS-0070-0018,CUST-0070,2026-04-12,1917,8738,9012
CONS-0070-0019,CUST-0070,2026-03-29,1752,7914,5607
CONS-0070-0020,CUST-0070,2026-05-05,367,4537,5069
CONS-0070-0021,CUST-0070,2026-03-22,929,1227,3646
CONS-0070-0022,CUST-0070,2026-02-22,2713,9933,5088
CONS-0070-0023,CUST-0070,2026-02-28,579,9342,7829
CONS-0070-0024,CUST-0070,2026-03-26,1729,8698,3074
CONS-0070-0025,CUST-0070,2026-04-28,2526,7964,3634
CONS-0070-0026,CUST-0070,2026-04-12,630,7857,5189
CONS-0070-0027,CUST-0070,2026-03-03,3307,2313,8868
CONS-0070-0028,CUST-0070,2026-04-10,1909,7878,8302
CONS-0070-0029,CUST-0070,2026-03-23,799,6740,3352
CONS-0070-0030,CUST-0070,2026-03-13,443,9884,5758
CONS-0070-0031,CUST-0070,2026-02-13,2359,6065,5118
CONS-0070-0032,CUST-0070,2026-04-20,2756,3587,5038
CONS-0070-0033,CUST-0070,2026-03-07,402,7610,9509
CONS-0070-0034,CUST-0070,2026-04-10,1042,9433,9052
CONS-0070-0035,CUST-0070,2026-03-22,1541,7055,5385
CONS-0070-0036,CUST-0070,2026-03-23,1434,8788,1628
CONS-0070-0037,CUST-0070,2026-03-09,2214,7339,3037
CONS-0070-0038,CUST-0070,2026-04-08,1064,3885,8743
CONS-0070-0039,CUST-0070,2026-04-28,1405,3387,2560
CONS-0070-0040,CUST-0070,2026-02-16,2321,6492,9510
CONS-0070-0041,CUST-0070,2026-05-05,2585,8870,3040
CONS-0070-0042,CUST-0070,2026-05-01,3320,1621,9007
CONS-0070-0043,CUST-0070,2026-02-11,819,7850,3817
CONS-0070-0044,CUST-0070,2026-04-14,2484,6114,1226
CONS-0070-0045,CUST-0070,2026-05-05,3193,3144,1499
CONS-0070-0046,CUST-0070,2026-03-19,2111,3219,6356
CONS-0070-0047,CUST-0070,2026-03-31,2735,1423,8882
CONS-0070-0048,CUST-0070,2026-04-13,2632,7335,4876
CONS-0070-0049,CUST-0070,2026-02-13,1346,7710,8516
CONS-0070-0050,CUST-0070,2026-04-20,2153,4340,2071
CONS-0070-0051,CUST-0070,2026-03-09,1306,9435,4637
CONS-0070-0052,CUST-0070,2026-03-05,700,7993,4420
CONS-0070-0053,CUST-0070,2026-04-12,1137,9582,5838
CONS-0070-0054,CUST-0070,2026-02-24,1659,7034,8320
CONS-0070-0055,CUST-0070,2026-04-27,2685,2755,1608
CONS-0070-0056,CUST-0070,2026-05-01,461,9416,3100
CONS-0070-0057,CUST-0070,2026-04-09,2678,7696,4025
CONS-0070-0058,CUST-0070,2026-04-27,2289,1827,3422
CONS-0070-0059,CUST-0070,2026-05-01,2452,2778,5887
CONS-0070-0060,CUST-0070,2026-02-26,2918,3769,8231
CONS-0070-0061,CUST-0070,2026-05-02,429,9457,3744
CONS-0070-0062,CUST-0070,2026-04-04,2041,4342,1233
CONS-0071-0000,CUST-0071,2026-02-16,75539,189190,262298
CONS-0071-0001,CUST-0071,2026-02-27,25423,168718,741365
CONS-0071-0002,CUST-0071,2026-02-22,80778,334206,826197
CONS-0071-0003,CUST-0071,2026-03-27,65897,342481,431325
CONS-0071-0004,CUST-0071,2026-04-12,74674,366047,732280
CONS-0071-0005,CUST-0071,2026-03-02,77494,227084,930565
CONS-0071-0006,CUST-0071,2026-03-15,94619,181323,326324
CONS-0071-0007,CUST-0071,2026-04-22,72875,221984,302346
CONS-0071-0008,CUST-0071,2026-05-03,74800,391723,888942
CONS-0071-0009,CUST-0071,2026-04-11,60163,60057,222313
CONS-0071-0010,CUST-0071,2026-03-19,76673,372329,674296
CONS-0071-0011,CUST-0071,2026-04-30,76353,142774,738462
CONS-0071-0012,CUST-0071,2026-04-19,56482,145626,568661
CONS-0071-0013,CUST-0071,2026-04-18,79819,254276,794747
CONS-0071-0014,CUST-0071,2026-02-15,36396,441649,864756
CONS-0071-0015,CUST-0071,2026-03-11,61985,296762,364668
CONS-0071-0016,CUST-0071,2026-02-25,38001,446362,371884
CONS-0071-0017,CUST-0071,2026-02-26,39736,161978,447492
CONS-0071-0018,CUST-0071,2026-03-17,75530,348389,482290
CONS-0071-0019,CUST-0071,2026-04-18,45913,301777,139338
CONS-0071-0020,CUST-0071,2026-03-27,32600,168964,617632
CONS-0071-0021,CUST-0071,2026-04-10,23455,449238,477481
CONS-0071-0022,CUST-0071,2026-02-12,78338,368591,278211
CONS-0071-0023,CUST-0071,2026-02-17,32034,444728,452262
CONS-0071-0024,CUST-0071,2026-02-21,83790,483026,351254
CONS-0071-0025,CUST-0071,2026-05-07,32470,471624,277347
CONS-0071-0026,CUST-0071,2026-03-09,56432,321266,706184
CONS-0071-0027,CUST-0071,2026-02-12,37523,324227,858619
CONS-0071-0028,CUST-0071,2026-02-14,39869,58290,151357
CONS-0071-0029,CUST-0071,2026-05-02,66880,481603,111173
CONS-0071-0030,CUST-0071,2026-02-20,29287,73326,941959
CONS-0071-0031,CUST-0071,2026-04-21,94051,478047,346184
CONS-0071-0032,CUST-0071,2026-04-07,86494,421936,879230
CONS-0071-0033,CUST-0071,2026-02-22,81088,209195,272637
CONS-0071-0034,CUST-0071,2026-04-10,21548,280642,539481
CONS-0071-0035,CUST-0071,2026-05-08,55142,58382,924765
CONS-0071-0036,CUST-0071,2026-03-24,48989,72499,746077
CONS-0071-0037,CUST-0071,2026-03-25,53949,215747,518493
CONS-0071-0038,CUST-0071,2026-05-04,38519,211831,925948
CONS-0071-0039,CUST-0071,2026-04-30,86522,245132,648709
CONS-0071-0040,CUST-0071,2026-03-19,54789,266581,369274
CONS-0071-0041,CUST-0071,2026-03-01,85393,271675,497056
CONS-0071-0042,CUST-0071,2026-03-14,45084,473104,364058
CONS-0071-0043,CUST-0071,2026-02-17,62380,449661,924935
CONS-0071-0044,CUST-0071,2026-05-03,35916,299814,560456
CONS-0071-0045,CUST-0071,2026-04-27,91718,95177,177639
CONS-0071-0046,CUST-0071,2026-05-10,77126,482845,235449
CONS-0071-0047,CUST-0071,2026-03-23,98984,264625,331303
CONS-0071-0048,CUST-0071,2026-04-13,68984,272805,668922
CONS-0071-0049,CUST-0071,2026-04-13,48586,367480,419388
CONS-0071-0050,CUST-0071,2026-05-07,70228,285081,746250
CONS-0071-0051,CUST-0071,2026-03-31,58521,288926,444593
CONS-0071-0052,CUST-0071,2026-02-26,99679,417844,478734
CONS-0071-0053,CUST-0071,2026-02-10,96844,127851,968111
CONS-0071-0054,CUST-0071,2026-03-08,43636,143974,929572
CONS-0071-0055,CUST-0071,2026-04-06,96922,72662,784035
CONS-0071-0056,CUST-0071,2026-04-15,37845,346323,459685
CONS-0071-0057,CUST-0071,2026-05-10,25371,243391,718375
CONS-0071-0058,CUST-0071,2026-04-29,88921,449399,188019
CONS-0071-0059,CUST-0071,2026-03-22,60554,481981,320090
CONS-0071-0060,CUST-0071,2026-03-09,45450,52152,768170
CONS-0071-0061,CUST-0071,2026-03-13,99135,293016,449175
CONS-0071-0062,CUST-0071,2026-03-23,21650,98906,198798
CONS-0072-0000,CUST-0072,2026-03-29,432,157,108
CONS-0072-0001,CUST-0072,2026-05-02,561,417,518
CONS-0072-0002,CUST-0072,2026-04-01,139,753,127
CONS-0072-0003,CUST-0072,2026-03-12,286,242,913
CONS-0072-0004,CUST-0072,2026-02-15,307,159,842
CONS-0072-0005,CUST-0072,2026-03-28,336,468,587
CONS-0072-0006,CUST-0072,2026-04-15,610,491,296
CONS-0072-0007,CUST-0072,2026-02-13,478,557,256
CONS-0072-0008,CUST-0072,2026-03-03,345,563,198
CONS-0072-0009,CUST-0072,2026-02-14,241,999,800
CONS-0072-0010,CUST-0072,2026-04-03,265,781,748
CONS-0072-0011,CUST-0072,2026-03-28,688,248,528
CONS-0072-0012,CUST-0072,2026-02-23,501,103,760
CONS-0072-0013,CUST-0072,2026-03-17,361,855,894
CONS-0072-0014,CUST-0072,2026-04-08,429,392,578
CONS-0072-0015,CUST-0072,2026-05-08,255,172,505
CONS-0072-0016,CUST-0072,2026-02-20,280,765,984
CONS-0072-0017,CUST-0072,2026-03-26,457,417,252
CONS-0072-0018,CUST-0072,2026-04-29,543,920,153
CONS-0072-0019,CUST-0072,2026-02-24,711,993,505
CONS-0072-0020,CUST-0072,2026-05-06,687,587,695
CONS-0072-0021,CUST-0072,2026-04-25,412,193,625
CONS-0072-0022,CUST-0072,2026-02-19,387,874,524
CONS-0072-0023,CUST-0072,2026-04-28,715,663,836
CONS-0072-0024,CUST-0072,2026-05-09,522,412,823
CONS-0072-0025,CUST-0072,2026-04-26,127,496,942
CONS-0072-0026,CUST-0072,2026-05-07,168,769,648
CONS-0072-0027,CUST-0072,2026-03-18,619,167,675
CONS-0072-0028,CUST-0072,2026-02-23,604,175,995
CONS-0072-0029,CUST-0072,2026-03-04,679,373,952
CONS-0072-0030,CUST-0072,2026-03-05,124,359,368
CONS-0072-0031,CUST-0072,2026-03-12,162,401,741
CONS-0072-0032,CUST-0072,2026-05-06,279,156,890
CONS-0072-0033,CUST-0072,2026-04-29,426,397,360
CONS-0072-0034,CUST-0072,2026-03-03,102,529,454
CONS-0072-0035,CUST-0072,2026-04-20,378,339,152
CONS-0072-0036,CUST-0072,2026-03-05,220,576,311
CONS-0072-0037,CUST-0072,2026-03-17,492,315,100
CONS-0072-0038,CUST-0072,2026-04-09,508,807,543
CONS-0072-0039,CUST-0072,2026-04-18,382,857,607
CONS-0072-0040,CUST-0072,2026-04-08,306,687,961
CONS-0072-0041,CUST-0072,2026-03-02,370,794,811
CONS-0072-0042,CUST-0072,2026-03-12,157,813,521
CONS-0072-0043,CUST-0072,2026-02-15,417,619,647
CONS-0072-0044,CUST-0072,2026-03-03,156,360,271
CONS-0073-0000,CUST-0073,2026-02-13,5106,6444,9267
CONS-0073-0001,CUST-0073,2026-05-05,3166,9146,3449
CONS-0073-0002,CUST-0073,2026-04-22,6429,4254,3379
CONS-0073-0003,CUST-0073,2026-04-24,1494,1544,2375
CONS-0073-0004,CUST-0073,2026-02-26,4401,2986,7694
CONS-0073-0005,CUST-0073,2026-04-07,5182,5806,7205
CONS-0073-0006,CUST-0073,2026-04-20,5727,1624,7102
CONS-0073-0007,CUST-0073,2026-02-16,4443,9910,8831
CONS-0073-0008,CUST-0073,2026-03-03,3669,7074,6396
CONS-0073-0009,CUST-0073,2026-03-24,5311,4272,1293
CONS-0073-0010,CUST-0073,2026-03-23,5091,6120,7317
CONS-0073-0011,CUST-0073,2026-03-13,3423,8751,4097
CONS-0073-0012,CUST-0073,2026-02-15,5308,4322,7398
CONS-0073-0013,CUST-0073,2026-03-20,1357,6772,7151
CONS-0073-0014,CUST-0073,2026-02-12,5035,4518,2344
CONS-0073-0015,CUST-0073,2026-05-05,1582,4604,7920
CONS-0073-0016,CUST-0073,2026-04-08,1680,4323,6281
CONS-0073-0017,CUST-0073,2026-04-25,2580,1941,9256
CONS-0073-0018,CUST-0073,2026-04-09,1383,3349,9451
CONS-0073-0019,CUST-0073,2026-04-16,4785,5366,7209
CONS-0073-0020,CUST-0073,2026-04-19,6687,6958,6718
CONS-0073-0021,CUST-0073,2026-03-08,5011,9844,9441
CONS-0073-0022,CUST-0073,2026-03-26,3106,8142,2052
CONS-0073-0023,CUST-0073,2026-04-17,841,7131,9860
CONS-0073-0024,CUST-0073,2026-04-21,4650,6671,3853
CONS-0073-0025,CUST-0073,2026-04-21,2176,9788,6709
CONS-0073-0026,CUST-0073,2026-03-29,3228,1013,3903
CONS-0073-0027,CUST-0073,2026-04-12,7015,5855,5289
CONS-0073-0028,CUST-0073,2026-03-20,988,8267,4974
CONS-0073-0029,CUST-0073,2026-04-19,1164,5206,3162
CONS-0073-0030,CUST-0073,2026-02-22,3393,3423,7746
CONS-0073-0031,CUST-0073,2026-02-17,6352,3975,6600
CONS-0073-0032,CUST-0073,2026-04-03,6792,4533,3802
CONS-0073-0033,CUST-0073,2026-02-22,7159,7323,6216
CONS-0073-0034,CUST-0073,2026-03-10,6472,6129,8878
CONS-0073-0035,CUST-0073,2026-02-18,4675,3647,7777
CONS-0073-0036,CUST-0073,2026-03-31,3532,4413,9050
CONS-0073-0037,CUST-0073,2026-02-27,2103,5173,5717
CONS-0073-0038,CUST-0073,2026-03-04,1036,4827,1189
CONS-0073-0039,CUST-0073,2026-03-29,4503,2468,9705
CONS-0073-0040,CUST-0073,2026-04-08,4891,5447,3684
CONS-0073-0041,CUST-0073,2026-03-19,3412,4607,9278
CONS-0073-0042,CUST-0073,2026-04-28,7035,5132,9737
CONS-0073-0043,CUST-0073,2026-02-13,5695,6798,1605
CONS-0073-0044,CUST-0073,2026-03-06,7408,2219,9287
CONS-0073-0045,CUST-0073,2026-04-18,5019,5907,7362
CONS-0073-0046,CUST-0073,2026-03-26,2697,6009,4484
CONS-0073-0047,CUST-0073,2026-04-05,4911,1129,3516
CONS-0073-0048,CUST-0073,2026-03-03,6943,5222,7816
CONS-0073-0049,CUST-0073,2026-03-08,5145,6613,8647
CONS-0073-0050,CUST-0073,2026-03-24,5256,8887,4003
CONS-0073-0051,CUST-0073,2026-03-05,5605,7712,3391
CONS-0073-0052,CUST-0073,2026-04-26,1627,9236,2541
CONS-0073-0053,CUST-0073,2026-02-11,2484,9724,8005
CONS-0073-0054,CUST-0073,2026-03-14,1335,8069,2757
CONS-0073-0055,CUST-0073,2026-03-01,2088,6470,4965
CONS-0073-0056,CUST-0073,2026-02-21,6420,2204,2552
CONS-0073-0057,CUST-0073,2026-02-23,5280,9517,6831
CONS-0073-0058,CUST-0073,2026-04-02,3744,1903,5572
CONS-0073-0059,CUST-0073,2026-02-17,2686,2762,3246
CONS-0073-0060,CUST-0073,2026-04-02,3970,4520,8289
CONS-0073-0061,CUST-0073,2026-04-07,7047,4037,7670
CONS-0073-0062,CUST-0073,2026-04-27,4131,1962,9709
CONS-0073-0063,CUST-0073,2026-04-18,2176,2527,3272
CONS-0073-0064,CUST-0073,2026-05-09,1857,3607,7763
CONS-0073-0065,CUST-0073,2026-02-26,5574,1231,2928
CONS-0073-0066,CUST-0073,2026-03-10,2262,2992,9947
CONS-0074-0000,CUST-0074,2026-03-22,9189,11703,86731
CONS-0074-0001,CUST-0074,2026-03-01,11421,24592,30542
CONS-0074-0002,CUST-0074,2026-03-07,6914,35915,89948
CONS-0074-0003,CUST-0074,2026-03-25,5340,35088,35447
CONS-0074-0004,CUST-0074,2026-04-12,13811,49958,74871
CONS-0074-0005,CUST-0074,2026-05-02,12772,17900,67272
CONS-0074-0006,CUST-0074,2026-03-25,18744,11258,30552
CONS-0074-0007,CUST-0074,2026-03-04,16136,41490,92028
CONS-0074-0008,CUST-0074,2026-04-27,19492,49243,73265
CONS-0074-0009,CUST-0074,2026-04-27,15735,41070,27318
CONS-0074-0010,CUST-0074,2026-02-22,17508,24979,85044
CONS-0074-0011,CUST-0074,2026-04-16,11717,19121,76757
CONS-0074-0012,CUST-0074,2026-03-18,14553,41912,67037
CONS-0074-0013,CUST-0074,2026-03-24,16207,26219,24216
CONS-0074-0014,CUST-0074,2026-04-26,15724,47337,31712
CONS-0074-0015,CUST-0074,2026-02-16,10478,40684,62310
CONS-0074-0016,CUST-0074,2026-03-10,17472,48517,69997
CONS-0074-0017,CUST-0074,2026-02-18,12664,36732,37467
CONS-0074-0018,CUST-0074,2026-04-30,7936,16806,94425
CONS-0074-0019,CUST-0074,2026-05-09,17611,14692,60225
CONS-0074-0020,CUST-0074,2026-04-17,17262,34263,35422
CONS-0074-0021,CUST-0074,2026-03-26,14976,14900,77900
CONS-0074-0022,CUST-0074,2026-03-19,8388,39457,30404
CONS-0074-0023,CUST-0074,2026-04-11,15684,11484,54712
CONS-0074-0024,CUST-0074,2026-02-28,8449,48856,80560
CONS-0074-0025,CUST-0074,2026-04-08,11977,41592,68465
CONS-0074-0026,CUST-0074,2026-04-18,19727,15731,58220
CONS-0074-0027,CUST-0074,2026-02-12,11850,24751,16414
CONS-0074-0028,CUST-0074,2026-05-08,6316,19719,19742
CONS-0074-0029,CUST-0074,2026-04-16,18639,13424,18683
CONS-0074-0030,CUST-0074,2026-04-12,6090,18320,87299
CONS-0074-0031,CUST-0074,2026-04-22,6284,23248,33843
CONS-0074-0032,CUST-0074,2026-02-24,19799,32525,76328
CONS-0074-0033,CUST-0074,2026-02-24,15093,31963,27956
CONS-0074-0034,CUST-0074,2026-04-28,9087,14150,97152
CONS-0074-0035,CUST-0074,2026-04-28,6566,40292,40131
CONS-0074-0036,CUST-0074,2026-04-18,8148,38256,15411
CONS-0074-0037,CUST-0074,2026-03-17,5322,45246,35824
CONS-0074-0038,CUST-0074,2026-03-21,16666,25829,41590
CONS-0074-0039,CUST-0074,2026-04-08,13914,34297,74526
CONS-0074-0040,CUST-0074,2026-03-07,17764,34094,61907
CONS-0074-0041,CUST-0074,2026-03-24,12264,36243,68312
CONS-0074-0042,CUST-0074,2026-04-08,7567,43350,88211
CONS-0074-0043,CUST-0074,2026-03-11,15604,29968,49503
CONS-0074-0044,CUST-0074,2026-04-11,5107,45291,48218
CONS-0074-0045,CUST-0074,2026-03-19,19882,18938,82963
CONS-0074-0046,CUST-0074,2026-04-08,15664,37543,80481
CONS-0074-0047,CUST-0074,2026-04-16,11692,15382,18329
CONS-0074-0048,CUST-0074,2026-05-10,9677,12962,86052
CONS-0074-0049,CUST-0074,2026-04-14,13180,44405,87213
CONS-0074-0050,CUST-0074,2026-03-01,11666,18300,29130
CONS-0074-0051,CUST-0074,2026-03-24,15262,18725,88498
CONS-0074-0052,CUST-0074,2026-04-08,14466,29423,37341
CONS-0074-0053,CUST-0074,2026-05-07,11275,29831,28856
CONS-0074-0054,CUST-0074,2026-04-13,19489,16351,78638
CONS-0074-0055,CUST-0074,2026-03-03,19359,32109,40720
CONS-0074-0056,CUST-0074,2026-04-25,5043,43224,64650
CONS-0074-0057,CUST-0074,2026-02-15,10668,12628,29461
CONS-0074-0058,CUST-0074,2026-03-08,19389,28881,20250
CONS-0074-0059,CUST-0074,2026-04-07,18447,25132,81624
CONS-0074-0060,CUST-0074,2026-04-03,6387,44295,50027
CONS-0074-0061,CUST-0074,2026-05-10,16280,15121,86204
CONS-0074-0062,CUST-0074,2026-05-02,7031,49453,96635
CONS-0074-0063,CUST-0074,2026-04-02,14462,49160,43311
CONS-0074-0064,CUST-0074,2026-03-11,5727,49017,34646
CONS-0074-0065,CUST-0074,2026-02-11,6406,17604,51632
CONS-0074-0066,CUST-0074,2026-03-09,11366,26741,58294
CONS-0074-0067,CUST-0074,2026-03-19,11159,29332,65126
CONS-0074-0068,CUST-0074,2026-03-30,5431,17398,21169
CONS-0074-0069,CUST-0074,2026-04-27,6007,24096,71208
CONS-0074-0070,CUST-0074,2026-03-06,11187,10077,54304
CONS-0074-0071,CUST-0074,2026-03-12,14653,26581,51607
CONS-0074-0072,CUST-0074,2026-04-27,16767,18099,83827
CONS-0074-0073,CUST-0074,2026-02-13,7827,46906,21195
CONS-0074-0074,CUST-0074,2026-05-01,9016,35010,14136
CONS-0074-0075,CUST-0074,2026-02-17,17040,29833,94189
CONS-0074-0076,CUST-0074,2026-04-17,5099,32594,71428
CONS-0074-0077,CUST-0074,2026-04-17,12430,46229,88402
CONS-0074-0078,CUST-0074,2026-03-13,19405,11578,80139
CONS-0074-0079,CUST-0074,2026-02-20,7462,21853,83879
CONS-0074-0080,CUST-0074,2026-03-05,9406,38638,79251
CONS-0074-0081,CUST-0074,2026-02-15,5157,21053,34007
CONS-0074-0082,CUST-0074,2026-04-11,10921,38200,31141
CONS-0075-0000,CUST-0075,2026-04-28,5017,1198,3708
CONS-0075-0001,CUST-0075,2026-04-17,5169,5667,8374
CONS-0075-0002,CUST-0075,2026-02-18,6265,6548,4431
CONS-0075-0003,CUST-0075,2026-04-30,6673,3951,5874
CONS-0075-0004,CUST-0075,2026-04-03,3883,3950,7058
CONS-0075-0005,CUST-0075,2026-04-12,4143,1084,9034
CONS-0075-0006,CUST-0075,2026-03-12,5103,9950,8976
CONS-0075-0007,CUST-0075,2026-04-18,4930,2245,7899
CONS-0075-0008,CUST-0075,2026-03-06,4734,7487,3780
CONS-0075-0009,CUST-0075,2026-03-15,4120,7397,6790
CONS-0075-0010,CUST-0075,2026-02-27,5041,2497,8336
CONS-0075-0011,CUST-0075,2026-03-08,7197,4188,1209
CONS-0075-0012,CUST-0075,2026-05-02,7044,2989,8756
CONS-0075-0013,CUST-0075,2026-03-18,3271,1997,3261
CONS-0075-0014,CUST-0075,2026-05-05,4473,5422,4125
CONS-0075-0015,CUST-0075,2026-04-02,6661,3141,3067
CONS-0075-0016,CUST-0075,2026-02-18,3268,5659,7303
CONS-0075-0017,CUST-0075,2026-05-03,3975,3268,8006
CONS-0075-0018,CUST-0075,2026-05-04,5835,5115,5960
CONS-0075-0019,CUST-0075,2026-03-28,2769,2244,5862
CONS-0075-0020,CUST-0075,2026-03-18,3226,3515,7983
CONS-0075-0021,CUST-0075,2026-04-27,6990,6698,1750
CONS-0075-0022,CUST-0075,2026-02-12,1899,5762,2524
CONS-0075-0023,CUST-0075,2026-04-01,3550,3101,1694
CONS-0075-0024,CUST-0075,2026-05-08,6999,5754,8769
CONS-0075-0025,CUST-0075,2026-03-31,5479,7805,5502
CONS-0075-0026,CUST-0075,2026-02-26,2910,7864,8684
CONS-0075-0027,CUST-0075,2026-03-19,5517,8814,6289
CONS-0075-0028,CUST-0075,2026-04-13,2185,2790,6884
CONS-0075-0029,CUST-0075,2026-02-22,6690,6612,6583
CONS-0075-0030,CUST-0075,2026-02-19,4314,1150,8738
CONS-0075-0031,CUST-0075,2026-04-29,5655,6988,2658
CONS-0075-0032,CUST-0075,2026-04-15,1131,1958,2465
CONS-0075-0033,CUST-0075,2026-03-14,5352,4174,7959
CONS-0075-0034,CUST-0075,2026-02-16,6424,3105,3169
CONS-0075-0035,CUST-0075,2026-04-23,3648,4161,8391
CONS-0075-0036,CUST-0075,2026-02-20,3105,6019,9485
CONS-0075-0037,CUST-0075,2026-04-21,1920,8815,9892
CONS-0075-0038,CUST-0075,2026-04-12,4474,2170,1219
CONS-0075-0039,CUST-0075,2026-02-28,3036,6778,3032
CONS-0075-0040,CUST-0075,2026-02-12,5328,2536,1000
CONS-0075-0041,CUST-0075,2026-03-11,2983,3217,1970
CONS-0075-0042,CUST-0075,2026-02-27,4198,3809,8811
CONS-0075-0043,CUST-0075,2026-03-23,2095,1645,7611
CONS-0075-0044,CUST-0075,2026-04-19,3892,2773,6275
CONS-0075-0045,CUST-0075,2026-04-14,2803,4618,4308
CONS-0075-0046,CUST-0075,2026-03-22,3843,9433,4199
CONS-0075-0047,CUST-0075,2026-03-13,6427,9801,9594
CONS-0075-0048,CUST-0075,2026-05-08,5280,6346,3788
CONS-0075-0049,CUST-0075,2026-03-26,2838,3191,8198
CONS-0075-0050,CUST-0075,2026-04-11,6252,1880,9755
CONS-0076-0000,CUST-0076,2026-03-03,10648,44551,53702
CONS-0076-0001,CUST-0076,2026-05-05,14473,26782,49021
CONS-0076-0002,CUST-0076,2026-02-15,29505,12705,65790
CONS-0076-0003,CUST-0076,2026-02-19,20043,17603,66461
CONS-0076-0004,CUST-0076,2026-03-26,24658,48938,50448
CONS-0076-0005,CUST-0076,2026-02-25,10762,35901,37561
CONS-0076-0006,CUST-0076,2026-03-12,23202,49931,82449
CONS-0076-0007,CUST-0076,2026-02-23,26685,27334,96709
CONS-0076-0008,CUST-0076,2026-02-21,8650,38813,78974
CONS-0076-0009,CUST-0076,2026-04-05,12558,24907,53822
CONS-0076-0010,CUST-0076,2026-03-02,8871,49238,41663
CONS-0076-0011,CUST-0076,2026-03-18,26481,28653,59047
CONS-0076-0012,CUST-0076,2026-02-28,10824,27341,54281
CONS-0076-0013,CUST-0076,2026-03-28,25873,10203,18713
CONS-0076-0014,CUST-0076,2026-05-04,23473,33941,44021
CONS-0076-0015,CUST-0076,2026-04-06,26410,27124,31412
CONS-0076-0016,CUST-0076,2026-03-12,22458,46684,50606
CONS-0076-0017,CUST-0076,2026-02-23,29481,26426,52574
CONS-0076-0018,CUST-0076,2026-03-11,10993,38020,33008
CONS-0076-0019,CUST-0076,2026-02-27,17913,10494,31261
CONS-0076-0020,CUST-0076,2026-04-25,26082,30586,36675
CONS-0076-0021,CUST-0076,2026-04-16,20526,16911,49348
CONS-0076-0022,CUST-0076,2026-02-24,9328,40851,39559
CONS-0076-0023,CUST-0076,2026-04-08,20883,15108,14784
CONS-0076-0024,CUST-0076,2026-03-27,10719,48186,25162
CONS-0076-0025,CUST-0076,2026-04-26,22708,19775,35008
CONS-0076-0026,CUST-0076,2026-05-04,26662,36563,13447
CONS-0076-0027,CUST-0076,2026-04-10,25882,13419,66640
CONS-0076-0028,CUST-0076,2026-02-19,14599,49321,97921
CONS-0076-0029,CUST-0076,2026-05-05,8238,41626,94779
CONS-0076-0030,CUST-0076,2026-03-20,22584,22969,15157
CONS-0076-0031,CUST-0076,2026-02-19,29988,20223,83777
CONS-0076-0032,CUST-0076,2026-03-30,28810,39149,48841
CONS-0076-0033,CUST-0076,2026-03-18,9928,32994,95876
CONS-0076-0034,CUST-0076,2026-03-18,28822,45781,64351
CONS-0076-0035,CUST-0076,2026-04-06,19408,42202,31666
CONS-0076-0036,CUST-0076,2026-03-15,10405,40775,34643
CONS-0076-0037,CUST-0076,2026-03-05,12148,41257,31522
CONS-0076-0038,CUST-0076,2026-05-08,28513,43911,75797
CONS-0076-0039,CUST-0076,2026-04-02,11812,26295,48667
CONS-0076-0040,CUST-0076,2026-05-05,15954,32556,18273
CONS-0076-0041,CUST-0076,2026-03-18,17314,24854,28334
CONS-0076-0042,CUST-0076,2026-04-23,23481,44265,25125
CONS-0076-0043,CUST-0076,2026-02-15,15958,29758,80930
CONS-0076-0044,CUST-0076,2026-04-28,17578,33379,84477
CONS-0076-0045,CUST-0076,2026-04-26,13147,35264,54458
CONS-0076-0046,CUST-0076,2026-04-30,16596,13301,52875
CONS-0076-0047,CUST-0076,2026-02-26,13353,13282,85392
CONS-0076-0048,CUST-0076,2026-03-31,8574,37978,15753
CONS-0076-0049,CUST-0076,2026-05-10,19128,25059,58310
CONS-0076-0050,CUST-0076,2026-03-31,7795,14531,50647
CONS-0076-0051,CUST-0076,2026-04-22,16320,39270,11092
CONS-0076-0052,CUST-0076,2026-04-18,26205,25968,36100
CONS-0076-0053,CUST-0076,2026-03-10,25263,11513,82472
CONS-0076-0054,CUST-0076,2026-05-02,19072,14321,99570
CONS-0076-0055,CUST-0076,2026-04-19,20469,34741,22386
CONS-0076-0056,CUST-0076,2026-03-21,16588,48406,19309
CONS-0076-0057,CUST-0076,2026-04-28,14563,11368,66008
CONS-0076-0058,CUST-0076,2026-02-14,23844,40243,72616
CONS-0076-0059,CUST-0076,2026-04-21,10890,49620,13073
CONS-0076-0060,CUST-0076,2026-03-19,7933,49169,81440
CONS-0076-0061,CUST-0076,2026-05-09,25908,42211,52152
CONS-0076-0062,CUST-0076,2026-02-11,11040,31435,35058
CONS-0076-0063,CUST-0076,2026-03-22,13515,22451,32063
CONS-0076-0064,CUST-0076,2026-04-15,24571,17592,48362
CONS-0076-0065,CUST-0076,2026-03-20,8644,32711,68673
CONS-0076-0066,CUST-0076,2026-05-05,28641,22567,28127
CONS-0076-0067,CUST-0076,2026-03-29,23250,38238,97279
CONS-0076-0068,CUST-0076,2026-04-12,15282,43666,84667
CONS-0076-0069,CUST-0076,2026-04-07,23391,32010,49793
CONS-0076-0070,CUST-0076,2026-04-24,16245,14901,44648
CONS-0076-0071,CUST-0076,2026-04-19,8416,27853,54195
CONS-0076-0072,CUST-0076,2026-03-31,28534,25721,95488
CONS-0076-0073,CUST-0076,2026-03-14,22230,28524,37991
CONS-0076-0074,CUST-0076,2026-03-05,7779,46914,70006
CONS-0076-0075,CUST-0076,2026-05-08,13509,41334,66018
CONS-0076-0076,CUST-0076,2026-02-12,9096,14744,31479
CONS-0076-0077,CUST-0076,2026-03-14,29869,45042,20567
CONS-0076-0078,CUST-0076,2026-02-23,17289,40711,64334
CONS-0076-0079,CUST-0076,2026-02-19,21393,48699,33415
CONS-0076-0080,CUST-0076,2026-03-20,15811,33171,64521
CONS-0076-0081,CUST-0076,2026-05-07,12961,10137,15568
CONS-0076-0082,CUST-0076,2026-04-06,15765,42228,28791
CONS-0076-0083,CUST-0076,2026-04-19,12123,10938,52788
CONS-0076-0084,CUST-0076,2026-02-28,8431,17261,66469
CONS-0076-0085,CUST-0076,2026-02-17,11259,33624,90513
CONS-0076-0086,CUST-0076,2026-03-08,17227,34918,90871
CONS-0076-0087,CUST-0076,2026-04-02,16756,37812,28765
CONS-0076-0088,CUST-0076,2026-03-01,21655,49613,22710
CONS-0077-0000,CUST-0077,2026-05-08,132,952,246
CONS-0077-0001,CUST-0077,2026-03-05,79,332,859
CONS-0077-0002,CUST-0077,2026-03-27,254,864,751
CONS-0077-0003,CUST-0077,2026-02-18,136,556,700
CONS-0077-0004,CUST-0077,2026-04-07,126,906,709
CONS-0077-0005,CUST-0077,2026-02-10,162,826,578
CONS-0077-0006,CUST-0077,2026-03-24,134,370,735
CONS-0077-0007,CUST-0077,2026-04-28,111,469,372
CONS-0077-0008,CUST-0077,2026-04-27,74,472,256
CONS-0077-0009,CUST-0077,2026-02-27,119,915,740
CONS-0077-0010,CUST-0077,2026-04-23,142,645,630
CONS-0077-0011,CUST-0077,2026-04-30,324,162,966
CONS-0077-0012,CUST-0077,2026-04-28,79,239,602
CONS-0077-0013,CUST-0077,2026-05-06,62,545,999
CONS-0077-0014,CUST-0077,2026-05-04,130,172,428
CONS-0077-0015,CUST-0077,2026-02-15,65,318,636
CONS-0077-0016,CUST-0077,2026-04-12,169,962,201
CONS-0077-0017,CUST-0077,2026-04-05,331,470,446
CONS-0077-0018,CUST-0077,2026-02-18,301,490,861
CONS-0077-0019,CUST-0077,2026-03-18,268,824,868
CONS-0077-0020,CUST-0077,2026-03-21,254,858,343
CONS-0077-0021,CUST-0077,2026-03-15,291,335,170
CONS-0077-0022,CUST-0077,2026-02-13,222,911,852
CONS-0077-0023,CUST-0077,2026-03-06,154,644,153
CONS-0077-0024,CUST-0077,2026-04-24,264,554,710
CONS-0077-0025,CUST-0077,2026-05-05,277,187,745
CONS-0077-0026,CUST-0077,2026-03-19,237,454,649
CONS-0077-0027,CUST-0077,2026-02-20,177,732,154
CONS-0077-0028,CUST-0077,2026-03-14,286,781,332
CONS-0077-0029,CUST-0077,2026-03-20,200,308,215
CONS-0077-0030,CUST-0077,2026-03-19,170,470,121
CONS-0077-0031,CUST-0077,2026-03-18,192,714,553
CONS-0077-0032,CUST-0077,2026-04-24,256,455,687
CONS-0077-0033,CUST-0077,2026-02-28,263,760,221
CONS-0078-0000,CUST-0078,2026-03-05,15429,22254,54349
CONS-0078-0001,CUST-0078,2026-04-13,17185,38593,92495
CONS-0078-0002,CUST-0078,2026-05-08,13016,35537,60744
CONS-0078-0003,CUST-0078,2026-03-15,18940,39077,97384
CONS-0078-0004,CUST-0078,2026-02-17,12404,44432,37118
CONS-0078-0005,CUST-0078,2026-03-17,17197,22538,60456
CONS-0078-0006,CUST-0078,2026-02-16,14432,14658,40071
CONS-0078-0007,CUST-0078,2026-04-23,16897,28260,28166
CONS-0078-0008,CUST-0078,2026-03-04,13931,46065,90163
CONS-0078-0009,CUST-0078,2026-05-08,18152,29172,47503
CONS-0078-0010,CUST-0078,2026-02-26,7093,15048,69012
CONS-0078-0011,CUST-0078,2026-04-10,14453,17012,93983
CONS-0078-0012,CUST-0078,2026-02-24,17078,20351,97503
CONS-0078-0013,CUST-0078,2026-04-24,17438,10650,60459
CONS-0078-0014,CUST-0078,2026-04-03,11079,38106,58954
CONS-0078-0015,CUST-0078,2026-02-14,5552,36029,63719
CONS-0078-0016,CUST-0078,2026-05-10,6840,21715,71867
CONS-0078-0017,CUST-0078,2026-04-24,9442,41356,32868
CONS-0078-0018,CUST-0078,2026-03-16,18647,27192,87027
CONS-0078-0019,CUST-0078,2026-04-16,15251,14841,10882
CONS-0078-0020,CUST-0078,2026-03-17,19031,38250,29859
CONS-0078-0021,CUST-0078,2026-03-16,5113,24755,35168
CONS-0078-0022,CUST-0078,2026-03-13,6437,14880,49638
CONS-0078-0023,CUST-0078,2026-03-06,6754,29704,34480
CONS-0078-0024,CUST-0078,2026-04-20,12224,36362,86215
CONS-0078-0025,CUST-0078,2026-04-22,19402,40142,72814
CONS-0078-0026,CUST-0078,2026-02-27,14237,25156,49895
CONS-0078-0027,CUST-0078,2026-02-15,17908,28957,50424
CONS-0078-0028,CUST-0078,2026-03-11,17508,45188,37648
CONS-0078-0029,CUST-0078,2026-04-01,14196,13694,46908
CONS-0078-0030,CUST-0078,2026-05-09,15685,31922,51882
CONS-0078-0031,CUST-0078,2026-03-11,11699,12267,67322
CONS-0078-0032,CUST-0078,2026-03-03,8109,44360,71209
CONS-0078-0033,CUST-0078,2026-02-20,12728,32832,70716
CONS-0078-0034,CUST-0078,2026-03-16,15117,41572,63158
CONS-0078-0035,CUST-0078,2026-02-25,14906,27035,55400
CONS-0078-0036,CUST-0078,2026-04-15,15850,29514,73989
CONS-0078-0037,CUST-0078,2026-05-04,17508,42156,41617
CONS-0078-0038,CUST-0078,2026-04-01,8810,15647,16299
CONS-0078-0039,CUST-0078,2026-02-17,17029,23189,10229
CONS-0078-0040,CUST-0078,2026-04-21,13071,46759,73388
CONS-0078-0041,CUST-0078,2026-04-17,9803,27692,62448
CONS-0078-0042,CUST-0078,2026-04-07,11325,11215,49543
CONS-0078-0043,CUST-0078,2026-04-15,8183,43337,27776
CONS-0078-0044,CUST-0078,2026-04-20,13630,32740,69953
CONS-0078-0045,CUST-0078,2026-03-18,16541,24488,55470
CONS-0078-0046,CUST-0078,2026-04-26,9046,29000,23153
CONS-0078-0047,CUST-0078,2026-03-06,14660,40980,39919
CONS-0078-0048,CUST-0078,2026-03-06,8360,30054,26630
CONS-0078-0049,CUST-0078,2026-04-20,16040,29919,41496
CONS-0078-0050,CUST-0078,2026-03-08,12600,49313,61400
CONS-0078-0051,CUST-0078,2026-04-05,19528,10766,38519
CONS-0078-0052,CUST-0078,2026-04-20,15094,34822,63909
CONS-0078-0053,CUST-0078,2026-03-13,18246,42154,71820
CONS-0078-0054,CUST-0078,2026-05-05,13546,31198,31456
CONS-0078-0055,CUST-0078,2026-02-20,19058,11481,16911
CONS-0078-0056,CUST-0078,2026-05-09,9983,14496,83864
CONS-0078-0057,CUST-0078,2026-04-11,12301,25952,21897
CONS-0078-0058,CUST-0078,2026-02-21,8026,16873,66416
CONS-0078-0059,CUST-0078,2026-03-17,14772,25173,43998
CONS-0078-0060,CUST-0078,2026-04-19,11346,32938,65984
CONS-0078-0061,CUST-0078,2026-04-13,18510,30067,39345
CONS-0078-0062,CUST-0078,2026-04-02,18378,26293,46342
CONS-0078-0063,CUST-0078,2026-03-29,15837,29048,85073
CONS-0078-0064,CUST-0078,2026-04-10,15675,30374,31516
CONS-0078-0065,CUST-0078,2026-04-17,8266,26337,43967
CONS-0078-0066,CUST-0078,2026-02-13,6245,31802,37906
CONS-0078-0067,CUST-0078,2026-04-22,11605,10787,12978
CONS-0078-0068,CUST-0078,2026-03-11,14752,19236,28091
CONS-0078-0069,CUST-0078,2026-04-28,11754,13387,42882
CONS-0078-0070,CUST-0078,2026-02-19,7782,34558,15291
CONS-0078-0071,CUST-0078,2026-02-15,9580,18292,81564
CONS-0078-0072,CUST-0078,2026-03-18,9997,36054,70409
CONS-0078-0073,CUST-0078,2026-02-21,9321,27046,46607
CONS-0078-0074,CUST-0078,2026-04-03,8098,40255,96072
CONS-0078-0075,CUST-0078,2026-04-18,17611,44698,57437
CONS-0078-0076,CUST-0078,2026-02-28,11660,24307,46222
CONS-0078-0077,CUST-0078,2026-03-08,6025,48087,16293
CONS-0078-0078,CUST-0078,2026-03-21,8905,49606,31900
CONS-0078-0079,CUST-0078,2026-03-20,6536,31825,38263
CONS-0078-0080,CUST-0078,2026-03-31,19229,17895,57482
CONS-0078-0081,CUST-0078,2026-03-05,9940,16926,51038
CONS-0078-0082,CUST-0078,2026-02-23,11406,31141,51421
CONS-0078-0083,CUST-0078,2026-04-28,15482,44071,85483
CONS-0078-0084,CUST-0078,2026-03-25,12390,40413,61889
CONS-0078-0085,CUST-0078,2026-05-06,5806,37732,17967
CONS-0078-0086,CUST-0078,2026-03-01,12497,21098,77752
CONS-0078-0087,CUST-0078,2026-03-05,17827,33673,67669
CONS-0078-0088,CUST-0078,2026-03-19,18053,40657,54208
CONS-0079-0000,CUST-0079,2026-04-23,45306,251546,527595
CONS-0079-0001,CUST-0079,2026-04-26,35815,283104,932580
CONS-0079-0002,CUST-0079,2026-02-16,16651,187847,431773
CONS-0079-0003,CUST-0079,2026-04-04,22893,189256,845753
CONS-0079-0004,CUST-0079,2026-04-14,67763,299355,496820
CONS-0079-0005,CUST-0079,2026-03-22,21446,222667,191896
CONS-0079-0006,CUST-0079,2026-03-07,25152,220948,615931
CONS-0079-0007,CUST-0079,2026-04-02,26275,457304,913426
CONS-0079-0008,CUST-0079,2026-03-11,34735,205804,361652
CONS-0079-0009,CUST-0079,2026-02-18,25033,98498,890726
CONS-0079-0010,CUST-0079,2026-04-01,31128,383151,156273
CONS-0079-0011,CUST-0079,2026-03-03,38434,282536,836650
CONS-0079-0012,CUST-0079,2026-03-06,46536,377782,199940
CONS-0079-0013,CUST-0079,2026-04-29,28747,58764,839122
CONS-0079-0014,CUST-0079,2026-05-05,69329,358386,633780
CONS-0079-0015,CUST-0079,2026-03-30,59504,470553,318647
CONS-0079-0016,CUST-0079,2026-04-08,61851,129266,890156
CONS-0079-0017,CUST-0079,2026-02-13,17556,208996,431807
CONS-0079-0018,CUST-0079,2026-03-27,39912,373000,775781
CONS-0079-0019,CUST-0079,2026-04-29,48028,126622,580401
CONS-0079-0020,CUST-0079,2026-02-28,35256,409166,576899
CONS-0079-0021,CUST-0079,2026-04-03,68764,372344,687900
CONS-0079-0022,CUST-0079,2026-03-10,52975,467063,632324
CONS-0079-0023,CUST-0079,2026-03-10,63167,427377,746114
CONS-0079-0024,CUST-0079,2026-04-27,34818,92834,367788
CONS-0079-0025,CUST-0079,2026-03-18,38682,492286,667796
CONS-0079-0026,CUST-0079,2026-03-12,52998,372637,155868
CONS-0079-0027,CUST-0079,2026-03-23,43014,262831,241532
CONS-0079-0028,CUST-0079,2026-04-10,41553,475201,311202
CONS-0079-0029,CUST-0079,2026-03-27,20880,314262,424262
CONS-0079-0030,CUST-0079,2026-03-24,24350,149241,461033
CONS-0079-0031,CUST-0079,2026-04-14,68948,159508,586026
CONS-0079-0032,CUST-0079,2026-02-21,44614,110368,740509
CONS-0079-0033,CUST-0079,2026-02-23,26639,374863,693846
CONS-0079-0034,CUST-0079,2026-04-23,37991,411289,586958
CONS-0079-0035,CUST-0079,2026-05-09,58236,268888,502617
CONS-0079-0036,CUST-0079,2026-05-07,52665,279703,281436
CONS-0079-0037,CUST-0079,2026-04-28,47080,77348,317163
CONS-0079-0038,CUST-0079,2026-04-24,21762,338855,221602
CONS-0079-0039,CUST-0079,2026-03-27,34074,479126,967903
CONS-0079-0040,CUST-0079,2026-04-10,23633,336570,731805
CONS-0079-0041,CUST-0079,2026-02-27,40550,291046,996916
CONS-0079-0042,CUST-0079,2026-03-16,45422,110567,125798
CONS-0079-0043,CUST-0079,2026-02-14,29011,50254,899517
CONS-0079-0044,CUST-0079,2026-03-22,61088,323541,952841
CONS-0079-0045,CUST-0079,2026-03-03,41652,322756,475393
CONS-0079-0046,CUST-0079,2026-03-31,31961,205679,517378
CONS-0079-0047,CUST-0079,2026-04-01,24047,464681,152860
CONS-0079-0048,CUST-0079,2026-04-13,22752,50233,965075
CONS-0079-0049,CUST-0079,2026-03-17,69977,294725,240540
CONS-0079-0050,CUST-0079,2026-02-28,61356,157908,144458
CONS-0079-0051,CUST-0079,2026-03-12,51689,302641,245548
CONS-0079-0052,CUST-0079,2026-04-03,42720,203552,160714
CONS-0079-0053,CUST-0079,2026-04-14,18298,307170,549341
CONS-0079-0054,CUST-0079,2026-04-11,14087,490565,766249
CONS-0080-0000,CUST-0080,2026-04-23,289,122,696
CONS-0080-0001,CUST-0080,2026-03-08,350,260,242
CONS-0080-0002,CUST-0080,2026-03-07,285,399,973
CONS-0080-0003,CUST-0080,2026-02-20,282,493,212
CONS-0080-0004,CUST-0080,2026-03-18,269,605,832
CONS-0080-0005,CUST-0080,2026-02-28,246,724,245
CONS-0080-0006,CUST-0080,2026-04-16,288,831,205
CONS-0080-0007,CUST-0080,2026-03-16,284,481,289
CONS-0080-0008,CUST-0080,2026-02-24,308,862,626
CONS-0080-0009,CUST-0080,2026-02-12,337,230,908
CONS-0080-0010,CUST-0080,2026-03-19,98,694,981
CONS-0080-0011,CUST-0080,2026-02-11,123,425,732
CONS-0080-0012,CUST-0080,2026-03-05,120,616,683
CONS-0080-0013,CUST-0080,2026-03-20,156,358,688
CONS-0080-0014,CUST-0080,2026-04-20,90,891,698
CONS-0080-0015,CUST-0080,2026-03-07,318,928,771
CONS-0080-0016,CUST-0080,2026-02-16,169,967,317
CONS-0080-0017,CUST-0080,2026-05-10,272,463,851
CONS-0080-0018,CUST-0080,2026-02-15,273,949,622
CONS-0080-0019,CUST-0080,2026-02-12,336,838,664
CONS-0080-0020,CUST-0080,2026-03-31,117,658,890
CONS-0080-0021,CUST-0080,2026-03-15,263,511,1000
CONS-0080-0022,CUST-0080,2026-04-24,37,398,987
CONS-0080-0023,CUST-0080,2026-02-25,92,896,227
CONS-0080-0024,CUST-0080,2026-04-18,39,728,966
CONS-0080-0025,CUST-0080,2026-04-25,262,767,875
CONS-0080-0026,CUST-0080,2026-03-29,298,545,841
CONS-0080-0027,CUST-0080,2026-03-05,333,543,605
CONS-0080-0028,CUST-0080,2026-02-23,194,738,181
CONS-0080-0029,CUST-0080,2026-05-02,189,364,296
CONS-0080-0030,CUST-0080,2026-03-26,241,158,832
CONS-0080-0031,CUST-0080,2026-02-27,131,977,987
CONS-0080-0032,CUST-0080,2026-03-30,321,267,281
CONS-0080-0033,CUST-0080,2026-02-24,106,702,872
CONS-0080-0034,CUST-0080,2026-03-03,322,123,105
CONS-0080-0035,CUST-0080,2026-04-07,236,854,988
CONS-0081-0000,CUST-0081,2026-02-16,1751,1709,2558
CONS-0081-0001,CUST-0081,2026-05-05,2192,9495,5041
CONS-0081-0002,CUST-0081,2026-04-02,825,6769,5179
CONS-0081-0003,CUST-0081,2026-03-15,2821,7539,7307
CONS-0081-0004,CUST-0081,2026-04-04,1065,4506,4445
CONS-0081-0005,CUST-0081,2026-03-31,553,7827,1125
CONS-0081-0006,CUST-0081,2026-03-11,3672,3353,3015
CONS-0081-0007,CUST-0081,2026-03-23,2211,1992,6710
CONS-0081-0008,CUST-0081,2026-04-12,1493,7259,5916
CONS-0081-0009,CUST-0081,2026-03-12,3205,5791,3682
CONS-0081-0010,CUST-0081,2026-03-29,3928,4930,7327
CONS-0081-0011,CUST-0081,2026-03-02,3567,7418,3204
CONS-0081-0012,CUST-0081,2026-02-28,1510,2093,8907
CONS-0081-0013,CUST-0081,2026-02-17,529,1867,6940
CONS-0081-0014,CUST-0081,2026-03-12,2645,2653,6777
CONS-0081-0015,CUST-0081,2026-03-02,1411,9454,9597
CONS-0081-0016,CUST-0081,2026-04-11,4604,2243,8066
CONS-0081-0017,CUST-0081,2026-05-03,1908,8012,7045
CONS-0081-0018,CUST-0081,2026-02-19,1676,3657,9534
CONS-0081-0019,CUST-0081,2026-03-14,1641,5254,7135
CONS-0081-0020,CUST-0081,2026-03-07,2316,4480,5783
CONS-0081-0021,CUST-0081,2026-02-19,1970,3086,9923
CONS-0081-0022,CUST-0081,2026-02-15,4062,6714,5259
CONS-0081-0023,CUST-0081,2026-03-17,3993,1272,6527
CONS-0081-0024,CUST-0081,2026-02-27,2210,4011,8315
CONS-0081-0025,CUST-0081,2026-04-12,3475,9074,6259
CONS-0081-0026,CUST-0081,2026-05-09,4635,5273,6615
CONS-0081-0027,CUST-0081,2026-03-20,4456,7173,3136
CONS-0081-0028,CUST-0081,2026-03-22,939,1391,1939
CONS-0081-0029,CUST-0081,2026-03-23,2510,7800,5478
CONS-0081-0030,CUST-0081,2026-04-28,4850,5184,9250
CONS-0081-0031,CUST-0081,2026-03-16,1145,8434,9067
CONS-0081-0032,CUST-0081,2026-02-24,3543,4599,3623
CONS-0081-0033,CUST-0081,2026-03-12,4695,2887,1050
CONS-0081-0034,CUST-0081,2026-04-15,860,3548,2160
CONS-0081-0035,CUST-0081,2026-04-07,2907,2508,2349
CONS-0081-0036,CUST-0081,2026-05-06,627,6421,1539
CONS-0081-0037,CUST-0081,2026-03-01,3960,6808,6967
CONS-0081-0038,CUST-0081,2026-04-25,4273,1713,5121
CONS-0081-0039,CUST-0081,2026-03-08,4942,3589,2410
CONS-0081-0040,CUST-0081,2026-04-16,1720,3891,3239
CONS-0081-0041,CUST-0081,2026-04-07,2384,4551,6872
CONS-0081-0042,CUST-0081,2026-03-06,3917,2920,5986
CONS-0081-0043,CUST-0081,2026-05-05,3393,7094,8961
CONS-0081-0044,CUST-0081,2026-04-06,3686,8356,8717
CONS-0081-0045,CUST-0081,2026-05-02,3139,8981,2309
CONS-0081-0046,CUST-0081,2026-04-21,3987,3578,3338
CONS-0081-0047,CUST-0081,2026-04-30,1564,8737,8238
CONS-0081-0048,CUST-0081,2026-04-22,585,8773,4091
CONS-0081-0049,CUST-0081,2026-04-28,3255,3176,7618
CONS-0081-0050,CUST-0081,2026-02-16,677,6705,5297
CONS-0081-0051,CUST-0081,2026-02-23,2214,2670,5303
CONS-0081-0052,CUST-0081,2026-02-23,544,6853,4156
CONS-0081-0053,CUST-0081,2026-03-07,715,2664,1104
CONS-0081-0054,CUST-0081,2026-02-22,4381,4377,4329
CONS-0081-0055,CUST-0081,2026-04-13,1917,3212,3406
CONS-0081-0056,CUST-0081,2026-02-14,2299,2000,8067
CONS-0081-0057,CUST-0081,2026-04-16,1258,8102,5066
CONS-0081-0058,CUST-0081,2026-03-26,3433,9909,9552
CONS-0081-0059,CUST-0081,2026-04-09,3933,3351,4921
CONS-0081-0060,CUST-0081,2026-04-19,2913,2438,3265
CONS-0081-0061,CUST-0081,2026-04-08,2426,8401,8872
CONS-0081-0062,CUST-0081,2026-04-14,702,5153,1556
CONS-0081-0063,CUST-0081,2026-05-01,4443,3211,6856
CONS-0081-0064,CUST-0081,2026-03-22,2694,6345,7635
CONS-0081-0065,CUST-0081,2026-03-06,849,1987,1341
CONS-0081-0066,CUST-0081,2026-03-27,2994,9552,9402
CONS-0081-0067,CUST-0081,2026-02-15,1238,5248,9063
CONS-0081-0068,CUST-0081,2026-04-07,624,4707,4966
CONS-0081-0069,CUST-0081,2026-04-25,2830,1530,6290
CONS-0081-0070,CUST-0081,2026-05-01,2082,9115,6638
CONS-0081-0071,CUST-0081,2026-03-02,2446,7439,6908
CONS-0081-0072,CUST-0081,2026-05-01,1684,3050,6707
CONS-0081-0073,CUST-0081,2026-02-12,3031,8521,4490
CONS-0081-0074,CUST-0081,2026-03-18,4561,6003,9646
CONS-0081-0075,CUST-0081,2026-04-30,845,3470,7521
CONS-0081-0076,CUST-0081,2026-03-22,2407,6122,8427
CONS-0081-0077,CUST-0081,2026-03-08,4245,7032,8792
CONS-0081-0078,CUST-0081,2026-03-15,2213,5207,7964
CONS-0081-0079,CUST-0081,2026-05-03,3215,9249,2236
CONS-0081-0080,CUST-0081,2026-04-04,2986,9184,9571
CONS-0081-0081,CUST-0081,2026-02-10,2327,1604,6016
CONS-0081-0082,CUST-0081,2026-04-12,2737,7123,9020
CONS-0081-0083,CUST-0081,2026-05-06,2964,5520,6450
CONS-0081-0084,CUST-0081,2026-02-27,2664,7358,2475
CONS-0081-0085,CUST-0081,2026-03-25,2150,5881,6665
CONS-0081-0086,CUST-0081,2026-03-30,934,9945,3668
CONS-0081-0087,CUST-0081,2026-04-11,542,4268,8262
CONS-0081-0088,CUST-0081,2026-03-13,2814,6594,1937
CONS-0081-0089,CUST-0081,2026-04-21,3532,8327,1382
CONS-0082-0000,CUST-0082,2026-03-11,58,924,417
CONS-0082-0001,CUST-0082,2026-04-03,74,190,120
CONS-0082-0002,CUST-0082,2026-02-16,389,870,339
CONS-0082-0003,CUST-0082,2026-05-07,176,694,813
CONS-0082-0004,CUST-0082,2026-03-21,96,772,858
CONS-0082-0005,CUST-0082,2026-05-02,361,655,963
CONS-0082-0006,CUST-0082,2026-04-24,397,913,585
CONS-0082-0007,CUST-0082,2026-04-29,367,347,391
CONS-0082-0008,CUST-0082,2026-03-17,487,581,449
CONS-0082-0009,CUST-0082,2026-02-20,392,252,892
CONS-0082-0010,CUST-0082,2026-03-20,233,948,137
CONS-0082-0011,CUST-0082,2026-02-12,284,276,829
CONS-0082-0012,CUST-0082,2026-04-14,281,735,323
CONS-0082-0013,CUST-0082,2026-04-11,138,300,412
CONS-0082-0014,CUST-0082,2026-02-28,471,654,239
CONS-0082-0015,CUST-0082,2026-03-10,440,904,917
CONS-0082-0016,CUST-0082,2026-05-09,225,245,571
CONS-0082-0017,CUST-0082,2026-03-22,299,934,750
CONS-0082-0018,CUST-0082,2026-05-01,125,704,482
CONS-0082-0019,CUST-0082,2026-04-20,145,361,820
CONS-0082-0020,CUST-0082,2026-04-12,174,811,250
CONS-0082-0021,CUST-0082,2026-05-01,432,554,171
CONS-0082-0022,CUST-0082,2026-02-13,127,913,379
CONS-0082-0023,CUST-0082,2026-04-04,366,766,997
CONS-0082-0024,CUST-0082,2026-03-12,383,324,515
CONS-0082-0025,CUST-0082,2026-03-28,230,672,980
CONS-0082-0026,CUST-0082,2026-05-08,491,113,746
CONS-0082-0027,CUST-0082,2026-02-28,201,791,770
CONS-0082-0028,CUST-0082,2026-05-10,180,697,850
CONS-0082-0029,CUST-0082,2026-03-13,275,369,338
CONS-0082-0030,CUST-0082,2026-02-24,139,720,414
CONS-0082-0031,CUST-0082,2026-04-17,156,729,867
CONS-0082-0032,CUST-0082,2026-04-18,81,237,292
CONS-0082-0033,CUST-0082,2026-04-27,233,466,204
CONS-0082-0034,CUST-0082,2026-02-24,247,643,263
CONS-0082-0035,CUST-0082,2026-04-09,216,446,374
CONS-0082-0036,CUST-0082,2026-02-13,322,125,846
CONS-0082-0037,CUST-0082,2026-03-21,114,852,143
CONS-0082-0038,CUST-0082,2026-02-25,204,734,218
CONS-0082-0039,CUST-0082,2026-05-08,271,696,144
CONS-0083-0000,CUST-0083,2026-03-30,2808,6472,1042
CONS-0083-0001,CUST-0083,2026-04-16,2962,8124,9608
CONS-0083-0002,CUST-0083,2026-03-09,7453,5669,1583
CONS-0083-0003,CUST-0083,2026-03-11,1675,8364,1327
CONS-0083-0004,CUST-0083,2026-04-08,3660,1283,1362
CONS-0083-0005,CUST-0083,2026-05-06,3237,9292,9211
CONS-0083-0006,CUST-0083,2026-03-10,5575,7893,1854
CONS-0083-0007,CUST-0083,2026-04-26,7248,1375,7179
CONS-0083-0008,CUST-0083,2026-03-09,5734,4684,4558
CONS-0083-0009,CUST-0083,2026-03-02,4989,4233,5425
CONS-0083-0010,CUST-0083,2026-04-06,2439,6714,5755
CONS-0083-0011,CUST-0083,2026-02-11,5860,9547,6745
CONS-0083-0012,CUST-0083,2026-05-04,1981,7050,2719
CONS-0083-0013,CUST-0083,2026-04-30,2853,4243,8614
CONS-0083-0014,CUST-0083,2026-02-13,1225,1759,7900
CONS-0083-0015,CUST-0083,2026-04-14,5968,4856,2869
CONS-0083-0016,CUST-0083,2026-02-20,3654,3085,9874
CONS-0083-0017,CUST-0083,2026-04-23,6942,2891,1443
CONS-0083-0018,CUST-0083,2026-02-14,4500,9524,7540
CONS-0083-0019,CUST-0083,2026-02-24,5845,9277,1385
CONS-0083-0020,CUST-0083,2026-02-24,5239,3756,6005
CONS-0083-0021,CUST-0083,2026-04-18,3655,9250,4116
CONS-0083-0022,CUST-0083,2026-04-11,4080,3818,4832
CONS-0083-0023,CUST-0083,2026-04-05,7068,2841,8435
CONS-0083-0024,CUST-0083,2026-04-12,1959,4640,6352
CONS-0083-0025,CUST-0083,2026-05-03,3600,8538,5094
CONS-0083-0026,CUST-0083,2026-05-02,6582,1438,4373
CONS-0083-0027,CUST-0083,2026-04-12,5887,7316,3568
CONS-0083-0028,CUST-0083,2026-03-27,3135,9720,5342
CONS-0083-0029,CUST-0083,2026-03-02,6708,8385,9423
CONS-0083-0030,CUST-0083,2026-03-28,2325,9959,3222
CONS-0083-0031,CUST-0083,2026-03-12,2634,2450,4785
CONS-0083-0032,CUST-0083,2026-04-19,1917,3080,5365
CONS-0083-0033,CUST-0083,2026-02-11,2200,3769,8883
CONS-0083-0034,CUST-0083,2026-04-14,3715,7144,8748
CONS-0083-0035,CUST-0083,2026-04-22,5806,9685,4874
CONS-0083-0036,CUST-0083,2026-02-15,2146,1221,1341
CONS-0083-0037,CUST-0083,2026-04-30,6916,9896,7014
CONS-0083-0038,CUST-0083,2026-05-07,2166,6489,1143
CONS-0083-0039,CUST-0083,2026-02-23,4969,9016,7554
CONS-0083-0040,CUST-0083,2026-02-21,5344,5145,3805
CONS-0083-0041,CUST-0083,2026-02-16,5058,9263,1287
CONS-0083-0042,CUST-0083,2026-04-01,3787,2759,4762
CONS-0083-0043,CUST-0083,2026-03-03,2166,9502,6961
CONS-0083-0044,CUST-0083,2026-04-01,5379,5251,7579
CONS-0083-0045,CUST-0083,2026-02-12,6519,6098,9740
CONS-0083-0046,CUST-0083,2026-05-04,7099,7081,2964
CONS-0083-0047,CUST-0083,2026-03-10,6058,9155,5242
CONS-0083-0048,CUST-0083,2026-04-09,6556,3545,6335
CONS-0083-0049,CUST-0083,2026-03-06,1351,8911,1538
CONS-0083-0050,CUST-0083,2026-04-19,2752,5162,8984
CONS-0083-0051,CUST-0083,2026-05-08,5355,8066,2248
CONS-0083-0052,CUST-0083,2026-03-22,6469,6571,9362
CONS-0083-0053,CUST-0083,2026-05-08,7396,8105,5315
CONS-0083-0054,CUST-0083,2026-03-11,2004,6731,6735
CONS-0083-0055,CUST-0083,2026-03-03,2796,5689,5953
CONS-0083-0056,CUST-0083,2026-03-24,5748,9461,1313
CONS-0083-0057,CUST-0083,2026-03-04,4075,6411,2541
CONS-0083-0058,CUST-0083,2026-04-21,2733,2526,4727
CONS-0083-0059,CUST-0083,2026-03-03,2916,7279,7478
CONS-0083-0060,CUST-0083,2026-02-22,6156,2790,5057
CONS-0083-0061,CUST-0083,2026-02-11,1543,2939,7047
CONS-0083-0062,CUST-0083,2026-03-26,4920,6001,4633
CONS-0083-0063,CUST-0083,2026-03-27,7338,1669,5386
CONS-0083-0064,CUST-0083,2026-04-20,3399,9782,6501
CONS-0083-0065,CUST-0083,2026-04-03,1294,3380,6888
CONS-0083-0066,CUST-0083,2026-04-28,6223,4407,1901
CONS-0083-0067,CUST-0083,2026-02-19,2832,6477,2206
CONS-0083-0068,CUST-0083,2026-04-27,6643,8439,4326
CONS-0083-0069,CUST-0083,2026-03-31,4255,3094,8476
CONS-0083-0070,CUST-0083,2026-03-14,2907,7849,2804
CONS-0084-0000,CUST-0084,2026-02-16,63069,243429,527289
CONS-0084-0001,CUST-0084,2026-03-13,88872,80267,990344
CONS-0084-0002,CUST-0084,2026-04-14,124672,143689,109016
CONS-0084-0003,CUST-0084,2026-05-09,100954,112115,238731
CONS-0084-0004,CUST-0084,2026-04-01,140773,177471,766901
CONS-0084-0005,CUST-0084,2026-03-02,102310,255045,764383
CONS-0084-0006,CUST-0084,2026-03-12,109972,258457,886136
CONS-0084-0007,CUST-0084,2026-05-05,126208,341323,257816
CONS-0084-0008,CUST-0084,2026-04-04,84387,249073,512178
CONS-0084-0009,CUST-0084,2026-03-03,137649,86871,624418
CONS-0084-0010,CUST-0084,2026-03-10,102715,204603,245086
CONS-0084-0011,CUST-0084,2026-04-12,96247,393492,540895
CONS-0084-0012,CUST-0084,2026-03-17,44143,50869,684391
CONS-0084-0013,CUST-0084,2026-03-01,45457,301382,553171
CONS-0084-0014,CUST-0084,2026-02-23,129042,475145,271619
CONS-0084-0015,CUST-0084,2026-04-05,108559,208067,947785
CONS-0084-0016,CUST-0084,2026-02-27,130977,217176,365271
CONS-0084-0017,CUST-0084,2026-03-29,140673,159576,523800
CONS-0084-0018,CUST-0084,2026-02-18,137890,481022,972443
CONS-0084-0019,CUST-0084,2026-03-24,131745,421632,900651
CONS-0084-0020,CUST-0084,2026-04-24,96232,366882,870559
CONS-0084-0021,CUST-0084,2026-02-19,49608,335428,798703
CONS-0084-0022,CUST-0084,2026-02-23,111318,249967,245854
CONS-0084-0023,CUST-0084,2026-04-26,77217,207163,852348
CONS-0084-0024,CUST-0084,2026-03-14,102318,498769,851263
CONS-0084-0025,CUST-0084,2026-04-24,33916,244174,589477
CONS-0084-0026,CUST-0084,2026-03-03,63172,444697,455660
CONS-0084-0027,CUST-0084,2026-02-14,135528,129924,942854
CONS-0084-0028,CUST-0084,2026-03-22,136056,376212,745015
CONS-0084-0029,CUST-0084,2026-02-15,76939,105708,540661
CONS-0084-0030,CUST-0084,2026-03-30,130576,496726,274977
CONS-0084-0031,CUST-0084,2026-02-21,62278,127734,831748
CONS-0084-0032,CUST-0084,2026-04-27,127531,93606,904680
CONS-0084-0033,CUST-0084,2026-03-04,59649,311833,861619
CONS-0084-0034,CUST-0084,2026-02-24,60352,450422,964535
CONS-0084-0035,CUST-0084,2026-02-13,59023,267870,761369
CONS-0084-0036,CUST-0084,2026-02-13,101230,280629,857387
CONS-0084-0037,CUST-0084,2026-03-20,67747,482497,801853
CONS-0084-0038,CUST-0084,2026-02-14,140905,118730,454706
CONS-0084-0039,CUST-0084,2026-04-17,76636,66653,426061
CONS-0084-0040,CUST-0084,2026-03-21,121381,302118,441797
CONS-0084-0041,CUST-0084,2026-03-18,74617,324865,368667
CONS-0085-0000,CUST-0085,2026-02-26,9565,16572,66738
CONS-0085-0001,CUST-0085,2026-03-02,12648,35122,45625
CONS-0085-0002,CUST-0085,2026-04-22,4975,21544,81173
CONS-0085-0003,CUST-0085,2026-03-11,10444,19765,64501
CONS-0085-0004,CUST-0085,2026-03-01,6446,38528,51661
CONS-0085-0005,CUST-0085,2026-04-10,9340,40640,34967
CONS-0085-0006,CUST-0085,2026-03-21,3905,44996,81944
CONS-0085-0007,CUST-0085,2026-03-06,7234,38054,85817
CONS-0085-0008,CUST-0085,2026-03-13,10835,24456,64875
CONS-0085-0009,CUST-0085,2026-03-04,9642,10717,29727
CONS-0085-0010,CUST-0085,2026-05-05,8105,39838,24171
CONS-0085-0011,CUST-0085,2026-03-11,11755,36401,86601
CONS-0085-0012,CUST-0085,2026-04-29,3777,29801,51347
CONS-0085-0013,CUST-0085,2026-03-17,10439,18151,26026
CONS-0085-0014,CUST-0085,2026-05-01,12601,43531,56684
CONS-0085-0015,CUST-0085,2026-02-26,12614,22205,33498
CONS-0085-0016,CUST-0085,2026-02-22,10104,29112,48149
CONS-0085-0017,CUST-0085,2026-05-01,12371,22235,15091
CONS-0085-0018,CUST-0085,2026-03-06,10110,41863,79755
CONS-0085-0019,CUST-0085,2026-05-06,13541,44399,71942
CONS-0085-0020,CUST-0085,2026-02-25,10733,12440,35810
CONS-0085-0021,CUST-0085,2026-02-15,11165,17394,97653
CONS-0085-0022,CUST-0085,2026-04-20,4641,20162,81775
CONS-0085-0023,CUST-0085,2026-04-04,7037,16592,36117
CONS-0085-0024,CUST-0085,2026-04-16,11858,49814,92892
CONS-0085-0025,CUST-0085,2026-03-07,12637,15197,27205
CONS-0085-0026,CUST-0085,2026-04-19,7471,33860,87478
CONS-0085-0027,CUST-0085,2026-04-19,8550,23174,46963
CONS-0085-0028,CUST-0085,2026-04-01,12026,45594,85104
CONS-0085-0029,CUST-0085,2026-03-19,6247,29296,74177
CONS-0085-0030,CUST-0085,2026-05-10,12120,44777,82776
CONS-0085-0031,CUST-0085,2026-04-07,5598,45410,10202
CONS-0085-0032,CUST-0085,2026-03-01,9290,15576,85572
CONS-0085-0033,CUST-0085,2026-05-05,8255,35694,52203
CONS-0085-0034,CUST-0085,2026-03-27,12469,12447,53789
CONS-0085-0035,CUST-0085,2026-04-29,3635,12661,15643
CONS-0085-0036,CUST-0085,2026-03-20,12125,27880,35110
CONS-0085-0037,CUST-0085,2026-04-29,5418,31243,58838
CONS-0085-0038,CUST-0085,2026-02-17,3700,39716,99596
CONS-0085-0039,CUST-0085,2026-03-05,8359,23918,91565
CONS-0085-0040,CUST-0085,2026-02-21,10527,41627,30918
CONS-0085-0041,CUST-0085,2026-04-19,11909,42588,93225
CONS-0085-0042,CUST-0085,2026-03-05,4845,32028,11636
CONS-0085-0043,CUST-0085,2026-03-13,12028,19091,76568
CONS-0085-0044,CUST-0085,2026-03-03,4974,18606,72594
CONS-0085-0045,CUST-0085,2026-04-17,13345,31359,19396
CONS-0085-0046,CUST-0085,2026-03-20,12156,38416,77590
CONS-0085-0047,CUST-0085,2026-02-24,12675,17761,20062
CONS-0085-0048,CUST-0085,2026-03-26,6204,37917,56190
CONS-0085-0049,CUST-0085,2026-03-03,7009,22476,85556
CONS-0085-0050,CUST-0085,2026-03-03,5079,20785,26553
CONS-0085-0051,CUST-0085,2026-03-05,4023,49560,97819
CONS-0085-0052,CUST-0085,2026-02-28,4224,45747,43424
CONS-0085-0053,CUST-0085,2026-04-04,3916,31715,18462
CONS-0085-0054,CUST-0085,2026-03-27,7794,16104,86354
CONS-0085-0055,CUST-0085,2026-03-22,10705,28029,85566
CONS-0085-0056,CUST-0085,2026-04-12,12380,48900,60255
CONS-0085-0057,CUST-0085,2026-02-19,11627,13695,81733
CONS-0085-0058,CUST-0085,2026-03-01,12886,40710,75982
CONS-0085-0059,CUST-0085,2026-03-25,12742,36043,61941
CONS-0085-0060,CUST-0085,2026-02-12,6013,29340,82616
CONS-0085-0061,CUST-0085,2026-02-16,5887,28420,99839
CONS-0085-0062,CUST-0085,2026-04-25,12869,23158,91239
CONS-0085-0063,CUST-0085,2026-03-24,13178,31897,34556
CONS-0085-0064,CUST-0085,2026-02-13,9637,43309,45450
CONS-0085-0065,CUST-0085,2026-04-18,5898,48001,48345
CONS-0085-0066,CUST-0085,2026-03-19,10507,14961,14955
CONS-0085-0067,CUST-0085,2026-02-14,11557,11352,95139
CONS-0085-0068,CUST-0085,2026-02-10,12677,40048,86633
CONS-0085-0069,CUST-0085,2026-04-15,4603,25662,95501
CONS-0085-0070,CUST-0085,2026-03-22,4444,47606,73698
CONS-0085-0071,CUST-0085,2026-05-04,11423,28333,74576
CONS-0085-0072,CUST-0085,2026-04-19,7799,24735,55861
CONS-0085-0073,CUST-0085,2026-04-20,11603,33842,44202
CONS-0085-0074,CUST-0085,2026-02-15,9661,46010,93731
CONS-0085-0075,CUST-0085,2026-03-22,6279,38133,97612
CONS-0085-0076,CUST-0085,2026-02-27,4101,44398,52574
CONS-0086-0000,CUST-0086,2026-03-15,9641,19176,69132
CONS-0086-0001,CUST-0086,2026-03-28,4085,15189,82849
CONS-0086-0002,CUST-0086,2026-03-27,11042,37032,15631
CONS-0086-0003,CUST-0086,2026-04-30,7604,17447,82493
CONS-0086-0004,CUST-0086,2026-04-23,9822,11262,46531
CONS-0086-0005,CUST-0086,2026-04-23,6549,18311,52185
CONS-0086-0006,CUST-0086,2026-04-21,8922,18268,19950
CONS-0086-0007,CUST-0086,2026-02-28,6778,32060,19355
CONS-0086-0008,CUST-0086,2026-02-28,13938,49552,23586
CONS-0086-0009,CUST-0086,2026-04-14,8661,40601,51292
CONS-0086-0010,CUST-0086,2026-04-25,13694,49030,29464
CONS-0086-0011,CUST-0086,2026-04-04,8131,36214,94669
CONS-0086-0012,CUST-0086,2026-03-18,6126,25496,94183
CONS-0086-0013,CUST-0086,2026-03-30,6924,25707,88153
CONS-0086-0014,CUST-0086,2026-04-27,11700,45694,55680
CONS-0086-0015,CUST-0086,2026-03-29,11564,10743,23956
CONS-0086-0016,CUST-0086,2026-03-07,6306,48388,96636
CONS-0086-0017,CUST-0086,2026-04-04,5784,35591,84786
CONS-0086-0018,CUST-0086,2026-04-19,8087,17021,42572
CONS-0086-0019,CUST-0086,2026-03-10,10051,49169,54826
CONS-0086-0020,CUST-0086,2026-02-12,11618,19168,14780
CONS-0086-0021,CUST-0086,2026-04-19,4270,12343,43999
CONS-0086-0022,CUST-0086,2026-02-15,8750,21270,47279
CONS-0086-0023,CUST-0086,2026-02-11,8275,25061,42373
CONS-0086-0024,CUST-0086,2026-05-05,11327,38969,43345
CONS-0086-0025,CUST-0086,2026-02-24,5596,41928,62442
CONS-0086-0026,CUST-0086,2026-04-08,9676,39979,49163
CONS-0086-0027,CUST-0086,2026-02-20,4174,41201,46214
CONS-0086-0028,CUST-0086,2026-03-05,13375,12476,28225
CONS-0086-0029,CUST-0086,2026-03-16,9807,18870,41167
CONS-0086-0030,CUST-0086,2026-04-23,3559,27161,27759
CONS-0086-0031,CUST-0086,2026-04-23,11240,43646,38267
CONS-0086-0032,CUST-0086,2026-03-11,5933,34094,93965
CONS-0086-0033,CUST-0086,2026-02-13,10021,12542,70549
CONS-0086-0034,CUST-0086,2026-02-13,10646,37938,99327
CONS-0086-0035,CUST-0086,2026-04-13,13815,13453,53089
CONS-0086-0036,CUST-0086,2026-05-06,9029,42532,51747
CONS-0086-0037,CUST-0086,2026-02-28,3964,47389,74235
CONS-0086-0038,CUST-0086,2026-04-10,12100,43903,76254
CONS-0086-0039,CUST-0086,2026-02-19,7202,20660,88883
CONS-0086-0040,CUST-0086,2026-02-28,10041,33007,75245
CONS-0086-0041,CUST-0086,2026-04-18,5707,39101,10069
CONS-0086-0042,CUST-0086,2026-04-29,4589,14147,23690
CONS-0086-0043,CUST-0086,2026-05-05,8389,26693,99509
CONS-0086-0044,CUST-0086,2026-04-16,7329,21162,63335
CONS-0086-0045,CUST-0086,2026-04-30,11347,30093,11782
CONS-0086-0046,CUST-0086,2026-05-05,3511,49754,46264
CONS-0086-0047,CUST-0086,2026-04-10,10952,18644,62316
CONS-0086-0048,CUST-0086,2026-02-16,6156,28702,98070
CONS-0086-0049,CUST-0086,2026-02-19,3797,16465,25024
CONS-0086-0050,CUST-0086,2026-03-16,3969,16088,47810
CONS-0086-0051,CUST-0086,2026-02-19,10388,48655,10695
CONS-0086-0052,CUST-0086,2026-03-14,13199,14338,85127
CONS-0086-0053,CUST-0086,2026-04-09,10543,18666,27639
CONS-0086-0054,CUST-0086,2026-05-01,8200,46661,61951
CONS-0086-0055,CUST-0086,2026-02-27,9429,36877,34025
CONS-0086-0056,CUST-0086,2026-03-01,11577,10430,41364
CONS-0086-0057,CUST-0086,2026-02-17,8782,44968,14393
CONS-0086-0058,CUST-0086,2026-05-03,6370,48442,12401
CONS-0086-0059,CUST-0086,2026-03-17,3693,31467,20803
CONS-0086-0060,CUST-0086,2026-05-08,5306,12397,77044
CONS-0086-0061,CUST-0086,2026-04-23,10966,42151,20063
CONS-0086-0062,CUST-0086,2026-02-23,8073,43682,68164
CONS-0086-0063,CUST-0086,2026-03-04,8999,29256,13646
CONS-0086-0064,CUST-0086,2026-04-18,3709,45062,51607
CONS-0086-0065,CUST-0086,2026-02-18,4204,35276,62676
CONS-0086-0066,CUST-0086,2026-03-23,10675,34854,71386
CONS-0086-0067,CUST-0086,2026-03-07,11882,36302,32340
CONS-0086-0068,CUST-0086,2026-03-24,12225,23099,66425
CONS-0086-0069,CUST-0086,2026-04-25,4708,38564,10794
CONS-0086-0070,CUST-0086,2026-04-06,10495,15183,14684
CONS-0086-0071,CUST-0086,2026-05-02,3849,23882,79313
CONS-0086-0072,CUST-0086,2026-03-14,3896,33171,23085
CONS-0086-0073,CUST-0086,2026-02-23,9212,10365,54519
CONS-0086-0074,CUST-0086,2026-03-23,5778,25568,34496
CONS-0086-0075,CUST-0086,2026-03-07,6472,33247,15674
CONS-0086-0076,CUST-0086,2026-02-12,11140,20769,48081
CONS-0087-0000,CUST-0087,2026-04-26,15852,301378,423863
CONS-0087-0001,CUST-0087,2026-04-20,29049,419236,450822
CONS-0087-0002,CUST-0087,2026-04-08,36827,478318,933641
CONS-0087-0003,CUST-0087,2026-03-05,19950,205419,240489
CONS-0087-0004,CUST-0087,2026-04-11,38626,104890,532234
CONS-0087-0005,CUST-0087,2026-04-27,38574,260492,542754
CONS-0087-0006,CUST-0087,2026-02-15,58816,199496,520921
CONS-0087-0007,CUST-0087,2026-02-22,66243,418003,680661
CONS-0087-0008,CUST-0087,2026-04-08,28255,380754,862006
CONS-0087-0009,CUST-0087,2026-03-14,19939,316447,266929
CONS-0087-0010,CUST-0087,2026-02-14,68283,224721,340105
CONS-0087-0011,CUST-0087,2026-04-26,56351,412347,955215
CONS-0087-0012,CUST-0087,2026-04-09,40935,443894,355848
CONS-0087-0013,CUST-0087,2026-02-22,63639,465953,887194
CONS-0087-0014,CUST-0087,2026-02-27,35474,337600,132669
CONS-0087-0015,CUST-0087,2026-03-29,57731,86738,291265
CONS-0087-0016,CUST-0087,2026-02-16,43394,91747,162058
CONS-0087-0017,CUST-0087,2026-03-15,47542,444960,430001
CONS-0087-0018,CUST-0087,2026-02-21,46403,443776,855580
CONS-0087-0019,CUST-0087,2026-04-10,42280,103302,755023
CONS-0087-0020,CUST-0087,2026-04-23,64033,371492,878457
CONS-0087-0021,CUST-0087,2026-04-24,35151,212548,212758
CONS-0087-0022,CUST-0087,2026-03-22,62467,179438,662549
CONS-0087-0023,CUST-0087,2026-03-21,50810,487726,778258
CONS-0087-0024,CUST-0087,2026-02-16,38360,326796,941926
CONS-0087-0025,CUST-0087,2026-03-18,67826,100096,108560
CONS-0087-0026,CUST-0087,2026-03-30,21998,497784,152759
CONS-0087-0027,CUST-0087,2026-02-18,56044,157011,171686
CONS-0087-0028,CUST-0087,2026-04-24,27081,288706,914702
CONS-0087-0029,CUST-0087,2026-02-14,23604,308941,203595
CONS-0087-0030,CUST-0087,2026-04-02,15930,320080,746621
CONS-0087-0031,CUST-0087,2026-04-05,64463,101777,875031
CONS-0087-0032,CUST-0087,2026-05-07,65008,441015,627911
CONS-0087-0033,CUST-0087,2026-02-26,35689,282231,340517
CONS-0087-0034,CUST-0087,2026-04-13,15139,208910,263064
CONS-0087-0035,CUST-0087,2026-02-26,68777,168725,700598
CONS-0087-0036,CUST-0087,2026-02-23,56620,484853,138100
CONS-0087-0037,CUST-0087,2026-02-26,42917,138755,811402
CONS-0087-0038,CUST-0087,2026-03-23,32503,223986,749614
CONS-0087-0039,CUST-0087,2026-05-01,14782,200922,146121
CONS-0087-0040,CUST-0087,2026-02-28,31020,479083,311426
CONS-0087-0041,CUST-0087,2026-03-08,65524,388287,723383
CONS-0087-0042,CUST-0087,2026-04-13,62947,87471,740771
CONS-0087-0043,CUST-0087,2026-05-05,26480,247140,834625
CONS-0087-0044,CUST-0087,2026-03-02,40341,440236,570263
CONS-0087-0045,CUST-0087,2026-02-19,23986,292706,358758
CONS-0087-0046,CUST-0087,2026-03-04,59127,108201,671478
CONS-0087-0047,CUST-0087,2026-05-09,56063,342916,691960
CONS-0087-0048,CUST-0087,2026-04-19,31066,84220,272754
CONS-0087-0049,CUST-0087,2026-02-15,69829,64072,295896
CONS-0087-0050,CUST-0087,2026-03-30,41832,144605,546600
CONS-0087-0051,CUST-0087,2026-02-23,55472,142840,543065
CONS-0087-0052,CUST-0087,2026-05-01,60055,134939,884110
CONS-0087-0053,CUST-0087,2026-02-12,44426,491847,302175
CONS-0087-0054,CUST-0087,2026-04-27,37162,210746,915159
CONS-0087-0055,CUST-0087,2026-05-05,65944,442471,707603
CONS-0087-0056,CUST-0087,2026-03-19,31977,129497,896893
CONS-0087-0057,CUST-0087,2026-03-27,31922,225098,819126
CONS-0087-0058,CUST-0087,2026-02-11,22503,166165,703351
CONS-0087-0059,CUST-0087,2026-04-05,59611,126009,450003
CONS-0087-0060,CUST-0087,2026-03-31,30323,231907,424175
CONS-0087-0061,CUST-0087,2026-02-19,21163,334556,392135
CONS-0087-0062,CUST-0087,2026-04-04,24025,154363,333638
CONS-0087-0063,CUST-0087,2026-04-18,38403,237688,518164
CONS-0087-0064,CUST-0087,2026-03-09,27824,97756,975924
CONS-0087-0065,CUST-0087,2026-04-17,53936,163185,348497
CONS-0087-0066,CUST-0087,2026-02-20,32431,422162,841770
CONS-0087-0067,CUST-0087,2026-02-24,69920,233418,995476
CONS-0087-0068,CUST-0087,2026-04-27,49346,69665,870413
CONS-0087-0069,CUST-0087,2026-04-23,16621,67345,633736
CONS-0087-0070,CUST-0087,2026-03-17,40312,114906,301007
CONS-0087-0071,CUST-0087,2026-04-21,52175,346895,280683
CONS-0087-0072,CUST-0087,2026-03-21,27338,245205,210414
CONS-0087-0073,CUST-0087,2026-04-30,41914,397542,232489
CONS-0087-0074,CUST-0087,2026-04-08,44570,301493,804444
CONS-0087-0075,CUST-0087,2026-02-24,31515,496157,479609
CONS-0087-0076,CUST-0087,2026-03-06,25746,191006,604072
CONS-0087-0077,CUST-0087,2026-02-27,67643,345532,646647
CONS-0087-0078,CUST-0087,2026-03-24,29325,251295,247764
CONS-0087-0079,CUST-0087,2026-02-12,69959,60387,212631
CONS-0087-0080,CUST-0087,2026-02-10,56560,287039,501678
CONS-0087-0081,CUST-0087,2026-03-19,52035,253036,954080
CONS-0087-0082,CUST-0087,2026-04-12,30424,364233,618113
CONS-0087-0083,CUST-0087,2026-02-13,61462,142293,623430
CONS-0087-0084,CUST-0087,2026-03-22,15280,261604,753455
CONS-0087-0085,CUST-0087,2026-02-22,28525,246109,806956
CONS-0088-0000,CUST-0088,2026-03-03,11785,41995,95189
CONS-0088-0001,CUST-0088,2026-04-24,13853,10749,87455
CONS-0088-0002,CUST-0088,2026-03-12,11388,41362,47031
CONS-0088-0003,CUST-0088,2026-03-10,11865,12857,38397
CONS-0088-0004,CUST-0088,2026-03-30,8094,24432,15991
CONS-0088-0005,CUST-0088,2026-05-01,7035,38412,18306
CONS-0088-0006,CUST-0088,2026-04-09,7423,45917,77358
CONS-0088-0007,CUST-0088,2026-03-11,13896,16279,53416
CONS-0088-0008,CUST-0088,2026-02-16,12131,45625,25970
CONS-0088-0009,CUST-0088,2026-05-02,10497,18401,26158
CONS-0088-0010,CUST-0088,2026-02-23,11300,13244,46684
CONS-0088-0011,CUST-0088,2026-02-28,6704,45916,69128
CONS-0088-0012,CUST-0088,2026-03-17,7629,42894,31446
CONS-0088-0013,CUST-0088,2026-03-08,8386,31144,20160
CONS-0088-0014,CUST-0088,2026-03-27,10731,47005,26244
CONS-0088-0015,CUST-0088,2026-03-08,10054,16773,88568
CONS-0088-0016,CUST-0088,2026-04-24,3630,34225,86091
CONS-0088-0017,CUST-0088,2026-04-25,10047,26495,90780
CONS-0088-0018,CUST-0088,2026-03-02,5478,48910,30758
CONS-0088-0019,CUST-0088,2026-02-14,7443,36347,60106
CONS-0088-0020,CUST-0088,2026-02-13,7865,26029,26684
CONS-0088-0021,CUST-0088,2026-02-13,12660,14565,55360
CONS-0088-0022,CUST-0088,2026-03-11,10550,18869,46130
CONS-0088-0023,CUST-0088,2026-04-08,7172,27393,87263
CONS-0088-0024,CUST-0088,2026-02-20,3757,30349,15188
CONS-0088-0025,CUST-0088,2026-04-17,10742,24066,31134
CONS-0088-0026,CUST-0088,2026-04-15,9942,33815,59239
CONS-0088-0027,CUST-0088,2026-04-25,12947,49482,39525
CONS-0088-0028,CUST-0088,2026-02-20,4468,11707,35995
CONS-0088-0029,CUST-0088,2026-04-23,12895,15426,24489
CONS-0088-0030,CUST-0088,2026-03-19,10607,23759,86103
CONS-0088-0031,CUST-0088,2026-04-03,5103,43434,51269
CONS-0088-0032,CUST-0088,2026-03-28,3765,15093,99409
CONS-0088-0033,CUST-0088,2026-04-04,4069,25015,42618
CONS-0088-0034,CUST-0088,2026-05-05,12862,42383,40605
CONS-0088-0035,CUST-0088,2026-03-30,7981,35881,82611
CONS-0088-0036,CUST-0088,2026-04-18,9516,31847,16627
CONS-0088-0037,CUST-0088,2026-03-04,11586,19720,95240
CONS-0088-0038,CUST-0088,2026-05-08,10992,40094,42844
CONS-0088-0039,CUST-0088,2026-02-11,13827,43237,45503
CONS-0088-0040,CUST-0088,2026-04-03,7201,41571,74469
CONS-0088-0041,CUST-0088,2026-03-05,7850,19971,18706
CONS-0088-0042,CUST-0088,2026-04-04,10866,43876,82815
CONS-0088-0043,CUST-0088,2026-02-19,9726,39420,58902
CONS-0088-0044,CUST-0088,2026-04-12,10987,44449,63401
CONS-0088-0045,CUST-0088,2026-03-02,12306,18946,76624
CONS-0088-0046,CUST-0088,2026-05-03,10384,42237,45154
CONS-0088-0047,CUST-0088,2026-04-13,6424,47517,21708
CONS-0089-0000,CUST-0089,2026-05-03,8736,33633,22269
CONS-0089-0001,CUST-0089,2026-03-10,17067,37994,67313
CONS-0089-0002,CUST-0089,2026-03-06,14494,47203,14866
CONS-0089-0003,CUST-0089,2026-03-02,8586,40676,21421
CONS-0089-0004,CUST-0089,2026-03-16,14090,31747,89653
CONS-0089-0005,CUST-0089,2026-02-16,18559,46447,13761
CONS-0089-0006,CUST-0089,2026-05-01,10781,13415,62568
CONS-0089-0007,CUST-0089,2026-04-06,8440,45843,16393
CONS-0089-0008,CUST-0089,2026-03-11,11770,10785,43728
CONS-0089-0009,CUST-0089,2026-05-04,13922,28915,16678
CONS-0089-0010,CUST-0089,2026-02-23,13978,48248,84035
CONS-0089-0011,CUST-0089,2026-03-23,7067,48222,19128
CONS-0089-0012,CUST-0089,2026-03-18,18303,39400,81523
CONS-0089-0013,CUST-0089,2026-04-22,17473,36779,95716
CONS-0089-0014,CUST-0089,2026-03-12,17465,31234,67142
CONS-0089-0015,CUST-0089,2026-05-10,5879,20299,89536
CONS-0089-0016,CUST-0089,2026-04-25,5937,24444,60081
CONS-0089-0017,CUST-0089,2026-04-05,19846,45847,73495
CONS-0089-0018,CUST-0089,2026-03-09,5739,22869,26186
CONS-0089-0019,CUST-0089,2026-05-08,9926,16252,13728
CONS-0089-0020,CUST-0089,2026-02-14,19293,46775,63950
CONS-0089-0021,CUST-0089,2026-02-23,16190,25901,59777
CONS-0089-0022,CUST-0089,2026-05-10,15656,44038,59497
CONS-0089-0023,CUST-0089,2026-04-13,19019,15492,52601
CONS-0089-0024,CUST-0089,2026-04-09,6780,13865,33705
CONS-0089-0025,CUST-0089,2026-04-06,19667,41558,70362
CONS-0089-0026,CUST-0089,2026-02-19,9546,44636,24091
CONS-0089-0027,CUST-0089,2026-04-05,19230,12055,38117
CONS-0089-0028,CUST-0089,2026-04-27,16115,42493,83337
CONS-0089-0029,CUST-0089,2026-03-22,10215,17194,36733
CONS-0089-0030,CUST-0089,2026-02-26,8790,42842,43508
CONS-0089-0031,CUST-0089,2026-02-18,17449,46006,23251
CONS-0089-0032,CUST-0089,2026-03-06,15894,12405,44643
CONS-0089-0033,CUST-0089,2026-04-03,7986,15245,38687
CONS-0089-0034,CUST-0089,2026-03-10,6406,38921,88461
CONS-0089-0035,CUST-0089,2026-03-09,8878,42748,15734
CONS-0089-0036,CUST-0089,2026-03-22,17414,32812,61249
CONS-0089-0037,CUST-0089,2026-03-10,10618,18329,40119
CONS-0089-0038,CUST-0089,2026-03-04,17244,16295,58604
CONS-0089-0039,CUST-0089,2026-04-06,7647,15868,93004
CONS-0089-0040,CUST-0089,2026-03-27,19566,18550,88870
CONS-0089-0041,CUST-0089,2026-04-02,18304,33396,46780
CONS-0089-0042,CUST-0089,2026-04-01,15020,12723,91927
CONS-0089-0043,CUST-0089,2026-03-26,5395,45199,69146
CONS-0089-0044,CUST-0089,2026-04-13,12873,29409,47710
CONS-0089-0045,CUST-0089,2026-04-03,10867,44796,16100
CONS-0089-0046,CUST-0089,2026-05-09,7479,22907,40477
CONS-0089-0047,CUST-0089,2026-02-18,9908,16463,91838
CONS-0089-0048,CUST-0089,2026-02-20,19384,23280,79918
CONS-0089-0049,CUST-0089,2026-02-21,16262,23444,77930
CONS-0089-0050,CUST-0089,2026-02-10,8300,19959,52374
CONS-0089-0051,CUST-0089,2026-03-09,19017,37933,89961
CONS-0089-0052,CUST-0089,2026-02-11,16170,24396,63866
CONS-0089-0053,CUST-0089,2026-03-17,14220,45054,66605
CONS-0089-0054,CUST-0089,2026-03-07,11010,19956,58187
CONS-0089-0055,CUST-0089,2026-03-24,15840,14383,56677
CONS-0089-0056,CUST-0089,2026-04-20,13779,10805,44904
CONS-0089-0057,CUST-0089,2026-03-16,5284,31910,29075
CONS-0089-0058,CUST-0089,2026-03-18,16008,46346,94594
CONS-0089-0059,CUST-0089,2026-03-12,14261,13906,36409
CONS-0089-0060,CUST-0089,2026-02-25,19919,16873,81830
CONS-0089-0061,CUST-0089,2026-03-13,19238,13598,94187
CONS-0089-0062,CUST-0089,2026-03-18,9559,40424,87109
CONS-0089-0063,CUST-0089,2026-04-28,10572,27521,90447
CONS-0089-0064,CUST-0089,2026-03-03,12222,49230,37885
CONS-0089-0065,CUST-0089,2026-02-11,9019,26454,99302
CONS-0089-0066,CUST-0089,2026-04-06,18863,27062,26690
CONS-0089-0067,CUST-0089,2026-03-01,10019,17811,94895
CONS-0089-0068,CUST-0089,2026-03-10,10468,24611,12284
CONS-0089-0069,CUST-0089,2026-05-03,18343,17492,71978
CONS-0089-0070,CUST-0089,2026-02-10,8160,32418,82785
CONS-0089-0071,CUST-0089,2026-02-14,9705,30350,18147
CONS-0089-0072,CUST-0089,2026-04-11,18816,43008,13295
CONS-0089-0073,CUST-0089,2026-04-29,6652,38646,76509
CONS-0089-0074,CUST-0089,2026-02-16,10803,46885,90622
CONS-0090-0000,CUST-0090,2026-03-26,20119,45867,68779
CONS-0090-0001,CUST-0090,2026-02-18,25084,34576,60959
CONS-0090-0002,CUST-0090,2026-05-05,13458,35859,88802
CONS-0090-0003,CUST-0090,2026-02-16,16213,31300,17353
CONS-0090-0004,CUST-0090,2026-03-10,16332,42976,61402
CONS-0090-0005,CUST-0090,2026-02-24,20499,18359,96400
CONS-0090-0006,CUST-0090,2026-03-28,14643,33295,76355
CONS-0090-0007,CUST-0090,2026-03-09,18277,30277,19349
CONS-0090-0008,CUST-0090,2026-03-20,18289,24210,60123
CONS-0090-0009,CUST-0090,2026-03-16,11685,28463,78186
CONS-0090-0010,CUST-0090,2026-04-15,15451,24388,82631
CONS-0090-0011,CUST-0090,2026-04-24,24789,49793,67298
CONS-0090-0012,CUST-0090,2026-03-17,18010,29938,44834
CONS-0090-0013,CUST-0090,2026-02-20,21019,30274,20844
CONS-0090-0014,CUST-0090,2026-03-14,21024,26803,72984
CONS-0090-0015,CUST-0090,2026-03-18,22378,19647,66306
CONS-0090-0016,CUST-0090,2026-03-06,22614,34932,31369
CONS-0090-0017,CUST-0090,2026-04-14,17206,24406,69235
CONS-0090-0018,CUST-0090,2026-04-09,28660,25891,54994
CONS-0090-0019,CUST-0090,2026-02-18,14364,10331,18548
CONS-0090-0020,CUST-0090,2026-02-23,11185,41130,32314
CONS-0090-0021,CUST-0090,2026-03-09,18706,37950,90118
CONS-0090-0022,CUST-0090,2026-02-27,21589,33029,92668
CONS-0090-0023,CUST-0090,2026-03-20,24853,17679,54268
CONS-0090-0024,CUST-0090,2026-03-03,19848,16526,64857
CONS-0090-0025,CUST-0090,2026-02-19,29668,48034,29004
CONS-0090-0026,CUST-0090,2026-03-21,29172,35155,79025
CONS-0090-0027,CUST-0090,2026-04-24,27837,15554,26509
CONS-0090-0028,CUST-0090,2026-03-06,10237,22920,95949
CONS-0090-0029,CUST-0090,2026-05-09,13104,38483,59794
CONS-0090-0030,CUST-0090,2026-05-05,17872,25565,53353
CONS-0090-0031,CUST-0090,2026-03-05,21790,16111,67626
CONS-0090-0032,CUST-0090,2026-04-03,29044,17315,87512
CONS-0090-0033,CUST-0090,2026-02-13,13741,16010,63438
CONS-0090-0034,CUST-0090,2026-02-12,12733,38397,99014
CONS-0090-0035,CUST-0090,2026-02-20,22962,23558,21071
CONS-0090-0036,CUST-0090,2026-03-13,10155,38241,91835
CONS-0090-0037,CUST-0090,2026-04-07,10842,11330,79917
CONS-0090-0038,CUST-0090,2026-04-02,23412,31906,69496
CONS-0090-0039,CUST-0090,2026-03-04,11188,15967,95919
CONS-0090-0040,CUST-0090,2026-04-25,22207,25370,43969
CONS-0090-0041,CUST-0090,2026-04-17,12220,42070,85036
CONS-0090-0042,CUST-0090,2026-02-25,18639,12441,44499
CONS-0090-0043,CUST-0090,2026-04-27,7990,18866,29973
CONS-0090-0044,CUST-0090,2026-04-25,22956,46474,24445
CONS-0090-0045,CUST-0090,2026-02-22,12874,25073,27154
CONS-0091-0000,CUST-0091,2026-05-01,3789,1031,5255
CONS-0091-0001,CUST-0091,2026-02-28,2938,9973,2751
CONS-0091-0002,CUST-0091,2026-04-03,1537,4875,1718
CONS-0091-0003,CUST-0091,2026-03-31,6538,2221,2159
CONS-0091-0004,CUST-0091,2026-03-15,4426,3979,1211
CONS-0091-0005,CUST-0091,2026-03-29,2074,8085,5476
CONS-0091-0006,CUST-0091,2026-04-05,5247,2852,7449
CONS-0091-0007,CUST-0091,2026-03-08,3438,2902,2036
CONS-0091-0008,CUST-0091,2026-04-16,2722,6069,3045
CONS-0091-0009,CUST-0091,2026-03-07,5541,2242,1039
CONS-0091-0010,CUST-0091,2026-03-01,1326,5614,4974
CONS-0091-0011,CUST-0091,2026-03-14,1869,8836,9121
CONS-0091-0012,CUST-0091,2026-02-10,837,1328,4118
CONS-0091-0013,CUST-0091,2026-03-16,1516,6732,2202
CONS-0091-0014,CUST-0091,2026-04-02,4281,2494,9615
CONS-0091-0015,CUST-0091,2026-03-17,2589,4128,9829
CONS-0091-0016,CUST-0091,2026-04-19,7207,7001,2852
CONS-0091-0017,CUST-0091,2026-04-05,7473,3502,5495
CONS-0091-0018,CUST-0091,2026-04-10,2967,6369,4665
CONS-0091-0019,CUST-0091,2026-04-25,5035,3313,8881
CONS-0091-0020,CUST-0091,2026-02-17,6579,3585,7140
CONS-0091-0021,CUST-0091,2026-03-17,2713,3995,1611
CONS-0091-0022,CUST-0091,2026-03-24,2413,7097,2550
CONS-0091-0023,CUST-0091,2026-03-07,3075,3180,1590
CONS-0091-0024,CUST-0091,2026-04-24,7050,7725,1847
CONS-0091-0025,CUST-0091,2026-03-05,7257,4442,6594
CONS-0091-0026,CUST-0091,2026-03-07,6747,8150,9835
CONS-0091-0027,CUST-0091,2026-02-27,3292,4527,3341
CONS-0091-0028,CUST-0091,2026-04-08,5800,7537,5062
CONS-0091-0029,CUST-0091,2026-02-14,3897,6688,1220
CONS-0091-0030,CUST-0091,2026-04-27,4065,5244,3511
CONS-0091-0031,CUST-0091,2026-04-23,5908,5836,2866
CONS-0091-0032,CUST-0091,2026-04-14,3483,3454,6114
CONS-0091-0033,CUST-0091,2026-04-16,7002,8090,7679
CONS-0091-0034,CUST-0091,2026-04-18,1462,8266,9799
CONS-0091-0035,CUST-0091,2026-03-13,3234,7608,3727
CONS-0091-0036,CUST-0091,2026-04-22,1944,9554,9223
CONS-0091-0037,CUST-0091,2026-03-16,5764,4986,6747
CONS-0091-0038,CUST-0091,2026-05-09,4387,7885,9246
CONS-0091-0039,CUST-0091,2026-03-18,3484,3521,9218
CONS-0091-0040,CUST-0091,2026-04-08,4888,9496,6248
CONS-0091-0041,CUST-0091,2026-02-16,2413,3612,4717
CONS-0091-0042,CUST-0091,2026-05-09,4587,9938,2081
CONS-0091-0043,CUST-0091,2026-05-10,1234,8154,9378
CONS-0091-0044,CUST-0091,2026-02-12,7170,3948,3767
CONS-0091-0045,CUST-0091,2026-04-16,6189,8706,5297
CONS-0091-0046,CUST-0091,2026-03-20,5566,7573,6754
CONS-0091-0047,CUST-0091,2026-02-18,829,8136,4797
CONS-0091-0048,CUST-0091,2026-04-07,6214,3807,3874
CONS-0091-0049,CUST-0091,2026-04-05,1555,7751,2745
CONS-0091-0050,CUST-0091,2026-05-08,4398,4192,4107
CONS-0091-0051,CUST-0091,2026-04-29,4306,1073,3908
CONS-0091-0052,CUST-0091,2026-02-25,5316,2937,9867
CONS-0091-0053,CUST-0091,2026-04-21,6316,7944,5088
CONS-0091-0054,CUST-0091,2026-03-09,2485,6959,6360
CONS-0091-0055,CUST-0091,2026-05-05,6907,6979,9816
CONS-0091-0056,CUST-0091,2026-04-18,5829,6806,6533
CONS-0091-0057,CUST-0091,2026-04-04,1948,5538,3848
CONS-0091-0058,CUST-0091,2026-02-22,3118,5093,8006
CONS-0091-0059,CUST-0091,2026-03-16,1839,7520,1728
CONS-0091-0060,CUST-0091,2026-04-16,6943,8558,5078
CONS-0091-0061,CUST-0091,2026-03-09,6480,3424,5324
CONS-0091-0062,CUST-0091,2026-02-27,4549,7843,8145
CONS-0091-0063,CUST-0091,2026-02-24,5256,3032,7496
CONS-0091-0064,CUST-0091,2026-04-25,1179,6149,2308
CONS-0091-0065,CUST-0091,2026-04-26,7224,1509,7693
CONS-0091-0066,CUST-0091,2026-03-07,898,1836,6819
CONS-0091-0067,CUST-0091,2026-02-24,2115,7829,1923
CONS-0091-0068,CUST-0091,2026-02-13,4872,3949,8093
CONS-0091-0069,CUST-0091,2026-05-03,6706,8717,3687
CONS-0091-0070,CUST-0091,2026-02-17,3873,2193,1512
CONS-0091-0071,CUST-0091,2026-04-10,7273,4895,1356
CONS-0091-0072,CUST-0091,2026-02-11,5998,4494,1287
CONS-0091-0073,CUST-0091,2026-04-04,6079,8438,2250
CONS-0091-0074,CUST-0091,2026-03-27,3594,5029,7877
CONS-0092-0000,CUST-0092,2026-04-03,301,850,445
CONS-0092-0001,CUST-0092,2026-04-21,234,530,508
CONS-0092-0002,CUST-0092,2026-02-20,282,380,465
CONS-0092-0003,CUST-0092,2026-04-21,577,201,575
CONS-0092-0004,CUST-0092,2026-05-01,646,798,893
CONS-0092-0005,CUST-0092,2026-04-06,124,771,280
CONS-0092-0006,CUST-0092,2026-03-02,583,890,745
CONS-0092-0007,CUST-0092,2026-03-25,348,325,752
CONS-0092-0008,CUST-0092,2026-04-19,253,421,427
CONS-0092-0009,CUST-0092,2026-04-28,541,435,466
CONS-0092-0010,CUST-0092,2026-05-01,465,519,315
CONS-0092-0011,CUST-0092,2026-03-28,249,127,840
CONS-0092-0012,CUST-0092,2026-04-09,528,947,443
CONS-0092-0013,CUST-0092,2026-04-03,345,237,392
CONS-0092-0014,CUST-0092,2026-04-30,732,483,844
CONS-0092-0015,CUST-0092,2026-03-13,355,713,310
CONS-0092-0016,CUST-0092,2026-04-29,520,922,982
CONS-0092-0017,CUST-0092,2026-04-26,636,226,406
CONS-0092-0018,CUST-0092,2026-04-08,514,443,663
CONS-0092-0019,CUST-0092,2026-04-19,735,827,229
CONS-0092-0020,CUST-0092,2026-04-13,541,661,481
CONS-0092-0021,CUST-0092,2026-04-30,180,209,118
CONS-0092-0022,CUST-0092,2026-04-27,481,905,537
CONS-0092-0023,CUST-0092,2026-03-26,93,717,917
CONS-0092-0024,CUST-0092,2026-03-31,597,533,737
CONS-0092-0025,CUST-0092,2026-03-11,171,492,873
CONS-0092-0026,CUST-0092,2026-04-12,427,750,326
CONS-0092-0027,CUST-0092,2026-02-23,474,468,165
CONS-0092-0028,CUST-0092,2026-04-24,279,318,643
CONS-0092-0029,CUST-0092,2026-03-21,526,709,269
CONS-0092-0030,CUST-0092,2026-03-21,585,917,312
CONS-0092-0031,CUST-0092,2026-03-25,97,688,166
CONS-0092-0032,CUST-0092,2026-04-02,337,280,887
CONS-0092-0033,CUST-0092,2026-04-21,439,188,306
CONS-0092-0034,CUST-0092,2026-03-12,460,146,970
CONS-0092-0035,CUST-0092,2026-03-05,664,340,277
CONS-0092-0036,CUST-0092,2026-03-04,75,794,914
CONS-0092-0037,CUST-0092,2026-04-16,580,539,796
CONS-0092-0038,CUST-0092,2026-03-29,220,291,597
CONS-0092-0039,CUST-0092,2026-02-22,378,292,705
CONS-0092-0040,CUST-0092,2026-03-18,372,674,591
CONS-0092-0041,CUST-0092,2026-05-10,297,567,669
CONS-0092-0042,CUST-0092,2026-03-01,306,131,792
CONS-0093-0000,CUST-0093,2026-02-19,12090,19742,98767
CONS-0093-0001,CUST-0093,2026-04-19,15172,38111,38020
CONS-0093-0002,CUST-0093,2026-04-11,18832,33795,20025
CONS-0093-0003,CUST-0093,2026-04-05,10287,31344,23703
CONS-0093-0004,CUST-0093,2026-03-15,20293,11136,12038
CONS-0093-0005,CUST-0093,2026-02-22,22848,49987,75670
CONS-0093-0006,CUST-0093,2026-02-22,28129,32731,48100
CONS-0093-0007,CUST-0093,2026-03-06,23995,38853,35294
CONS-0093-0008,CUST-0093,2026-05-09,9028,28968,75059
CONS-0093-0009,CUST-0093,2026-03-13,19677,45929,70421
CONS-0093-0010,CUST-0093,2026-03-30,9009,18453,76035
CONS-0093-0011,CUST-0093,2026-02-13,22024,14008,79994
CONS-0093-0012,CUST-0093,2026-03-10,8463,11351,78270
CONS-0093-0013,CUST-0093,2026-02-23,7990,29274,14069
CONS-0093-0014,CUST-0093,2026-02-23,28057,13498,69787
CONS-0093-0015,CUST-0093,2026-05-09,10662,37039,82662
CONS-0093-0016,CUST-0093,2026-02-27,12357,30913,29304
CONS-0093-0017,CUST-0093,2026-05-03,12817,43961,15324
CONS-0093-0018,CUST-0093,2026-04-25,22470,41542,88258
CONS-0093-0019,CUST-0093,2026-04-17,13416,39293,74882
CONS-0093-0020,CUST-0093,2026-03-19,23680,14840,55154
CONS-0093-0021,CUST-0093,2026-03-13,20779,18300,53091
CONS-0093-0022,CUST-0093,2026-03-29,23887,29189,28234
CONS-0093-0023,CUST-0093,2026-02-22,18495,48958,80340
CONS-0093-0024,CUST-0093,2026-03-24,19602,17352,15549
CONS-0093-0025,CUST-0093,2026-04-28,28545,34567,78085
CONS-0093-0026,CUST-0093,2026-02-23,29623,38210,40045
CONS-0093-0027,CUST-0093,2026-03-04,9970,34843,79404
CONS-0093-0028,CUST-0093,2026-04-04,26833,27757,83617
CONS-0093-0029,CUST-0093,2026-02-20,13242,23076,82259
CONS-0093-0030,CUST-0093,2026-02-25,10410,10773,87011
CONS-0093-0031,CUST-0093,2026-02-15,15405,49608,38339
CONS-0093-0032,CUST-0093,2026-02-26,16962,48883,31324
CONS-0093-0033,CUST-0093,2026-03-25,10042,45908,80601
CONS-0093-0034,CUST-0093,2026-05-02,9930,18535,15921
CONS-0093-0035,CUST-0093,2026-05-05,20100,40886,81547
CONS-0093-0036,CUST-0093,2026-04-20,22228,43937,54074
CONS-0093-0037,CUST-0093,2026-02-27,25680,42754,23588
CONS-0093-0038,CUST-0093,2026-04-17,17319,10761,84714
CONS-0093-0039,CUST-0093,2026-04-10,12379,40274,33763
CONS-0093-0040,CUST-0093,2026-03-12,17281,20940,20334
CONS-0093-0041,CUST-0093,2026-04-20,27315,22687,68337
CONS-0093-0042,CUST-0093,2026-05-05,22743,27161,19846
CONS-0093-0043,CUST-0093,2026-04-13,21711,45686,83497
CONS-0093-0044,CUST-0093,2026-02-19,20374,17149,46440
CONS-0093-0045,CUST-0093,2026-04-21,20517,13413,10485
CONS-0093-0046,CUST-0093,2026-04-24,29278,18539,40249
CONS-0093-0047,CUST-0093,2026-04-10,29365,20995,75026
CONS-0093-0048,CUST-0093,2026-02-22,25692,30335,32554
CONS-0094-0000,CUST-0094,2026-05-01,14719,15699,94818
CONS-0094-0001,CUST-0094,2026-04-15,19593,18372,13689
CONS-0094-0002,CUST-0094,2026-02-26,6275,12744,41250
CONS-0094-0003,CUST-0094,2026-04-28,18797,28694,45505
CONS-0094-0004,CUST-0094,2026-05-06,7910,40888,78779
CONS-0094-0005,CUST-0094,2026-02-10,18569,41236,77582
CONS-0094-0006,CUST-0094,2026-05-03,14333,35260,41297
CONS-0094-0007,CUST-0094,2026-02-10,17890,11754,36245
CONS-0094-0008,CUST-0094,2026-02-23,14776,20171,12369
CONS-0094-0009,CUST-0094,2026-05-09,8858,49823,85328
CONS-0094-0010,CUST-0094,2026-02-27,15574,16975,97330
CONS-0094-0011,CUST-0094,2026-03-26,15740,13651,25357
CONS-0094-0012,CUST-0094,2026-02-11,10008,39452,28565
CONS-0094-0013,CUST-0094,2026-04-22,5383,32195,97711
CONS-0094-0014,CUST-0094,2026-03-26,18724,13555,52109
CONS-0094-0015,CUST-0094,2026-03-18,8727,22625,14617
CONS-0094-0016,CUST-0094,2026-02-14,11617,27328,75324
CONS-0094-0017,CUST-0094,2026-03-09,8511,32817,30936
CONS-0094-0018,CUST-0094,2026-03-05,15299,27020,51836
CONS-0094-0019,CUST-0094,2026-03-13,8673,11782,45422
CONS-0094-0020,CUST-0094,2026-02-17,19632,22223,53509
CONS-0094-0021,CUST-0094,2026-03-03,18946,10974,69900
CONS-0094-0022,CUST-0094,2026-02-22,19686,49773,91713
CONS-0094-0023,CUST-0094,2026-03-20,9262,30105,70968
CONS-0094-0024,CUST-0094,2026-02-18,8534,37953,41668
CONS-0094-0025,CUST-0094,2026-02-14,7874,35111,63824
CONS-0094-0026,CUST-0094,2026-02-14,19555,25325,62837
CONS-0094-0027,CUST-0094,2026-05-07,15566,33900,11458
CONS-0094-0028,CUST-0094,2026-04-06,10299,36228,95153
CONS-0094-0029,CUST-0094,2026-04-25,12034,17097,71744
CONS-0094-0030,CUST-0094,2026-04-24,11048,20957,96633
CONS-0094-0031,CUST-0094,2026-04-02,12454,34130,22130
CONS-0094-0032,CUST-0094,2026-04-04,14920,46679,54882
CONS-0094-0033,CUST-0094,2026-04-18,19933,43015,42700
CONS-0094-0034,CUST-0094,2026-02-17,6793,21882,60646
CONS-0094-0035,CUST-0094,2026-03-15,19774,46272,11843
CONS-0094-0036,CUST-0094,2026-04-04,18497,14250,58870
CONS-0094-0037,CUST-0094,2026-02-22,18613,40447,69735
CONS-0094-0038,CUST-0094,2026-02-15,5541,31973,19239
CONS-0094-0039,CUST-0094,2026-04-11,7964,15495,30600
CONS-0094-0040,CUST-0094,2026-05-05,16758,49580,23150
CONS-0094-0041,CUST-0094,2026-02-26,16315,36870,43870
CONS-0094-0042,CUST-0094,2026-05-06,9299,30423,78995
CONS-0094-0043,CUST-0094,2026-04-21,16996,15472,24926
CONS-0094-0044,CUST-0094,2026-03-28,16825,12155,71147
CONS-0094-0045,CUST-0094,2026-02-17,9943,27040,44886
CONS-0094-0046,CUST-0094,2026-03-14,13886,26782,97861
CONS-0094-0047,CUST-0094,2026-04-22,13040,20756,72396
CONS-0094-0048,CUST-0094,2026-04-18,8271,30808,63230
CONS-0094-0049,CUST-0094,2026-03-29,12522,37055,30779
CONS-0094-0050,CUST-0094,2026-03-07,10098,27011,12415
CONS-0094-0051,CUST-0094,2026-03-08,8447,40322,85840
CONS-0094-0052,CUST-0094,2026-04-19,12923,14585,13742
CONS-0094-0053,CUST-0094,2026-04-03,12308,14114,56989
CONS-0094-0054,CUST-0094,2026-04-27,16186,14828,73459
CONS-0094-0055,CUST-0094,2026-04-08,19763,46692,63379
CONS-0094-0056,CUST-0094,2026-02-26,15414,43680,15595
CONS-0094-0057,CUST-0094,2026-03-31,12725,40181,88287
CONS-0094-0058,CUST-0094,2026-03-21,15369,40005,19634
CONS-0094-0059,CUST-0094,2026-04-05,10100,11288,29606
CONS-0094-0060,CUST-0094,2026-04-11,11175,21254,29143
CONS-0094-0061,CUST-0094,2026-03-13,10055,46203,51186
CONS-0094-0062,CUST-0094,2026-04-19,7165,27821,95450
CONS-0094-0063,CUST-0094,2026-02-15,6149,39213,60965
CONS-0094-0064,CUST-0094,2026-03-09,17149,49245,73193
CONS-0094-0065,CUST-0094,2026-03-23,10196,19291,97360
CONS-0094-0066,CUST-0094,2026-03-28,10395,36469,11242
CONS-0094-0067,CUST-0094,2026-05-10,12365,43426,12611
CONS-0094-0068,CUST-0094,2026-02-17,9602,26084,67387
CONS-0094-0069,CUST-0094,2026-02-19,8571,32032,59638
CONS-0094-0070,CUST-0094,2026-03-28,9670,21887,25089
CONS-0094-0071,CUST-0094,2026-03-22,14292,40982,97248
CONS-0094-0072,CUST-0094,2026-04-22,17912,13230,93260
CONS-0094-0073,CUST-0094,2026-02-12,9833,18815,75500
CONS-0094-0074,CUST-0094,2026-03-05,13308,17839,12480
CONS-0094-0075,CUST-0094,2026-04-12,14648,38292,32298
CONS-0094-0076,CUST-0094,2026-04-11,8342,42868,59129
CONS-0095-0000,CUST-0095,2026-03-29,1512,6863,6260
CONS-0095-0001,CUST-0095,2026-04-08,3399,6968,8519
CONS-0095-0002,CUST-0095,2026-04-24,1366,5618,7228
CONS-0095-0003,CUST-0095,2026-02-22,1479,5687,9885
CONS-0095-0004,CUST-0095,2026-04-07,1440,6361,7422
CONS-0095-0005,CUST-0095,2026-02-22,2237,9159,4434
CONS-0095-0006,CUST-0095,2026-04-16,928,9406,4261
CONS-0095-0007,CUST-0095,2026-03-08,3115,3667,2228
CONS-0095-0008,CUST-0095,2026-04-11,2171,9602,2705
CONS-0095-0009,CUST-0095,2026-03-31,2577,6636,3990
CONS-0095-0010,CUST-0095,2026-04-01,537,7330,4168
CONS-0095-0011,CUST-0095,2026-05-06,2209,1693,2127
CONS-0095-0012,CUST-0095,2026-05-06,993,1927,5897
CONS-0095-0013,CUST-0095,2026-04-05,1197,2307,4077
CONS-0095-0014,CUST-0095,2026-03-10,1812,1970,1419
CONS-0095-0015,CUST-0095,2026-04-18,2256,1895,6043
CONS-0095-0016,CUST-0095,2026-04-08,1635,4759,2755
CONS-0095-0017,CUST-0095,2026-02-13,2842,4141,6856
CONS-0095-0018,CUST-0095,2026-03-30,2258,9029,3909
CONS-0095-0019,CUST-0095,2026-02-15,851,7306,9711
CONS-0095-0020,CUST-0095,2026-05-02,1638,1737,8539
CONS-0095-0021,CUST-0095,2026-02-23,606,3008,4944
CONS-0095-0022,CUST-0095,2026-05-08,1222,7713,3678
CONS-0095-0023,CUST-0095,2026-02-26,1969,9251,2555
CONS-0095-0024,CUST-0095,2026-03-30,1826,3067,9573
CONS-0095-0025,CUST-0095,2026-05-01,2182,4815,4876
CONS-0095-0026,CUST-0095,2026-02-16,397,9473,3215
CONS-0095-0027,CUST-0095,2026-04-25,1292,8444,5478
CONS-0095-0028,CUST-0095,2026-03-25,3143,4243,8186
CONS-0095-0029,CUST-0095,2026-04-06,1987,6946,9506
CONS-0095-0030,CUST-0095,2026-04-01,714,4123,4731
CONS-0095-0031,CUST-0095,2026-03-25,2186,6878,2180
CONS-0095-0032,CUST-0095,2026-05-02,1257,8817,8038
CONS-0095-0033,CUST-0095,2026-05-02,894,5167,4041
CONS-0095-0034,CUST-0095,2026-03-01,1052,2037,8400
CONS-0095-0035,CUST-0095,2026-04-24,2016,8833,7808
CONS-0095-0036,CUST-0095,2026-02-19,3213,4330,7911
CONS-0095-0037,CUST-0095,2026-03-11,1848,2827,5429
CONS-0095-0038,CUST-0095,2026-03-11,1023,3401,5606
CONS-0095-0039,CUST-0095,2026-04-05,2096,6238,6590
CONS-0095-0040,CUST-0095,2026-03-14,368,1835,7356
CONS-0095-0041,CUST-0095,2026-03-03,2059,5534,7598
CONS-0095-0042,CUST-0095,2026-05-06,1754,6409,4986
CONS-0095-0043,CUST-0095,2026-04-30,3166,3073,6413
CONS-0095-0044,CUST-0095,2026-04-04,2789,8013,9016
CONS-0095-0045,CUST-0095,2026-03-16,1159,8558,4940
CONS-0095-0046,CUST-0095,2026-04-09,3101,3633,3587
CONS-0095-0047,CUST-0095,2026-02-10,2709,2343,2992
CONS-0095-0048,CUST-0095,2026-04-20,367,1453,9509
CONS-0095-0049,CUST-0095,2026-02-19,2412,5716,7474
CONS-0095-0050,CUST-0095,2026-02-10,2046,3137,4989
CONS-0095-0051,CUST-0095,2026-03-20,1436,3478,5711
CONS-0095-0052,CUST-0095,2026-03-01,362,6067,4877
CONS-0095-0053,CUST-0095,2026-04-12,1697,1570,1364
CONS-0095-0054,CUST-0095,2026-04-21,1033,7885,2182
CONS-0095-0055,CUST-0095,2026-04-14,448,8506,6987
CONS-0095-0056,CUST-0095,2026-04-02,3147,3867,8468
CONS-0095-0057,CUST-0095,2026-03-21,2133,3364,5710
CONS-0095-0058,CUST-0095,2026-05-07,1155,1792,5991
CONS-0095-0059,CUST-0095,2026-03-11,2027,5244,3252
CONS-0095-0060,CUST-0095,2026-02-22,3210,5382,4663
CONS-0095-0061,CUST-0095,2026-04-27,443,3077,8857
CONS-0095-0062,CUST-0095,2026-03-19,1132,5588,9008
CONS-0095-0063,CUST-0095,2026-03-22,2062,7155,5200
CONS-0095-0064,CUST-0095,2026-02-22,3133,3432,8502
CONS-0095-0065,CUST-0095,2026-04-03,3404,6434,5250
CONS-0095-0066,CUST-0095,2026-04-05,2419,1464,8570
CONS-0095-0067,CUST-0095,2026-02-11,1454,5343,5745
CONS-0095-0068,CUST-0095,2026-05-05,482,3882,4091
CONS-0095-0069,CUST-0095,2026-04-06,1440,7927,7303
CONS-0095-0070,CUST-0095,2026-02-13,3306,8186,2951
CONS-0095-0071,CUST-0095,2026-02-11,1851,7331,4133
CONS-0095-0072,CUST-0095,2026-02-14,3210,3287,9050
CONS-0096-0000,CUST-0096,2026-02-24,18818,444929,627829
CONS-0096-0001,CUST-0096,2026-04-03,40399,92359,833437
CONS-0096-0002,CUST-0096,2026-03-10,49823,363608,751151
CONS-0096-0003,CUST-0096,2026-03-24,63144,160063,404344
CONS-0096-0004,CUST-0096,2026-03-18,48569,235712,338327
CONS-0096-0005,CUST-0096,2026-03-17,29111,306546,403294
CONS-0096-0006,CUST-0096,2026-03-08,54015,323913,943965
CONS-0096-0007,CUST-0096,2026-05-05,36748,463343,560212
CONS-0096-0008,CUST-0096,2026-05-05,60282,377282,563613
CONS-0096-0009,CUST-0096,2026-04-27,25502,179921,698643
CONS-0096-0010,CUST-0096,2026-03-21,21881,138962,556231
CONS-0096-0011,CUST-0096,2026-03-26,57917,313854,281765
CONS-0096-0012,CUST-0096,2026-03-10,34792,455432,841165
CONS-0096-0013,CUST-0096,2026-03-04,63975,71671,244621
CONS-0096-0014,CUST-0096,2026-02-25,30035,254133,970126
CONS-0096-0015,CUST-0096,2026-04-17,66083,92512,845104
CONS-0096-0016,CUST-0096,2026-05-09,37471,451279,511970
CONS-0096-0017,CUST-0096,2026-02-23,24642,191751,554121
CONS-0096-0018,CUST-0096,2026-03-03,40875,296356,563845
CONS-0096-0019,CUST-0096,2026-04-03,60913,453407,333838
CONS-0096-0020,CUST-0096,2026-04-22,22543,199735,798782
CONS-0096-0021,CUST-0096,2026-03-01,32944,53917,783425
CONS-0096-0022,CUST-0096,2026-05-06,66327,206915,829205
CONS-0096-0023,CUST-0096,2026-05-08,29829,496581,113497
CONS-0096-0024,CUST-0096,2026-02-15,54166,343818,562835
CONS-0096-0025,CUST-0096,2026-04-12,21332,76072,658664
CONS-0096-0026,CUST-0096,2026-04-28,44937,465164,662421
CONS-0096-0027,CUST-0096,2026-03-26,43403,118368,920776
CONS-0096-0028,CUST-0096,2026-04-26,47149,232787,232484
CONS-0096-0029,CUST-0096,2026-05-08,58213,274318,365879
CONS-0096-0030,CUST-0096,2026-02-14,47063,162416,195100
CONS-0096-0031,CUST-0096,2026-04-13,51761,457307,908453
CONS-0096-0032,CUST-0096,2026-02-18,29718,419953,480216
CONS-0096-0033,CUST-0096,2026-03-23,14799,330908,826602
CONS-0096-0034,CUST-0096,2026-04-04,35989,92395,667353
CONS-0097-0000,CUST-0097,2026-04-01,56224,368525,307479
CONS-0097-0001,CUST-0097,2026-04-20,16823,82480,855362
CONS-0097-0002,CUST-0097,2026-04-11,24549,266292,505997
CONS-0097-0003,CUST-0097,2026-02-16,39441,491541,191853
CONS-0097-0004,CUST-0097,2026-03-07,51677,492588,795847
CONS-0097-0005,CUST-0097,2026-03-05,54080,241392,438824
CONS-0097-0006,CUST-0097,2026-02-25,37513,244920,353416
CONS-0097-0007,CUST-0097,2026-04-14,35455,323273,644566
CONS-0097-0008,CUST-0097,2026-02-15,45234,91687,410356
CONS-0097-0009,CUST-0097,2026-03-09,20351,94666,922718
CONS-0097-0010,CUST-0097,2026-04-23,30784,475001,413905
CONS-0097-0011,CUST-0097,2026-02-13,59201,331277,415920
CONS-0097-0012,CUST-0097,2026-03-25,16818,238097,849575
CONS-0097-0013,CUST-0097,2026-04-24,32979,339334,184753
CONS-0097-0014,CUST-0097,2026-02-15,28986,50854,851107
CONS-0097-0015,CUST-0097,2026-03-30,48820,72058,654447
CONS-0097-0016,CUST-0097,2026-02-13,62226,309164,641199
CONS-0097-0017,CUST-0097,2026-04-13,63335,368979,314619
CONS-0097-0018,CUST-0097,2026-03-20,47405,167228,518035
CONS-0097-0019,CUST-0097,2026-02-26,44388,458603,420195
CONS-0097-0020,CUST-0097,2026-03-29,56875,226530,954885
CONS-0097-0021,CUST-0097,2026-02-28,61886,102467,589492
CONS-0097-0022,CUST-0097,2026-05-06,42496,111233,262686
CONS-0097-0023,CUST-0097,2026-04-26,42039,112014,294314
CONS-0097-0024,CUST-0097,2026-03-20,52537,162982,502885
CONS-0097-0025,CUST-0097,2026-05-10,33399,185279,730994
CONS-0097-0026,CUST-0097,2026-04-28,61630,51469,226573
CONS-0097-0027,CUST-0097,2026-03-28,60418,429762,755615
CONS-0097-0028,CUST-0097,2026-03-16,25073,285616,409558
CONS-0097-0029,CUST-0097,2026-03-04,37235,185982,487729
CONS-0097-0030,CUST-0097,2026-04-02,34366,68501,259101
CONS-0097-0031,CUST-0097,2026-04-22,51799,111830,535509
CONS-0097-0032,CUST-0097,2026-02-11,16001,427761,354671
CONS-0097-0033,CUST-0097,2026-04-22,38872,399860,268714
CONS-0097-0034,CUST-0097,2026-04-16,61096,179179,210810
CONS-0097-0035,CUST-0097,2026-05-09,36328,402561,137654
CONS-0097-0036,CUST-0097,2026-02-17,22722,86190,121311
CONS-0097-0037,CUST-0097,2026-03-03,52715,461835,402865
CONS-0097-0038,CUST-0097,2026-04-20,37753,415192,199144
CONS-0097-0039,CUST-0097,2026-03-18,57139,143547,594888
CONS-0097-0040,CUST-0097,2026-03-27,66291,332918,335134
CONS-0097-0041,CUST-0097,2026-05-05,49130,327673,355919
CONS-0097-0042,CUST-0097,2026-02-14,68515,193579,830657
CONS-0097-0043,CUST-0097,2026-04-27,21757,69915,498622
CONS-0097-0044,CUST-0097,2026-02-10,30777,412614,111706
CONS-0097-0045,CUST-0097,2026-03-17,15697,344409,706626
CONS-0097-0046,CUST-0097,2026-05-10,48548,179605,414310
CONS-0097-0047,CUST-0097,2026-04-20,59739,389900,635010
CONS-0097-0048,CUST-0097,2026-02-11,29208,201288,115029
CONS-0097-0049,CUST-0097,2026-03-13,58503,424165,479469
CONS-0097-0050,CUST-0097,2026-04-23,50979,423561,884997
CONS-0097-0051,CUST-0097,2026-04-02,16735,191043,704275
CONS-0097-0052,CUST-0097,2026-03-06,65539,498430,924349
CONS-0097-0053,CUST-0097,2026-02-15,43257,248602,775244
CONS-0097-0054,CUST-0097,2026-04-18,37737,99689,662257
CONS-0097-0055,CUST-0097,2026-05-10,27423,451756,767957
CONS-0097-0056,CUST-0097,2026-02-12,14675,403440,809887
CONS-0097-0057,CUST-0097,2026-03-03,56599,259413,405564
CONS-0097-0058,CUST-0097,2026-02-10,49628,386810,153222
CONS-0097-0059,CUST-0097,2026-04-22,50635,184789,473767
CONS-0097-0060,CUST-0097,2026-03-13,22278,363913,459773
CONS-0097-0061,CUST-0097,2026-05-10,20574,300904,495039
CONS-0097-0062,CUST-0097,2026-02-14,32169,141666,967057
CONS-0097-0063,CUST-0097,2026-05-01,57179,449799,274467
CONS-0097-0064,CUST-0097,2026-03-24,35277,443290,500845
CONS-0097-0065,CUST-0097,2026-02-15,63342,276342,260954
CONS-0097-0066,CUST-0097,2026-03-24,42875,259406,248165
CONS-0097-0067,CUST-0097,2026-05-07,47542,282341,511927
CONS-0097-0068,CUST-0097,2026-02-25,67988,156944,380845
CONS-0097-0069,CUST-0097,2026-02-27,27807,493205,374372
CONS-0097-0070,CUST-0097,2026-03-14,23190,481582,903476
CONS-0097-0071,CUST-0097,2026-04-28,34736,465248,722825
CONS-0097-0072,CUST-0097,2026-03-04,59962,338273,786515
CONS-0097-0073,CUST-0097,2026-02-15,22148,177094,160358
CONS-0097-0074,CUST-0097,2026-04-20,22520,408938,198018
CONS-0097-0075,CUST-0097,2026-03-27,14991,193619,292542
CONS-0097-0076,CUST-0097,2026-02-19,65160,182227,214480
CONS-0097-0077,CUST-0097,2026-05-09,52729,361388,890296
CONS-0097-0078,CUST-0097,2026-02-17,64075,118513,560984
CONS-0097-0079,CUST-0097,2026-02-13,24474,370946,773939
CONS-0097-0080,CUST-0097,2026-04-23,19418,387430,810696
CONS-0097-0081,CUST-0097,2026-03-06,44849,458549,122574
CONS-0097-0082,CUST-0097,2026-03-29,18158,149824,314362
CONS-0097-0083,CUST-0097,2026-03-24,69571,404998,478562
CONS-0097-0084,CUST-0097,2026-03-17,26789,327845,488041
CONS-0097-0085,CUST-0097,2026-03-03,41558,338147,899411
CONS-0097-0086,CUST-0097,2026-02-19,25340,285525,270686
CONS-0097-0087,CUST-0097,2026-02-12,33716,298225,377515
CONS-0098-0000,CUST-0098,2026-05-09,2697,7122,3116
CONS-0098-0001,CUST-0098,2026-03-08,445,2349,2721
CONS-0098-0002,CUST-0098,2026-02-19,3329,1557,6288
CONS-0098-0003,CUST-0098,2026-04-09,2232,1759,4154
CONS-0098-0004,CUST-0098,2026-03-27,733,5430,3996
CONS-0098-0005,CUST-0098,2026-03-21,2347,2420,4660
CONS-0098-0006,CUST-0098,2026-03-02,3348,2889,5533
CONS-0098-0007,CUST-0098,2026-03-22,3339,7681,6425
CONS-0098-0008,CUST-0098,2026-05-01,940,8143,4111
CONS-0098-0009,CUST-0098,2026-03-18,3119,2854,6411
CONS-0098-0010,CUST-0098,2026-03-29,2212,2392,1020
CONS-0098-0011,CUST-0098,2026-03-07,3230,6169,3478
CONS-0098-0012,CUST-0098,2026-03-23,2248,3839,2636
CONS-0098-0013,CUST-0098,2026-04-13,1788,5106,9744
CONS-0098-0014,CUST-0098,2026-05-01,2431,7147,3932
CONS-0098-0015,CUST-0098,2026-04-05,399,2869,8857
CONS-0098-0016,CUST-0098,2026-04-19,2443,3712,7076
CONS-0098-0017,CUST-0098,2026-03-22,2588,6883,8297
CONS-0098-0018,CUST-0098,2026-02-17,1988,9041,4853
CONS-0098-0019,CUST-0098,2026-03-27,1663,8341,8871
CONS-0098-0020,CUST-0098,2026-03-26,3463,8451,7070
CONS-0098-0021,CUST-0098,2026-02-19,1955,6789,5241
CONS-0098-0022,CUST-0098,2026-04-19,1825,6757,8117
CONS-0098-0023,CUST-0098,2026-04-02,2697,6577,5133
CONS-0098-0024,CUST-0098,2026-05-10,2358,1015,6758
CONS-0098-0025,CUST-0098,2026-03-08,1192,2094,1814
CONS-0098-0026,CUST-0098,2026-04-28,2202,6946,5490
CONS-0098-0027,CUST-0098,2026-05-02,1009,1049,8754
CONS-0098-0028,CUST-0098,2026-04-08,546,5228,1049
CONS-0098-0029,CUST-0098,2026-03-20,1216,8839,7010
CONS-0098-0030,CUST-0098,2026-04-07,1509,8039,2812
CONS-0098-0031,CUST-0098,2026-04-18,367,2587,7506
CONS-0098-0032,CUST-0098,2026-05-10,3209,8434,2809
CONS-0098-0033,CUST-0098,2026-03-14,2751,2128,4382
CONS-0098-0034,CUST-0098,2026-04-26,3455,8462,7011
CONS-0098-0035,CUST-0098,2026-03-20,472,4413,4431
CONS-0098-0036,CUST-0098,2026-02-15,1515,2741,9832
CONS-0098-0037,CUST-0098,2026-04-29,1676,4344,8854
CONS-0098-0038,CUST-0098,2026-02-14,2238,6138,7658
CONS-0098-0039,CUST-0098,2026-05-03,808,7867,2800
CONS-0098-0040,CUST-0098,2026-02-23,1513,7389,1817
CONS-0098-0041,CUST-0098,2026-03-19,1687,4539,8671
CONS-0098-0042,CUST-0098,2026-04-24,2654,7619,3519
CONS-0098-0043,CUST-0098,2026-02-28,2081,5798,2296
CONS-0098-0044,CUST-0098,2026-03-31,1816,5389,6657
CONS-0098-0045,CUST-0098,2026-02-16,1034,2635,7326
CONS-0098-0046,CUST-0098,2026-03-12,1808,6270,6437
CONS-0098-0047,CUST-0098,2026-02-18,710,4576,8346
CONS-0098-0048,CUST-0098,2026-04-13,1684,7329,7918
CONS-0098-0049,CUST-0098,2026-03-04,570,4132,3032
CONS-0098-0050,CUST-0098,2026-02-19,392,2585,3152
CONS-0098-0051,CUST-0098,2026-04-21,2162,8706,6544
CONS-0098-0052,CUST-0098,2026-04-24,3290,1174,5756
CONS-0098-0053,CUST-0098,2026-04-27,779,7176,7479
CONS-0098-0054,CUST-0098,2026-04-04,2309,2129,6412
CONS-0098-0055,CUST-0098,2026-04-04,1549,2170,7807
CONS-0098-0056,CUST-0098,2026-05-05,2686,8162,5360
CONS-0098-0057,CUST-0098,2026-03-26,2119,4021,3514
CONS-0098-0058,CUST-0098,2026-02-13,2296,7466,2018
CONS-0098-0059,CUST-0098,2026-04-10,1759,7353,9642
CONS-0098-0060,CUST-0098,2026-03-03,2006,1600,7517
CONS-0098-0061,CUST-0098,2026-04-03,450,5906,2601
CONS-0098-0062,CUST-0098,2026-04-16,521,6710,6175
CONS-0098-0063,CUST-0098,2026-04-16,1409,2449,9765
CONS-0099-0000,CUST-0099,2026-03-16,60625,291043,874557
CONS-0099-0001,CUST-0099,2026-03-05,100249,256747,820366
CONS-0099-0002,CUST-0099,2026-05-04,63948,246350,529250
CONS-0099-0003,CUST-0099,2026-04-23,123484,341249,831861
CONS-0099-0004,CUST-0099,2026-03-10,92740,126765,641867
CONS-0099-0005,CUST-0099,2026-04-15,105987,65978,212838
CONS-0099-0006,CUST-0099,2026-03-09,93477,100144,346566
CONS-0099-0007,CUST-0099,2026-04-22,118096,362496,932990
CONS-0099-0008,CUST-0099,2026-04-18,107653,216826,547699
CONS-0099-0009,CUST-0099,2026-04-11,34227,494456,707853
CONS-0099-0010,CUST-0099,2026-02-28,66076,103880,718100
CONS-0099-0011,CUST-0099,2026-03-07,128176,219840,257529
CONS-0099-0012,CUST-0099,2026-04-07,100497,493583,636457
CONS-0099-0013,CUST-0099,2026-04-01,88782,403600,346650
CONS-0099-0014,CUST-0099,2026-03-23,145951,225415,255947
CONS-0099-0015,CUST-0099,2026-02-14,95727,327533,130471
CONS-0099-0016,CUST-0099,2026-03-19,118663,299392,403924
CONS-0099-0017,CUST-0099,2026-05-01,110196,420648,764407
CONS-0099-0018,CUST-0099,2026-05-04,89124,212604,641120
CONS-0099-0019,CUST-0099,2026-03-21,68736,408920,985626
CONS-0099-0020,CUST-0099,2026-03-01,130606,89405,159383
CONS-0099-0021,CUST-0099,2026-02-28,112893,420462,338458
CONS-0099-0022,CUST-0099,2026-04-28,34488,174658,691145
CONS-0099-0023,CUST-0099,2026-05-04,75567,371195,318341
CONS-0099-0024,CUST-0099,2026-02-20,133741,140061,920306
CONS-0099-0025,CUST-0099,2026-03-15,87906,126109,725305
CONS-0099-0026,CUST-0099,2026-03-12,76720,97381,478580
CONS-0099-0027,CUST-0099,2026-04-05,70900,210715,764092
CONS-0099-0028,CUST-0099,2026-04-27,123271,468740,174330
CONS-0099-0029,CUST-0099,2026-03-03,51990,386958,958263
CONS-0099-0030,CUST-0099,2026-03-05,89040,392588,154132
CONS-0099-0031,CUST-0099,2026-02-13,61239,65027,310936
CONS-0099-0032,CUST-0099,2026-04-16,70497,409036,481615
CONS-0099-0033,CUST-0099,2026-04-16,132489,84974,557529
CONS-0099-0034,CUST-0099,2026-03-07,87997,471113,222009
CONS-0099-0035,CUST-0099,2026-04-04,68076,391515,248974
CONS-0099-0036,CUST-0099,2026-04-20,76122,469233,881131
CONS-0099-0037,CUST-0099,2026-05-06,147447,256795,322836
CONS-0099-0038,CUST-0099,2026-03-24,133956,97798,641551
CONS-0099-0039,CUST-0099,2026-03-02,120141,374729,569945
CONS-0099-0040,CUST-0099,2026-04-29,61737,432600,367739
CONS-0099-0041,CUST-0099,2026-02-23,137494,74376,117361
CONS-0099-0042,CUST-0099,2026-05-08,132685,485913,248405
CONS-0099-0043,CUST-0099,2026-05-09,147243,301828,208141
CONS-0099-0044,CUST-0099,2026-03-13,119106,155112,291675
CONS-0099-0045,CUST-0099,2026-02-11,39114,293498,455551
CONS-0099-0046,CUST-0099,2026-04-25,71190,70672,616825
CONS-0100-0000,CUST-0100,2026-02-16,531,628,373
CONS-0100-0001,CUST-0100,2026-03-18,696,386,576
CONS-0100-0002,CUST-0100,2026-03-16,183,218,914
CONS-0100-0003,CUST-0100,2026-03-25,646,664,665
CONS-0100-0004,CUST-0100,2026-03-20,718,879,395
CONS-0100-0005,CUST-0100,2026-04-11,700,263,740
CONS-0100-0006,CUST-0100,2026-04-30,121,904,767
CONS-0100-0007,CUST-0100,2026-03-04,238,121,483
CONS-0100-0008,CUST-0100,2026-03-15,223,809,247
CONS-0100-0009,CUST-0100,2026-02-12,397,335,157
CONS-0100-0010,CUST-0100,2026-03-01,280,690,476
CONS-0100-0011,CUST-0100,2026-03-28,367,752,249
CONS-0100-0012,CUST-0100,2026-05-06,472,671,332
CONS-0100-0013,CUST-0100,2026-03-01,606,580,816
CONS-0100-0014,CUST-0100,2026-05-04,688,287,330
CONS-0100-0015,CUST-0100,2026-02-27,271,543,783
CONS-0100-0016,CUST-0100,2026-02-16,355,440,928
CONS-0100-0017,CUST-0100,2026-04-20,271,759,210
CONS-0100-0018,CUST-0100,2026-05-08,370,327,888
CONS-0100-0019,CUST-0100,2026-05-09,738,481,402
CONS-0100-0020,CUST-0100,2026-02-11,457,156,732
CONS-0100-0021,CUST-0100,2026-03-28,645,133,837
CONS-0100-0022,CUST-0100,2026-03-24,144,204,182
CONS-0100-0023,CUST-0100,2026-03-14,294,200,121
CONS-0100-0024,CUST-0100,2026-02-23,619,364,181
CONS-0100-0025,CUST-0100,2026-04-17,534,937,851
CONS-0100-0026,CUST-0100,2026-04-28,115,754,142
CONS-0100-0027,CUST-0100,2026-03-25,655,934,813
CONS-0100-0028,CUST-0100,2026-04-19,697,933,503
CONS-0100-0029,CUST-0100,2026-05-01,669,728,972
CONS-0100-0030,CUST-0100,2026-02-24,163,918,944
CONS-0100-0031,CUST-0100,2026-03-13,405,203,217
CONS-0100-0032,CUST-0100,2026-04-19,658,926,968
CONS-0100-0033,CUST-0100,2026-03-26,640,710,642
CONS-0100-0034,CUST-0100,2026-03-27,249,532,984
CONS-0100-0035,CUST-0100,2026-03-17,174,898,625
CONS-0100-0036,CUST-0100,2026-05-10,544,352,701
CONS-0100-0037,CUST-0100,2026-04-05,627,349,612
CONS-0100-0038,CUST-0100,2026-05-06,274,499,908
CONS-0100-0039,CUST-0100,2026-04-14,385,271,191
CONS-0100-0040,CUST-0100,2026-04-09,213,244,220
CONS-0100-0041,CUST-0100,2026-04-29,186,971,690
CONS-0100-0042,CUST-0100,2026-02-17,216,458,494
CONS-0100-0043,CUST-0100,2026-03-03,291,554,205
CONS-0100-0044,CUST-0100,2026-03-05,577,405,898
CONS-0100-0045,CUST-0100,2026-03-16,726,286,663
CONS-0100-0046,CUST-0100,2026-03-22,391,323,966
CONS-0100-0047,CUST-0100,2026-05-03,570,560,749
CONS-0100-0048,CUST-0100,2026-04-11,340,873,233
CONS-0100-0049,CUST-0100,2026-03-31,264,778,178
CONS-0100-0050,CUST-0100,2026-02-22,270,675,551
CONS-0100-0051,CUST-0100,2026-03-08,609,740,862
CONS-0100-0052,CUST-0100,2026-04-10,111,142,454
CONS-0100-0053,CUST-0100,2026-04-27,214,914,150
CONS-0100-0054,CUST-0100,2026-04-30,595,228,989
CONS-0100-0055,CUST-0100,2026-04-06,595,195,439
CONS-0100-0056,CUST-0100,2026-03-27,732,623,796
CONS-0100-0057,CUST-0100,2026-04-13,696,754,832
CONS-0100-0058,CUST-0100,2026-04-11,727,675,715
CONS-0100-0059,CUST-0100,2026-03-07,549,629,730
CONS-0100-0060,CUST-0100,2026-03-11,321,454,155
CONS-0100-0061,CUST-0100,2026-04-02,202,967,758
CONS-0100-0062,CUST-0100,2026-03-10,403,982,399
CONS-0100-0063,CUST-0100,2026-03-03,405,846,614
CONS-0100-0064,CUST-0100,2026-03-04,705,834,719
CONS-0100-0065,CUST-0100,2026-04-21,396,830,841
CONS-0100-0066,CUST-0100,2026-04-13,358,370,829
CONS-0100-0067,CUST-0100,2026-02-11,255,558,961
CONS-0100-0068,CUST-0100,2026-05-04,123,789,848
CONS-0100-0069,CUST-0100,2026-03-13,174,764,191
CONS-0100-0070,CUST-0100,2026-04-15,396,732,900
CONS-0100-0071,CUST-0100,2026-05-07,138,789,402
CONS-0100-0072,CUST-0100,2026-02-26,360,649,193
CONS-0100-0073,CUST-0100,2026-04-16,415,632,596
CONS-0100-0074,CUST-0100,2026-03-05,115,698,332
CONS-0100-0075,CUST-0100,2026-02-24,246,191,305
CONS-0100-0076,CUST-0100,2026-04-20,523,602,480
CONS-0100-0077,CUST-0100,2026-05-01,474,178,768
CONS-0100-0078,CUST-0100,2026-02-24,645,650,293
CONS-0100-0079,CUST-0100,2026-02-27,510,294,709
CONS-0100-0080,CUST-0100,2026-05-08,205,912,409
CONS-0100-0081,CUST-0100,2026-04-08,267,742,520
CONS-0100-0082,CUST-0100,2026-04-03,507,587,523
CONS-0100-0083,CUST-0100,2026-03-17,471,356,688
CONS-0100-0084,CUST-0100,2026-04-02,550,907,727
CONS-0100-0085,CUST-0100,2026-03-26,367,626,730
