event_id,customer_id,event_timestamp,event_type,product_area,active_users
EVT-0001-0000,CUST-0001,2026-02-21 06:03:37.027368,login,Analytics,290
EVT-0001-0001,CUST-0001,2026-03-23 18:51:03.248225,pipeline_execution,Data Warehousing,4
EVT-0001-0002,CUST-0001,2026-03-31 17:53:58.921763,pipeline_execution,AI Workloads,356
EVT-0001-0003,CUST-0001,2026-04-30 15:03:24.548233,pipeline_execution,Data Warehousing,49
EVT-0001-0004,CUST-0001,2026-03-01 13:23:07.895185,ai_model_run,Analytics,465
EVT-0001-0005,CUST-0001,2026-02-21 04:21:54.205229,pipeline_execution,Machine Learning,312
EVT-0001-0006,CUST-0001,2026-02-23 05:16:34.169374,data_ingestion,AI Workloads,318
EVT-0001-0007,CUST-0001,2026-02-23 19:22:54.575057,data_ingestion,Machine Learning,127
EVT-0001-0008,CUST-0001,2026-05-10 09:48:06.405104,data_ingestion,Machine Learning,335
EVT-0001-0009,CUST-0001,2026-04-21 18:51:17.334252,data_ingestion,Machine Learning,277
EVT-0001-0010,CUST-0001,2026-04-06 11:58:36.637761,data_ingestion,Machine Learning,446
EVT-0001-0011,CUST-0001,2026-03-26 19:55:58.828930,pipeline_execution,Analytics,158
EVT-0001-0012,CUST-0001,2026-05-10 05:28:39.195028,ai_model_run,Data Warehousing,194
EVT-0001-0013,CUST-0001,2026-02-20 17:14:01.641391,pipeline_execution,Data Warehousing,481
EVT-0001-0014,CUST-0001,2026-03-18 16:26:47.307859,dashboard_query,AI Workloads,282
EVT-0001-0015,CUST-0001,2026-02-15 21:42:07.582112,dashboard_query,AI Workloads,237
EVT-0001-0016,CUST-0001,2026-02-17 14:16:19.027715,data_ingestion,Data Engineering,442
EVT-0001-0017,CUST-0001,2026-04-28 00:34:37.281374,dashboard_query,AI Workloads,313
EVT-0001-0018,CUST-0001,2026-03-01 03:58:17.783908,pipeline_execution,Data Warehousing,41
EVT-0001-0019,CUST-0001,2026-04-17 15:47:39.608922,dashboard_query,AI Workloads,14
EVT-0001-0020,CUST-0001,2026-04-18 18:24:13.487373,login,Data Engineering,310
EVT-0001-0021,CUST-0001,2026-04-14 16:05:24.469398,pipeline_execution,Analytics,156
EVT-0002-0000,CUST-0002,2026-03-10 15:53:25.152512,ai_model_run,Data Warehousing,495
EVT-0002-0001,CUST-0002,2026-04-12 18:24:22.833663,dashboard_query,Data Warehousing,17
EVT-0002-0002,CUST-0002,2026-04-11 04:30:02.135543,pipeline_execution,AI Workloads,103
EVT-0002-0003,CUST-0002,2026-04-28 01:19:46.700537,data_ingestion,Data Warehousing,493
EVT-0002-0004,CUST-0002,2026-02-17 16:48:35.552395,ai_model_run,Data Warehousing,154
EVT-0002-0005,CUST-0002,2026-05-04 17:18:54.861077,login,Data Engineering,386
EVT-0002-0006,CUST-0002,2026-04-17 20:25:30.685314,data_ingestion,AI Workloads,200
EVT-0002-0007,CUST-0002,2026-04-28 18:15:21.870226,pipeline_execution,AI Workloads,147
EVT-0002-0008,CUST-0002,2026-04-03 00:34:57.656683,pipeline_execution,AI Workloads,249
EVT-0002-0009,CUST-0002,2026-02-18 17:08:40.654374,login,Analytics,217
EVT-0002-0010,CUST-0002,2026-05-07 15:12:37.928517,dashboard_query,Data Engineering,398
EVT-0002-0011,CUST-0002,2026-05-10 16:32:36.400501,pipeline_execution,Data Engineering,273
EVT-0002-0012,CUST-0002,2026-02-26 00:44:17.584089,dashboard_query,Machine Learning,242
EVT-0002-0013,CUST-0002,2026-03-22 23:51:28.549956,dashboard_query,Data Engineering,318
EVT-0002-0014,CUST-0002,2026-04-09 17:11:13.417140,dashboard_query,Data Warehousing,270
EVT-0002-0015,CUST-0002,2026-04-07 03:22:30.987638,data_ingestion,Data Warehousing,336
EVT-0002-0016,CUST-0002,2026-05-01 14:43:49.075432,login,Data Warehousing,21
EVT-0002-0017,CUST-0002,2026-04-02 10:25:07.166187,login,Data Warehousing,301
EVT-0002-0018,CUST-0002,2026-04-08 16:05:50.476450,login,Analytics,47
EVT-0002-0019,CUST-0002,2026-04-02 20:37:26.077333,login,Data Engineering,190
EVT-0002-0020,CUST-0002,2026-03-23 18:16:19.042476,dashboard_query,Data Engineering,92
EVT-0002-0021,CUST-0002,2026-03-05 05:41:05.397987,login,Machine Learning,94
EVT-0002-0022,CUST-0002,2026-05-09 14:57:39.981544,dashboard_query,AI Workloads,264
EVT-0002-0023,CUST-0002,2026-02-16 09:42:18.199514,login,AI Workloads,379
EVT-0002-0024,CUST-0002,2026-02-14 20:49:38.871174,pipeline_execution,Analytics,309
EVT-0002-0025,CUST-0002,2026-02-22 15:59:51.184806,ai_model_run,Data Warehousing,133
EVT-0002-0026,CUST-0002,2026-02-14 02:43:11.302448,dashboard_query,Analytics,279
EVT-0002-0027,CUST-0002,2026-03-30 23:33:59.725113,ai_model_run,AI Workloads,300
EVT-0002-0028,CUST-0002,2026-03-19 18:03:17.526794,ai_model_run,Data Warehousing,411
EVT-0002-0029,CUST-0002,2026-03-06 00:52:52.089772,login,Data Warehousing,50
EVT-0002-0030,CUST-0002,2026-03-26 03:12:48.861980,ai_model_run,Analytics,332
EVT-0002-0031,CUST-0002,2026-05-01 12:32:42.916554,login,Data Warehousing,103
EVT-0003-0000,CUST-0003,2026-02-16 09:53:23.477391,dashboard_query,Analytics,333
EVT-0003-0001,CUST-0003,2026-04-12 05:45:39.362653,dashboard_query,Analytics,357
EVT-0003-0002,CUST-0003,2026-05-05 10:08:07.187941,data_ingestion,Data Warehousing,458
EVT-0003-0003,CUST-0003,2026-02-13 14:30:49.137562,dashboard_query,Analytics,466
EVT-0003-0004,CUST-0003,2026-02-22 07:25:54.183158,data_ingestion,Machine Learning,479
EVT-0003-0005,CUST-0003,2026-03-04 11:22:45.356297,data_ingestion,Data Warehousing,341
EVT-0003-0006,CUST-0003,2026-03-13 16:31:54.535296,dashboard_query,Data Warehousing,60
EVT-0003-0007,CUST-0003,2026-04-21 09:52:45.570968,dashboard_query,Machine Learning,401
EVT-0003-0008,CUST-0003,2026-03-20 17:14:06.921912,data_ingestion,Data Engineering,466
EVT-0003-0009,CUST-0003,2026-03-10 03:54:43.223332,dashboard_query,Machine Learning,214
EVT-0003-0010,CUST-0003,2026-04-25 20:20:34.531133,data_ingestion,Analytics,68
EVT-0003-0011,CUST-0003,2026-04-01 05:13:35.098503,login,Data Engineering,434
EVT-0003-0012,CUST-0003,2026-02-14 11:17:04.368523,ai_model_run,Analytics,477
EVT-0003-0013,CUST-0003,2026-03-12 03:16:47.655627,ai_model_run,Data Warehousing,407
EVT-0003-0014,CUST-0003,2026-02-19 14:51:52.272521,data_ingestion,AI Workloads,300
EVT-0003-0015,CUST-0003,2026-02-11 04:21:20.154683,pipeline_execution,Machine Learning,83
EVT-0003-0016,CUST-0003,2026-02-14 19:26:37.571155,pipeline_execution,Data Warehousing,237
EVT-0003-0017,CUST-0003,2026-04-30 07:55:06.528232,pipeline_execution,Analytics,194
EVT-0003-0018,CUST-0003,2026-04-14 21:57:45.625335,pipeline_execution,Data Warehousing,183
EVT-0003-0019,CUST-0003,2026-03-01 13:55:16.013912,pipeline_execution,Data Engineering,481
EVT-0003-0020,CUST-0003,2026-02-16 01:29:01.706897,data_ingestion,AI Workloads,81
EVT-0003-0021,CUST-0003,2026-03-30 03:11:55.438213,pipeline_execution,Data Engineering,433
EVT-0003-0022,CUST-0003,2026-05-06 14:56:20.065488,login,AI Workloads,445
EVT-0003-0023,CUST-0003,2026-03-08 13:06:05.459726,pipeline_execution,Analytics,62
EVT-0003-0024,CUST-0003,2026-04-22 03:47:00.906988,dashboard_query,Machine Learning,247
EVT-0003-0025,CUST-0003,2026-04-24 10:18:57.751791,pipeline_execution,Analytics,228
EVT-0004-0000,CUST-0004,2026-04-20 08:19:48.422038,dashboard_query,Analytics,15
EVT-0004-0001,CUST-0004,2026-04-02 01:59:23.717229,data_ingestion,Machine Learning,282
EVT-0004-0002,CUST-0004,2026-04-17 16:23:06.648113,pipeline_execution,Data Warehousing,158
EVT-0004-0003,CUST-0004,2026-02-14 12:24:57.990271,login,Analytics,418
EVT-0004-0004,CUST-0004,2026-04-25 12:33:36.103664,pipeline_execution,Machine Learning,467
EVT-0004-0005,CUST-0004,2026-02-28 05:36:50.334333,pipeline_execution,Analytics,1
EVT-0004-0006,CUST-0004,2026-03-22 04:46:03.457562,data_ingestion,Data Engineering,377
EVT-0004-0007,CUST-0004,2026-04-07 16:50:11.312967,pipeline_execution,AI Workloads,220
EVT-0004-0008,CUST-0004,2026-04-28 17:14:52.416309,login,Data Engineering,228
EVT-0004-0009,CUST-0004,2026-03-22 01:18:33.171879,login,Analytics,175
EVT-0004-0010,CUST-0004,2026-04-03 01:09:49.884286,login,Data Warehousing,443
EVT-0004-0011,CUST-0004,2026-04-02 21:19:35.368594,pipeline_execution,Analytics,196
EVT-0004-0012,CUST-0004,2026-03-29 06:31:52.466649,ai_model_run,Machine Learning,413
EVT-0004-0013,CUST-0004,2026-04-20 00:02:37.795642,login,Data Engineering,449
EVT-0004-0014,CUST-0004,2026-02-27 06:59:44.144391,ai_model_run,Analytics,82
EVT-0004-0015,CUST-0004,2026-04-20 00:01:23.599524,login,Analytics,294
EVT-0004-0016,CUST-0004,2026-03-07 15:06:44.522500,login,AI Workloads,482
EVT-0004-0017,CUST-0004,2026-04-09 17:01:26.499052,login,Machine Learning,470
EVT-0004-0018,CUST-0004,2026-03-27 23:22:24.965638,dashboard_query,Machine Learning,46
EVT-0004-0019,CUST-0004,2026-05-02 10:18:19.683098,data_ingestion,Data Warehousing,290
EVT-0004-0020,CUST-0004,2026-02-13 03:22:03.775275,ai_model_run,Data Warehousing,50
EVT-0004-0021,CUST-0004,2026-03-03 18:20:25.573874,login,Data Warehousing,180
EVT-0004-0022,CUST-0004,2026-03-23 09:02:55.115726,ai_model_run,Analytics,346
EVT-0004-0023,CUST-0004,2026-04-25 19:47:15.193678,ai_model_run,Machine Learning,187
EVT-0004-0024,CUST-0004,2026-02-25 17:53:09.235039,ai_model_run,Analytics,163
EVT-0004-0025,CUST-0004,2026-03-13 03:50:42.188332,login,Data Warehousing,60
EVT-0004-0026,CUST-0004,2026-04-23 18:21:21.499588,dashboard_query,Data Warehousing,22
EVT-0004-0027,CUST-0004,2026-03-07 08:58:16.075645,data_ingestion,Data Warehousing,219
EVT-0004-0028,CUST-0004,2026-05-01 15:05:45.981863,dashboard_query,Data Warehousing,69
EVT-0004-0029,CUST-0004,2026-04-09 20:46:51.383813,ai_model_run,Machine Learning,43
EVT-0004-0030,CUST-0004,2026-04-20 05:18:47.738252,pipeline_execution,Analytics,218
EVT-0004-0031,CUST-0004,2026-04-25 19:20:49.078313,dashboard_query,Data Engineering,11
EVT-0004-0032,CUST-0004,2026-03-28 10:27:53.130569,login,AI Workloads,403
EVT-0004-0033,CUST-0004,2026-03-21 20:08:34.009202,dashboard_query,Machine Learning,291
EVT-0004-0034,CUST-0004,2026-02-20 01:49:07.581534,pipeline_execution,Analytics,1
EVT-0004-0035,CUST-0004,2026-03-10 04:37:38.453692,dashboard_query,AI Workloads,236
EVT-0004-0036,CUST-0004,2026-04-18 14:19:57.429852,ai_model_run,Data Warehousing,357
EVT-0004-0037,CUST-0004,2026-04-14 11:53:54.379901,data_ingestion,AI Workloads,413
EVT-0004-0038,CUST-0004,2026-04-14 20:16:25.668004,login,Machine Learning,372
EVT-0004-0039,CUST-0004,2026-04-01 06:40:06.806745,data_ingestion,Data Warehousing,266
EVT-0004-0040,CUST-0004,2026-03-24 13:25:43.164712,data_ingestion,Data Warehousing,90
EVT-0004-0041,CUST-0004,2026-04-23 06:00:41.459190,data_ingestion,Data Engineering,105
EVT-0004-0042,CUST-0004,2026-03-31 07:37:54.446621,dashboard_query,Data Warehousing,35
EVT-0004-0043,CUST-0004,2026-03-08 13:06:54.591190,dashboard_query,Data Engineering,172
EVT-0004-0044,CUST-0004,2026-04-19 23:23:18.010211,data_ingestion,Data Warehousing,134
EVT-0004-0045,CUST-0004,2026-03-21 04:32:12.985964,dashboard_query,AI Workloads,102
EVT-0004-0046,CUST-0004,2026-02-23 00:06:50.774513,pipeline_execution,AI Workloads,363
EVT-0004-0047,CUST-0004,2026-04-07 12:35:05.168847,dashboard_query,AI Workloads,312
EVT-0004-0048,CUST-0004,2026-02-17 22:36:48.151348,pipeline_execution,Analytics,274
EVT-0004-0049,CUST-0004,2026-03-16 16:58:37.630751,pipeline_execution,Data Engineering,422
EVT-0004-0050,CUST-0004,2026-04-14 14:16:48.570743,dashboard_query,Data Warehousing,89
EVT-0004-0051,CUST-0004,2026-03-11 19:34:17.346274,login,Data Warehousing,303
EVT-0004-0052,CUST-0004,2026-03-25 07:48:13.329199,dashboard_query,AI Workloads,41
EVT-0004-0053,CUST-0004,2026-04-18 09:09:31.073453,dashboard_query,AI Workloads,265
EVT-0004-0054,CUST-0004,2026-04-14 15:30:11.518168,ai_model_run,Analytics,265
EVT-0004-0055,CUST-0004,2026-05-04 05:20:30.149342,login,Machine Learning,2
EVT-0004-0056,CUST-0004,2026-05-10 10:16:12.369109,data_ingestion,Analytics,199
EVT-0004-0057,CUST-0004,2026-05-03 07:21:31.327303,dashboard_query,Data Engineering,58
EVT-0004-0058,CUST-0004,2026-03-23 23:15:38.241705,pipeline_execution,AI Workloads,49
EVT-0004-0059,CUST-0004,2026-03-30 21:32:02.583116,login,AI Workloads,214
EVT-0004-0060,CUST-0004,2026-03-03 08:54:50.452756,data_ingestion,Machine Learning,400
EVT-0004-0061,CUST-0004,2026-04-23 09:02:41.599404,login,Machine Learning,432
EVT-0004-0062,CUST-0004,2026-05-04 00:26:18.553059,ai_model_run,Machine Learning,496
EVT-0004-0063,CUST-0004,2026-02-25 14:20:27.329433,ai_model_run,Data Warehousing,305
EVT-0004-0064,CUST-0004,2026-03-11 03:53:24.994513,data_ingestion,Machine Learning,490
EVT-0004-0065,CUST-0004,2026-04-01 13:20:46.830094,login,Data Engineering,176
EVT-0004-0066,CUST-0004,2026-03-19 20:45:06.320297,ai_model_run,Machine Learning,369
EVT-0004-0067,CUST-0004,2026-03-25 22:03:59.719938,ai_model_run,Analytics,104
EVT-0004-0068,CUST-0004,2026-04-03 12:51:16.676227,dashboard_query,Data Warehousing,78
EVT-0004-0069,CUST-0004,2026-03-02 16:13:16.255584,data_ingestion,Machine Learning,230
EVT-0005-0000,CUST-0005,2026-04-30 13:21:26.010947,pipeline_execution,Analytics,348
EVT-0005-0001,CUST-0005,2026-04-18 14:14:53.845695,login,Data Warehousing,474
EVT-0005-0002,CUST-0005,2026-04-09 13:03:31.645884,dashboard_query,Machine Learning,348
EVT-0005-0003,CUST-0005,2026-03-03 00:17:33.866389,pipeline_execution,Data Engineering,451
EVT-0005-0004,CUST-0005,2026-03-29 05:59:51.689079,ai_model_run,AI Workloads,234
EVT-0005-0005,CUST-0005,2026-02-26 02:32:40.508934,dashboard_query,Data Warehousing,40
EVT-0005-0006,CUST-0005,2026-02-17 00:30:26.805428,pipeline_execution,Data Warehousing,383
EVT-0005-0007,CUST-0005,2026-05-09 10:52:04.141374,pipeline_execution,Data Engineering,33
EVT-0005-0008,CUST-0005,2026-02-23 23:15:16.103318,data_ingestion,AI Workloads,161
EVT-0005-0009,CUST-0005,2026-03-24 06:16:31.348440,dashboard_query,Data Engineering,317
EVT-0005-0010,CUST-0005,2026-04-02 01:53:32.520019,dashboard_query,Data Engineering,105
EVT-0005-0011,CUST-0005,2026-02-23 02:31:39.122115,login,Data Warehousing,77
EVT-0005-0012,CUST-0005,2026-05-02 17:53:43.298234,dashboard_query,Data Warehousing,223
EVT-0005-0013,CUST-0005,2026-04-22 06:34:55.891016,data_ingestion,Data Warehousing,184
EVT-0005-0014,CUST-0005,2026-04-08 05:51:45.119728,dashboard_query,AI Workloads,21
EVT-0005-0015,CUST-0005,2026-05-11 19:39:44.219598,data_ingestion,Machine Learning,349
EVT-0005-0016,CUST-0005,2026-05-05 00:41:40.320487,ai_model_run,Machine Learning,142
EVT-0005-0017,CUST-0005,2026-02-26 22:04:59.645629,login,Machine Learning,312
EVT-0005-0018,CUST-0005,2026-05-01 12:02:58.929307,data_ingestion,Analytics,141
EVT-0005-0019,CUST-0005,2026-03-28 05:07:50.234808,data_ingestion,AI Workloads,372
EVT-0005-0020,CUST-0005,2026-02-12 05:15:07.082587,pipeline_execution,Data Warehousing,470
EVT-0005-0021,CUST-0005,2026-02-21 17:19:44.003337,dashboard_query,Data Warehousing,225
EVT-0005-0022,CUST-0005,2026-04-05 20:55:26.190173,dashboard_query,Data Engineering,395
EVT-0005-0023,CUST-0005,2026-03-14 11:03:03.428117,pipeline_execution,Machine Learning,458
EVT-0005-0024,CUST-0005,2026-02-16 19:43:30.040439,pipeline_execution,Analytics,453
EVT-0005-0025,CUST-0005,2026-04-01 14:38:16.164844,data_ingestion,AI Workloads,380
EVT-0005-0026,CUST-0005,2026-03-24 13:10:24.835167,pipeline_execution,Data Engineering,196
EVT-0005-0027,CUST-0005,2026-04-03 16:50:43.618198,login,Data Engineering,142
EVT-0005-0028,CUST-0005,2026-04-04 12:48:11.261184,dashboard_query,Data Engineering,172
EVT-0005-0029,CUST-0005,2026-02-27 10:53:17.009490,login,Data Engineering,68
EVT-0005-0030,CUST-0005,2026-03-20 16:09:08.140480,dashboard_query,AI Workloads,255
EVT-0005-0031,CUST-0005,2026-04-30 13:28:54.137311,dashboard_query,AI Workloads,217
EVT-0005-0032,CUST-0005,2026-02-24 15:00:09.413973,ai_model_run,Data Engineering,85
EVT-0005-0033,CUST-0005,2026-03-28 09:57:26.858616,data_ingestion,Machine Learning,257
EVT-0005-0034,CUST-0005,2026-05-07 14:25:57.320763,login,Analytics,348
EVT-0005-0035,CUST-0005,2026-02-26 00:45:47.652612,pipeline_execution,AI Workloads,209
EVT-0005-0036,CUST-0005,2026-03-16 23:30:53.179011,dashboard_query,AI Workloads,123
EVT-0005-0037,CUST-0005,2026-03-04 18:51:17.063610,pipeline_execution,AI Workloads,20
EVT-0006-0000,CUST-0006,2026-03-05 19:53:36.758998,data_ingestion,Data Warehousing,227
EVT-0006-0001,CUST-0006,2026-03-26 18:17:23.127533,login,Data Warehousing,242
EVT-0006-0002,CUST-0006,2026-04-25 15:03:38.535570,dashboard_query,Data Engineering,257
EVT-0006-0003,CUST-0006,2026-05-04 20:59:59.529658,pipeline_execution,Data Warehousing,168
EVT-0006-0004,CUST-0006,2026-03-01 19:43:22.150202,pipeline_execution,Analytics,180
EVT-0006-0005,CUST-0006,2026-03-06 22:08:52.479715,pipeline_execution,Data Engineering,404
EVT-0006-0006,CUST-0006,2026-04-12 12:02:06.944112,login,Analytics,66
EVT-0006-0007,CUST-0006,2026-04-26 18:42:29.470035,data_ingestion,Data Engineering,331
EVT-0006-0008,CUST-0006,2026-04-24 05:08:38.388222,ai_model_run,Data Warehousing,357
EVT-0006-0009,CUST-0006,2026-03-25 08:49:48.277535,ai_model_run,Machine Learning,398
EVT-0006-0010,CUST-0006,2026-03-31 13:01:22.935512,ai_model_run,Data Engineering,120
EVT-0006-0011,CUST-0006,2026-03-04 07:04:33.748996,dashboard_query,Machine Learning,130
EVT-0006-0012,CUST-0006,2026-04-19 09:50:33.440800,ai_model_run,Analytics,302
EVT-0006-0013,CUST-0006,2026-04-10 06:37:20.235889,ai_model_run,Analytics,332
EVT-0006-0014,CUST-0006,2026-03-11 14:18:53.111084,dashboard_query,AI Workloads,370
EVT-0006-0015,CUST-0006,2026-04-03 20:28:15.745247,data_ingestion,Analytics,291
EVT-0006-0016,CUST-0006,2026-04-14 05:15:38.330401,ai_model_run,Analytics,480
EVT-0006-0017,CUST-0006,2026-03-02 10:18:34.084188,pipeline_execution,Analytics,55
EVT-0006-0018,CUST-0006,2026-04-21 10:54:07.550440,ai_model_run,Data Warehousing,267
EVT-0006-0019,CUST-0006,2026-05-09 16:39:48.630905,login,Machine Learning,108
EVT-0006-0020,CUST-0006,2026-04-03 06:18:39.758778,pipeline_execution,Analytics,287
EVT-0006-0021,CUST-0006,2026-02-27 20:20:52.679596,login,AI Workloads,289
EVT-0006-0022,CUST-0006,2026-03-01 21:41:17.192194,data_ingestion,AI Workloads,235
EVT-0006-0023,CUST-0006,2026-02-25 06:50:45.373892,pipeline_execution,Data Engineering,477
EVT-0006-0024,CUST-0006,2026-03-06 21:53:47.858910,pipeline_execution,Machine Learning,362
EVT-0006-0025,CUST-0006,2026-03-21 21:24:24.596584,pipeline_execution,Data Engineering,331
EVT-0006-0026,CUST-0006,2026-03-06 01:42:20.494601,data_ingestion,Data Warehousing,216
EVT-0006-0027,CUST-0006,2026-03-19 13:02:58.522398,data_ingestion,Data Engineering,236
EVT-0006-0028,CUST-0006,2026-04-21 23:38:02.064517,pipeline_execution,AI Workloads,495
EVT-0006-0029,CUST-0006,2026-02-14 02:33:45.205962,dashboard_query,Data Warehousing,285
EVT-0006-0030,CUST-0006,2026-04-27 04:17:21.578347,dashboard_query,Machine Learning,2
EVT-0006-0031,CUST-0006,2026-04-30 23:46:11.049337,ai_model_run,Data Warehousing,458
EVT-0006-0032,CUST-0006,2026-03-17 14:17:17.160214,pipeline_execution,Data Engineering,264
EVT-0006-0033,CUST-0006,2026-02-15 19:06:05.819115,dashboard_query,Data Engineering,312
EVT-0006-0034,CUST-0006,2026-02-14 00:09:55.082533,login,Analytics,191
EVT-0006-0035,CUST-0006,2026-04-14 18:24:08.565733,pipeline_execution,AI Workloads,122
EVT-0006-0036,CUST-0006,2026-04-27 17:16:46.960290,ai_model_run,AI Workloads,244
EVT-0006-0037,CUST-0006,2026-05-09 16:21:19.356137,login,AI Workloads,328
EVT-0006-0038,CUST-0006,2026-03-05 09:12:02.770341,login,Data Engineering,76
EVT-0006-0039,CUST-0006,2026-03-25 01:12:35.152094,dashboard_query,AI Workloads,356
EVT-0006-0040,CUST-0006,2026-04-10 13:26:44.841459,ai_model_run,Analytics,307
EVT-0006-0041,CUST-0006,2026-04-24 10:03:04.009659,pipeline_execution,Data Warehousing,366
EVT-0006-0042,CUST-0006,2026-02-13 21:18:10.900697,ai_model_run,Data Warehousing,484
EVT-0006-0043,CUST-0006,2026-04-17 14:10:30.238084,pipeline_execution,Data Warehousing,16
EVT-0006-0044,CUST-0006,2026-03-17 09:31:06.825536,pipeline_execution,Data Warehousing,94
EVT-0006-0045,CUST-0006,2026-03-26 00:59:22.645372,ai_model_run,Machine Learning,353
EVT-0006-0046,CUST-0006,2026-02-12 23:01:41.013146,dashboard_query,AI Workloads,428
EVT-0006-0047,CUST-0006,2026-04-21 15:39:39.668130,pipeline_execution,Analytics,407
EVT-0006-0048,CUST-0006,2026-02-26 03:36:09.693894,login,Data Engineering,326
EVT-0006-0049,CUST-0006,2026-03-16 10:30:23.235291,dashboard_query,AI Workloads,389
EVT-0006-0050,CUST-0006,2026-03-05 07:19:04.739860,login,Machine Learning,155
EVT-0006-0051,CUST-0006,2026-04-13 21:17:44.612764,ai_model_run,Data Engineering,450
EVT-0006-0052,CUST-0006,2026-05-05 21:48:06.567422,dashboard_query,Machine Learning,262
EVT-0006-0053,CUST-0006,2026-04-09 23:58:53.611060,ai_model_run,Analytics,258
EVT-0006-0054,CUST-0006,2026-05-11 03:28:59.641496,data_ingestion,AI Workloads,477
EVT-0006-0055,CUST-0006,2026-02-13 08:04:46.636398,dashboard_query,AI Workloads,1
EVT-0006-0056,CUST-0006,2026-03-12 06:49:29.132697,pipeline_execution,AI Workloads,62
EVT-0006-0057,CUST-0006,2026-03-13 19:33:03.725290,pipeline_execution,AI Workloads,7
EVT-0006-0058,CUST-0006,2026-05-04 16:43:35.221370,pipeline_execution,Data Engineering,368
EVT-0006-0059,CUST-0006,2026-03-01 06:52:51.348951,dashboard_query,Analytics,137
EVT-0007-0000,CUST-0007,2026-03-17 06:51:11.943898,login,Analytics,429
EVT-0007-0001,CUST-0007,2026-03-30 22:37:38.000455,login,AI Workloads,326
EVT-0007-0002,CUST-0007,2026-03-02 11:41:17.331497,pipeline_execution,Data Engineering,295
EVT-0007-0003,CUST-0007,2026-03-05 01:06:39.021428,ai_model_run,AI Workloads,267
EVT-0007-0004,CUST-0007,2026-04-02 04:27:52.058730,pipeline_execution,Analytics,333
EVT-0007-0005,CUST-0007,2026-04-02 01:59:44.651819,pipeline_execution,Data Warehousing,383
EVT-0007-0006,CUST-0007,2026-02-27 04:31:38.864893,data_ingestion,Data Engineering,10
EVT-0007-0007,CUST-0007,2026-04-01 07:42:50.121768,dashboard_query,Data Engineering,184
EVT-0007-0008,CUST-0007,2026-02-27 03:43:42.476658,login,Data Engineering,363
EVT-0007-0009,CUST-0007,2026-04-04 10:14:38.910767,ai_model_run,Analytics,9
EVT-0007-0010,CUST-0007,2026-04-08 17:34:04.324275,login,Analytics,495
EVT-0007-0011,CUST-0007,2026-03-24 12:19:15.617184,data_ingestion,Analytics,25
EVT-0007-0012,CUST-0007,2026-02-12 21:56:22.700390,pipeline_execution,Analytics,459
EVT-0007-0013,CUST-0007,2026-05-07 23:07:27.601949,ai_model_run,Analytics,213
EVT-0007-0014,CUST-0007,2026-03-25 22:44:34.149130,data_ingestion,Data Engineering,107
EVT-0007-0015,CUST-0007,2026-04-14 10:19:37.634105,login,Machine Learning,108
EVT-0007-0016,CUST-0007,2026-04-26 07:34:28.833622,data_ingestion,Data Warehousing,149
EVT-0007-0017,CUST-0007,2026-03-21 06:03:55.539442,dashboard_query,AI Workloads,483
EVT-0007-0018,CUST-0007,2026-03-21 09:30:07.584179,pipeline_execution,Machine Learning,399
EVT-0007-0019,CUST-0007,2026-04-23 11:33:37.716074,data_ingestion,AI Workloads,99
EVT-0007-0020,CUST-0007,2026-02-26 09:46:22.765400,dashboard_query,Machine Learning,251
EVT-0007-0021,CUST-0007,2026-03-02 03:09:53.484661,ai_model_run,Analytics,272
EVT-0007-0022,CUST-0007,2026-02-24 08:39:10.763142,login,Data Warehousing,238
EVT-0007-0023,CUST-0007,2026-02-26 05:21:56.303167,data_ingestion,Analytics,40
EVT-0007-0024,CUST-0007,2026-04-04 05:32:12.900999,ai_model_run,Data Warehousing,309
EVT-0007-0025,CUST-0007,2026-04-10 00:30:45.835146,login,Data Warehousing,109
EVT-0007-0026,CUST-0007,2026-03-02 11:59:22.464923,pipeline_execution,Machine Learning,337
EVT-0007-0027,CUST-0007,2026-04-18 17:02:00.870163,ai_model_run,Data Warehousing,452
EVT-0007-0028,CUST-0007,2026-04-17 01:56:35.319068,dashboard_query,AI Workloads,149
EVT-0007-0029,CUST-0007,2026-02-17 18:26:07.532317,ai_model_run,AI Workloads,258
EVT-0007-0030,CUST-0007,2026-02-11 07:40:31.484389,login,AI Workloads,81
EVT-0007-0031,CUST-0007,2026-03-25 05:31:12.242685,ai_model_run,Analytics,355
EVT-0007-0032,CUST-0007,2026-04-28 19:23:58.267352,login,Data Warehousing,437
EVT-0007-0033,CUST-0007,2026-04-14 16:18:51.616794,pipeline_execution,Machine Learning,259
EVT-0007-0034,CUST-0007,2026-04-06 18:28:08.877465,login,Machine Learning,458
EVT-0007-0035,CUST-0007,2026-03-19 17:29:15.569343,pipeline_execution,Analytics,389
EVT-0007-0036,CUST-0007,2026-03-10 11:41:07.882941,dashboard_query,Data Engineering,258
EVT-0007-0037,CUST-0007,2026-04-13 02:04:13.889145,login,Machine Learning,488
EVT-0007-0038,CUST-0007,2026-02-19 03:59:22.504726,data_ingestion,Machine Learning,476
EVT-0007-0039,CUST-0007,2026-04-17 16:54:34.438335,data_ingestion,AI Workloads,382
EVT-0007-0040,CUST-0007,2026-04-22 03:20:13.693982,dashboard_query,Machine Learning,202
EVT-0007-0041,CUST-0007,2026-02-19 20:52:45.272059,pipeline_execution,Analytics,422
EVT-0007-0042,CUST-0007,2026-04-20 17:03:58.135318,login,Machine Learning,185
EVT-0007-0043,CUST-0007,2026-03-18 01:45:09.231183,ai_model_run,Machine Learning,462
EVT-0007-0044,CUST-0007,2026-04-17 01:30:51.370050,login,Machine Learning,57
EVT-0007-0045,CUST-0007,2026-03-09 20:57:49.197149,ai_model_run,Analytics,463
EVT-0007-0046,CUST-0007,2026-03-01 03:46:32.444078,ai_model_run,Analytics,55
EVT-0007-0047,CUST-0007,2026-03-05 11:32:58.851678,login,Machine Learning,12
EVT-0007-0048,CUST-0007,2026-03-10 14:48:37.179260,data_ingestion,AI Workloads,342
EVT-0008-0000,CUST-0008,2026-04-10 01:05:11.613090,pipeline_execution,Analytics,180
EVT-0008-0001,CUST-0008,2026-04-20 22:21:04.127046,data_ingestion,Data Warehousing,319
EVT-0008-0002,CUST-0008,2026-04-22 07:16:04.130106,ai_model_run,Machine Learning,42
EVT-0008-0003,CUST-0008,2026-04-12 14:25:02.832018,dashboard_query,Machine Learning,138
EVT-0008-0004,CUST-0008,2026-05-08 01:54:26.468034,ai_model_run,Analytics,365
EVT-0008-0005,CUST-0008,2026-04-23 22:23:24.327211,dashboard_query,Data Warehousing,272
EVT-0008-0006,CUST-0008,2026-02-16 21:48:20.392337,ai_model_run,Data Engineering,3
EVT-0008-0007,CUST-0008,2026-03-26 22:27:30.288502,pipeline_execution,Data Warehousing,354
EVT-0008-0008,CUST-0008,2026-05-10 16:21:45.375758,data_ingestion,Analytics,478
EVT-0008-0009,CUST-0008,2026-02-27 16:46:56.567528,login,Machine Learning,234
EVT-0008-0010,CUST-0008,2026-03-09 01:52:48.793036,pipeline_execution,Data Warehousing,30
EVT-0008-0011,CUST-0008,2026-02-15 09:51:47.422524,data_ingestion,Analytics,421
EVT-0008-0012,CUST-0008,2026-02-22 13:13:23.566858,pipeline_execution,Analytics,201
EVT-0008-0013,CUST-0008,2026-04-02 04:45:32.498104,dashboard_query,Machine Learning,26
EVT-0008-0014,CUST-0008,2026-02-23 00:41:21.012167,ai_model_run,Machine Learning,196
EVT-0008-0015,CUST-0008,2026-03-27 06:55:12.166071,pipeline_execution,Data Engineering,169
EVT-0008-0016,CUST-0008,2026-03-27 00:13:34.602103,data_ingestion,Data Warehousing,19
EVT-0008-0017,CUST-0008,2026-02-17 20:41:05.134094,login,Data Warehousing,89
EVT-0008-0018,CUST-0008,2026-05-03 15:13:50.658532,ai_model_run,Data Engineering,17
EVT-0008-0019,CUST-0008,2026-02-26 03:34:03.470795,dashboard_query,Data Warehousing,48
EVT-0008-0020,CUST-0008,2026-04-02 11:55:58.585614,login,AI Workloads,256
EVT-0008-0021,CUST-0008,2026-03-30 03:37:09.272174,data_ingestion,Data Engineering,368
EVT-0008-0022,CUST-0008,2026-02-17 03:59:13.836560,dashboard_query,AI Workloads,297
EVT-0008-0023,CUST-0008,2026-02-12 01:58:20.005438,login,Analytics,237
EVT-0008-0024,CUST-0008,2026-05-07 18:38:48.559853,ai_model_run,AI Workloads,399
EVT-0008-0025,CUST-0008,2026-04-05 13:16:02.663177,ai_model_run,Data Engineering,494
EVT-0008-0026,CUST-0008,2026-02-12 09:35:31.544214,ai_model_run,Data Engineering,103
EVT-0008-0027,CUST-0008,2026-04-02 20:40:08.788160,pipeline_execution,Data Warehousing,228
EVT-0008-0028,CUST-0008,2026-04-30 22:31:26.394714,login,Analytics,436
EVT-0008-0029,CUST-0008,2026-02-18 20:48:20.648844,data_ingestion,Machine Learning,395
EVT-0008-0030,CUST-0008,2026-05-03 13:34:51.022502,login,AI Workloads,352
EVT-0008-0031,CUST-0008,2026-03-13 07:00:35.353652,pipeline_execution,Machine Learning,225
EVT-0008-0032,CUST-0008,2026-04-25 10:01:17.567472,pipeline_execution,AI Workloads,41
EVT-0008-0033,CUST-0008,2026-03-18 13:17:20.166820,pipeline_execution,Analytics,500
EVT-0008-0034,CUST-0008,2026-03-25 07:54:49.047110,pipeline_execution,AI Workloads,109
EVT-0008-0035,CUST-0008,2026-03-18 11:36:50.893745,pipeline_execution,Machine Learning,487
EVT-0008-0036,CUST-0008,2026-04-02 14:55:45.678850,pipeline_execution,Data Engineering,170
EVT-0008-0037,CUST-0008,2026-02-24 09:34:25.330643,pipeline_execution,Analytics,197
EVT-0008-0038,CUST-0008,2026-03-26 15:48:08.559066,login,Machine Learning,488
EVT-0008-0039,CUST-0008,2026-04-18 12:01:48.306325,pipeline_execution,Analytics,295
EVT-0008-0040,CUST-0008,2026-03-26 07:39:56.718935,login,AI Workloads,262
EVT-0008-0041,CUST-0008,2026-03-06 18:31:09.116478,dashboard_query,AI Workloads,490
EVT-0008-0042,CUST-0008,2026-03-16 22:41:45.913564,ai_model_run,Analytics,33
EVT-0009-0000,CUST-0009,2026-02-15 18:26:26.850800,dashboard_query,Machine Learning,423
EVT-0009-0001,CUST-0009,2026-05-03 12:12:07.863340,login,Machine Learning,63
EVT-0009-0002,CUST-0009,2026-03-13 22:19:57.355800,data_ingestion,AI Workloads,108
EVT-0009-0003,CUST-0009,2026-03-09 02:14:15.399636,data_ingestion,AI Workloads,295
EVT-0009-0004,CUST-0009,2026-03-05 02:38:22.456038,dashboard_query,Data Engineering,142
EVT-0009-0005,CUST-0009,2026-05-08 14:30:50.722337,ai_model_run,Data Warehousing,143
EVT-0009-0006,CUST-0009,2026-03-21 11:38:41.176169,login,Data Engineering,62
EVT-0009-0007,CUST-0009,2026-05-10 21:24:05.436196,pipeline_execution,Data Warehousing,425
EVT-0009-0008,CUST-0009,2026-04-11 23:34:38.020122,dashboard_query,Analytics,493
EVT-0009-0009,CUST-0009,2026-04-26 10:58:29.513775,ai_model_run,Analytics,483
EVT-0009-0010,CUST-0009,2026-02-23 08:08:01.199985,ai_model_run,Data Warehousing,66
EVT-0009-0011,CUST-0009,2026-03-12 16:11:24.463909,login,Data Warehousing,283
EVT-0009-0012,CUST-0009,2026-04-11 03:24:00.437552,data_ingestion,AI Workloads,89
EVT-0009-0013,CUST-0009,2026-03-05 20:13:27.012131,pipeline_execution,Data Warehousing,469
EVT-0009-0014,CUST-0009,2026-04-08 08:20:39.431176,pipeline_execution,Data Warehousing,376
EVT-0009-0015,CUST-0009,2026-02-11 11:01:30.774727,login,Analytics,484
EVT-0009-0016,CUST-0009,2026-04-25 14:50:56.468510,data_ingestion,Analytics,81
EVT-0009-0017,CUST-0009,2026-05-02 20:30:33.202644,login,AI Workloads,374
EVT-0009-0018,CUST-0009,2026-03-07 03:04:42.396526,data_ingestion,Analytics,255
EVT-0009-0019,CUST-0009,2026-05-05 07:37:34.108503,dashboard_query,Data Warehousing,169
EVT-0009-0020,CUST-0009,2026-03-07 23:28:27.567345,data_ingestion,Machine Learning,52
EVT-0009-0021,CUST-0009,2026-02-18 17:53:08.421435,login,Machine Learning,16
EVT-0009-0022,CUST-0009,2026-04-16 06:15:52.103291,pipeline_execution,Machine Learning,203
EVT-0009-0023,CUST-0009,2026-05-04 18:23:13.442628,ai_model_run,AI Workloads,176
EVT-0010-0000,CUST-0010,2026-02-18 04:35:31.528668,data_ingestion,Data Warehousing,450
EVT-0010-0001,CUST-0010,2026-02-11 06:39:44.689451,pipeline_execution,Data Engineering,388
EVT-0010-0002,CUST-0010,2026-04-18 21:24:21.803343,login,Analytics,176
EVT-0010-0003,CUST-0010,2026-04-09 19:31:44.278471,pipeline_execution,Analytics,60
EVT-0010-0004,CUST-0010,2026-03-30 19:38:51.392498,dashboard_query,Analytics,444
EVT-0010-0005,CUST-0010,2026-05-04 07:43:34.776795,pipeline_execution,Machine Learning,375
EVT-0010-0006,CUST-0010,2026-04-16 17:07:01.535567,dashboard_query,AI Workloads,455
EVT-0010-0007,CUST-0010,2026-03-18 20:57:38.176181,dashboard_query,Machine Learning,288
EVT-0010-0008,CUST-0010,2026-04-21 10:16:40.208073,data_ingestion,Analytics,432
EVT-0010-0009,CUST-0010,2026-03-15 22:26:49.536508,data_ingestion,Analytics,273
EVT-0010-0010,CUST-0010,2026-02-21 16:25:04.243016,login,Machine Learning,311
EVT-0010-0011,CUST-0010,2026-04-28 06:01:46.835896,pipeline_execution,Data Engineering,115
EVT-0010-0012,CUST-0010,2026-04-04 11:05:19.942475,pipeline_execution,Data Engineering,386
EVT-0010-0013,CUST-0010,2026-04-22 13:08:59.488798,data_ingestion,Analytics,374
EVT-0010-0014,CUST-0010,2026-04-16 20:37:27.533533,login,AI Workloads,91
EVT-0010-0015,CUST-0010,2026-04-26 04:49:53.650196,data_ingestion,Data Engineering,277
EVT-0010-0016,CUST-0010,2026-03-08 17:51:08.728668,login,AI Workloads,280
EVT-0010-0017,CUST-0010,2026-04-09 04:03:10.782960,ai_model_run,Data Warehousing,279
EVT-0010-0018,CUST-0010,2026-03-28 08:22:26.540289,data_ingestion,Data Warehousing,170
EVT-0010-0019,CUST-0010,2026-05-11 08:07:07.784939,pipeline_execution,AI Workloads,5
EVT-0010-0020,CUST-0010,2026-03-15 07:11:42.376934,data_ingestion,Analytics,498
EVT-0010-0021,CUST-0010,2026-03-05 11:59:20.359648,pipeline_execution,Machine Learning,229
EVT-0010-0022,CUST-0010,2026-02-24 07:46:55.529861,dashboard_query,AI Workloads,373
EVT-0010-0023,CUST-0010,2026-04-03 05:40:23.506273,data_ingestion,Analytics,441
EVT-0010-0024,CUST-0010,2026-02-11 10:19:35.153084,data_ingestion,Analytics,163
EVT-0010-0025,CUST-0010,2026-04-01 03:09:18.121243,pipeline_execution,Analytics,162
EVT-0010-0026,CUST-0010,2026-04-19 19:52:27.714497,data_ingestion,Data Engineering,168
EVT-0010-0027,CUST-0010,2026-03-17 09:40:24.595977,ai_model_run,Data Engineering,263
EVT-0010-0028,CUST-0010,2026-05-03 11:13:46.051628,pipeline_execution,Data Engineering,164
EVT-0010-0029,CUST-0010,2026-03-28 02:20:40.193791,ai_model_run,Machine Learning,58
EVT-0010-0030,CUST-0010,2026-03-19 19:24:45.211118,login,Machine Learning,204
EVT-0010-0031,CUST-0010,2026-03-13 08:16:51.658858,login,Machine Learning,432
EVT-0010-0032,CUST-0010,2026-04-09 06:43:37.651057,login,AI Workloads,387
EVT-0010-0033,CUST-0010,2026-03-09 00:05:57.337220,ai_model_run,Machine Learning,470
EVT-0010-0034,CUST-0010,2026-04-08 21:21:45.768974,data_ingestion,Machine Learning,60
EVT-0010-0035,CUST-0010,2026-03-27 13:28:10.803561,pipeline_execution,Data Warehousing,427
EVT-0010-0036,CUST-0010,2026-04-20 17:50:38.035925,data_ingestion,Data Warehousing,126
EVT-0010-0037,CUST-0010,2026-02-21 02:08:35.049487,pipeline_execution,AI Workloads,208
EVT-0010-0038,CUST-0010,2026-03-07 11:23:15.846761,ai_model_run,Machine Learning,402
EVT-0010-0039,CUST-0010,2026-03-09 17:38:47.454878,pipeline_execution,Machine Learning,348
EVT-0010-0040,CUST-0010,2026-02-11 21:05:17.397545,data_ingestion,Analytics,172
EVT-0010-0041,CUST-0010,2026-04-23 19:27:55.149259,dashboard_query,Data Engineering,142
EVT-0010-0042,CUST-0010,2026-05-01 12:44:09.348636,pipeline_execution,Machine Learning,391
EVT-0010-0043,CUST-0010,2026-04-29 04:43:51.787134,dashboard_query,Analytics,55
EVT-0010-0044,CUST-0010,2026-02-25 05:42:31.899467,login,Data Warehousing,50
EVT-0010-0045,CUST-0010,2026-03-19 11:07:38.644697,ai_model_run,Data Warehousing,9
EVT-0010-0046,CUST-0010,2026-04-16 00:12:16.100311,ai_model_run,Data Warehousing,269
EVT-0010-0047,CUST-0010,2026-05-04 07:47:19.198517,data_ingestion,Data Warehousing,385
EVT-0010-0048,CUST-0010,2026-03-20 21:58:03.571336,pipeline_execution,Data Warehousing,165
EVT-0010-0049,CUST-0010,2026-02-17 19:03:55.349354,data_ingestion,Data Warehousing,458
EVT-0010-0050,CUST-0010,2026-04-03 07:34:38.209401,dashboard_query,Data Engineering,309
EVT-0010-0051,CUST-0010,2026-04-20 15:19:15.168234,pipeline_execution,Data Engineering,55
EVT-0010-0052,CUST-0010,2026-04-12 14:32:10.647371,login,Data Warehousing,114
EVT-0010-0053,CUST-0010,2026-03-29 20:40:11.973311,pipeline_execution,Data Warehousing,226
EVT-0010-0054,CUST-0010,2026-03-13 10:08:29.833473,dashboard_query,Data Warehousing,377
EVT-0010-0055,CUST-0010,2026-04-04 22:17:35.350801,ai_model_run,AI Workloads,402
EVT-0010-0056,CUST-0010,2026-03-26 04:43:41.265892,dashboard_query,Machine Learning,229
EVT-0010-0057,CUST-0010,2026-03-19 17:18:54.315129,data_ingestion,Machine Learning,311
EVT-0010-0058,CUST-0010,2026-05-11 00:08:43.311650,ai_model_run,Data Warehousing,57
EVT-0010-0059,CUST-0010,2026-04-05 03:41:29.631435,dashboard_query,Data Engineering,200
EVT-0010-0060,CUST-0010,2026-05-09 18:29:27.993052,data_ingestion,Analytics,303
EVT-0010-0061,CUST-0010,2026-03-28 05:15:55.143081,data_ingestion,Data Warehousing,197
EVT-0010-0062,CUST-0010,2026-04-07 14:19:07.705272,dashboard_query,Analytics,400
EVT-0010-0063,CUST-0010,2026-03-26 10:17:36.893684,dashboard_query,Analytics,418
EVT-0010-0064,CUST-0010,2026-02-27 06:06:48.925602,pipeline_execution,AI Workloads,349
EVT-0010-0065,CUST-0010,2026-04-11 08:46:37.960010,pipeline_execution,Data Engineering,92
EVT-0010-0066,CUST-0010,2026-04-29 16:27:26.676286,ai_model_run,AI Workloads,423
EVT-0010-0067,CUST-0010,2026-03-27 11:34:44.722351,data_ingestion,Data Engineering,103
EVT-0010-0068,CUST-0010,2026-05-01 14:49:44.489975,login,Data Warehousing,220
EVT-0010-0069,CUST-0010,2026-03-28 07:31:24.378001,dashboard_query,Data Warehousing,217
EVT-0010-0070,CUST-0010,2026-03-24 03:28:09.085160,data_ingestion,Analytics,277
EVT-0010-0071,CUST-0010,2026-04-18 18:36:28.493094,data_ingestion,Data Warehousing,254
EVT-0010-0072,CUST-0010,2026-05-08 16:01:59.083812,login,AI Workloads,383
EVT-0010-0073,CUST-0010,2026-03-02 22:08:39.442021,pipeline_execution,Data Engineering,360
EVT-0010-0074,CUST-0010,2026-03-29 13:14:27.378871,ai_model_run,Analytics,197
EVT-0010-0075,CUST-0010,2026-03-19 20:05:53.764701,ai_model_run,Data Warehousing,405
EVT-0010-0076,CUST-0010,2026-03-04 12:03:20.780115,data_ingestion,Machine Learning,123
EVT-0010-0077,CUST-0010,2026-03-06 07:12:37.943818,login,Machine Learning,200
EVT-0010-0078,CUST-0010,2026-04-22 12:02:38.668022,pipeline_execution,Analytics,361
EVT-0010-0079,CUST-0010,2026-02-14 01:22:21.204738,data_ingestion,Analytics,254
EVT-0010-0080,CUST-0010,2026-02-11 16:04:10.104018,login,Data Warehousing,323
EVT-0010-0081,CUST-0010,2026-04-12 19:33:02.534987,ai_model_run,Machine Learning,301
EVT-0010-0082,CUST-0010,2026-02-11 08:06:17.070423,login,Machine Learning,26
EVT-0010-0083,CUST-0010,2026-04-15 19:30:01.242020,login,AI Workloads,265
EVT-0010-0084,CUST-0010,2026-03-06 06:04:58.775017,data_ingestion,Data Warehousing,228
EVT-0010-0085,CUST-0010,2026-03-27 14:30:37.361855,pipeline_execution,Analytics,357
EVT-0010-0086,CUST-0010,2026-03-21 09:24:29.784821,login,Data Engineering,220
EVT-0010-0087,CUST-0010,2026-03-02 22:05:36.693938,login,AI Workloads,490
EVT-0010-0088,CUST-0010,2026-03-19 04:49:44.325869,dashboard_query,Data Warehousing,158
EVT-0010-0089,CUST-0010,2026-03-02 09:57:10.548996,dashboard_query,Machine Learning,127
EVT-0010-0090,CUST-0010,2026-04-13 02:45:26.916139,dashboard_query,Analytics,445
EVT-0010-0091,CUST-0010,2026-03-18 20:40:14.208898,pipeline_execution,AI Workloads,78
EVT-0010-0092,CUST-0010,2026-02-12 00:47:32.734910,ai_model_run,AI Workloads,16
EVT-0010-0093,CUST-0010,2026-04-11 07:51:34.001618,ai_model_run,Analytics,192
EVT-0010-0094,CUST-0010,2026-03-18 10:27:41.734412,pipeline_execution,Machine Learning,408
EVT-0011-0000,CUST-0011,2026-02-15 08:55:11.644546,ai_model_run,Analytics,382
EVT-0011-0001,CUST-0011,2026-05-06 07:46:29.543424,login,AI Workloads,494
EVT-0011-0002,CUST-0011,2026-03-14 08:20:39.804475,data_ingestion,Data Engineering,247
EVT-0011-0003,CUST-0011,2026-02-26 18:22:10.415877,dashboard_query,Data Warehousing,76
EVT-0011-0004,CUST-0011,2026-03-04 23:21:05.287564,pipeline_execution,Analytics,46
EVT-0011-0005,CUST-0011,2026-04-20 05:27:42.648780,login,AI Workloads,24
EVT-0011-0006,CUST-0011,2026-04-26 11:06:10.006613,ai_model_run,AI Workloads,334
EVT-0011-0007,CUST-0011,2026-05-03 10:40:36.703867,data_ingestion,Analytics,102
EVT-0011-0008,CUST-0011,2026-04-24 19:39:09.760720,ai_model_run,Data Warehousing,172
EVT-0011-0009,CUST-0011,2026-04-27 02:16:45.111722,pipeline_execution,Analytics,370
EVT-0011-0010,CUST-0011,2026-04-20 13:21:06.164882,data_ingestion,AI Workloads,444
EVT-0011-0011,CUST-0011,2026-02-20 13:43:18.379388,login,Data Engineering,392
EVT-0011-0012,CUST-0011,2026-02-13 17:59:04.141343,login,Data Engineering,265
EVT-0011-0013,CUST-0011,2026-02-24 16:41:40.025528,ai_model_run,Analytics,175
EVT-0011-0014,CUST-0011,2026-04-23 06:32:15.225172,dashboard_query,Analytics,3
EVT-0011-0015,CUST-0011,2026-05-11 21:36:28.483408,dashboard_query,Data Warehousing,318
EVT-0011-0016,CUST-0011,2026-04-01 08:59:43.667743,pipeline_execution,AI Workloads,47
EVT-0011-0017,CUST-0011,2026-04-30 09:40:36.923274,dashboard_query,Data Warehousing,334
EVT-0011-0018,CUST-0011,2026-03-30 14:32:26.263327,ai_model_run,Data Engineering,352
EVT-0011-0019,CUST-0011,2026-03-07 10:52:07.674774,dashboard_query,AI Workloads,229
EVT-0011-0020,CUST-0011,2026-04-25 07:00:10.101380,pipeline_execution,Data Warehousing,98
EVT-0011-0021,CUST-0011,2026-04-09 23:12:15.968362,ai_model_run,Data Engineering,316
EVT-0011-0022,CUST-0011,2026-03-12 15:42:59.193697,login,Machine Learning,125
EVT-0011-0023,CUST-0011,2026-05-09 20:52:53.517412,login,Analytics,71
EVT-0011-0024,CUST-0011,2026-02-27 06:31:04.284199,data_ingestion,AI Workloads,394
EVT-0011-0025,CUST-0011,2026-03-15 20:59:35.432527,pipeline_execution,Machine Learning,54
EVT-0011-0026,CUST-0011,2026-04-17 15:51:05.280245,ai_model_run,Machine Learning,245
EVT-0011-0027,CUST-0011,2026-02-23 01:07:48.415569,dashboard_query,AI Workloads,187
EVT-0011-0028,CUST-0011,2026-05-05 03:30:31.180948,dashboard_query,Data Engineering,492
EVT-0011-0029,CUST-0011,2026-02-15 09:52:00.499795,data_ingestion,Data Engineering,253
EVT-0011-0030,CUST-0011,2026-04-11 19:02:14.738852,login,Data Warehousing,263
EVT-0011-0031,CUST-0011,2026-03-27 02:14:33.007235,dashboard_query,Analytics,374
EVT-0011-0032,CUST-0011,2026-05-02 12:37:07.338099,dashboard_query,Analytics,335
EVT-0012-0000,CUST-0012,2026-03-18 04:55:57.837547,login,Machine Learning,309
EVT-0012-0001,CUST-0012,2026-03-05 02:44:23.602261,data_ingestion,AI Workloads,353
EVT-0012-0002,CUST-0012,2026-04-18 14:56:33.764620,login,Machine Learning,164
EVT-0012-0003,CUST-0012,2026-03-11 10:49:30.953557,login,Machine Learning,131
EVT-0012-0004,CUST-0012,2026-05-02 10:05:33.377248,ai_model_run,Machine Learning,391
EVT-0012-0005,CUST-0012,2026-03-23 08:37:54.371167,data_ingestion,Data Warehousing,210
EVT-0012-0006,CUST-0012,2026-04-15 16:39:32.016654,pipeline_execution,Analytics,321
EVT-0012-0007,CUST-0012,2026-02-21 05:44:33.116550,ai_model_run,Data Engineering,443
EVT-0012-0008,CUST-0012,2026-02-21 10:51:07.805971,dashboard_query,Analytics,487
EVT-0012-0009,CUST-0012,2026-04-22 05:33:11.282921,dashboard_query,Data Warehousing,374
EVT-0012-0010,CUST-0012,2026-02-13 04:00:16.878722,ai_model_run,Data Engineering,102
EVT-0012-0011,CUST-0012,2026-04-29 17:56:17.868113,pipeline_execution,Analytics,4
EVT-0012-0012,CUST-0012,2026-05-07 04:14:40.679817,pipeline_execution,Data Engineering,476
EVT-0012-0013,CUST-0012,2026-02-19 13:11:30.247495,pipeline_execution,Machine Learning,290
EVT-0012-0014,CUST-0012,2026-03-31 13:26:12.739314,pipeline_execution,Machine Learning,170
EVT-0012-0015,CUST-0012,2026-03-04 09:10:32.755770,dashboard_query,Analytics,271
EVT-0012-0016,CUST-0012,2026-05-05 06:35:03.644396,ai_model_run,Data Engineering,350
EVT-0012-0017,CUST-0012,2026-03-08 04:06:54.106263,login,Analytics,444
EVT-0012-0018,CUST-0012,2026-03-30 17:18:10.422821,login,Data Engineering,281
EVT-0012-0019,CUST-0012,2026-04-25 15:20:48.181184,pipeline_execution,Data Engineering,86
EVT-0012-0020,CUST-0012,2026-02-24 04:08:45.588331,pipeline_execution,Analytics,55
EVT-0012-0021,CUST-0012,2026-04-06 20:43:12.673745,ai_model_run,Data Engineering,472
EVT-0012-0022,CUST-0012,2026-02-19 07:20:32.782287,login,Data Engineering,273
EVT-0012-0023,CUST-0012,2026-05-01 23:45:57.563701,login,Analytics,196
EVT-0012-0024,CUST-0012,2026-02-13 23:28:24.560579,data_ingestion,Machine Learning,492
EVT-0012-0025,CUST-0012,2026-04-04 02:42:11.643343,dashboard_query,Analytics,261
EVT-0012-0026,CUST-0012,2026-04-08 22:07:33.271709,data_ingestion,Machine Learning,466
EVT-0012-0027,CUST-0012,2026-03-31 11:08:21.963041,data_ingestion,Data Engineering,115
EVT-0012-0028,CUST-0012,2026-04-26 22:02:36.826006,dashboard_query,Data Engineering,389
EVT-0012-0029,CUST-0012,2026-03-18 04:01:33.544009,ai_model_run,Analytics,381
EVT-0012-0030,CUST-0012,2026-02-22 01:46:50.944648,ai_model_run,Analytics,92
EVT-0012-0031,CUST-0012,2026-04-17 15:11:11.378915,ai_model_run,Data Engineering,375
EVT-0012-0032,CUST-0012,2026-03-17 04:00:44.109868,data_ingestion,Machine Learning,331
EVT-0012-0033,CUST-0012,2026-03-22 20:57:02.161739,pipeline_execution,Analytics,142
EVT-0012-0034,CUST-0012,2026-03-15 16:59:48.970256,pipeline_execution,AI Workloads,204
EVT-0012-0035,CUST-0012,2026-05-07 05:44:27.717790,ai_model_run,AI Workloads,391
EVT-0012-0036,CUST-0012,2026-04-22 08:45:25.694932,ai_model_run,Machine Learning,429
EVT-0012-0037,CUST-0012,2026-02-21 05:19:05.163216,data_ingestion,Data Warehousing,105
EVT-0012-0038,CUST-0012,2026-04-25 12:40:03.518705,login,Machine Learning,407
EVT-0012-0039,CUST-0012,2026-02-12 16:37:13.093741,pipeline_execution,Machine Learning,169
EVT-0012-0040,CUST-0012,2026-03-20 10:56:41.102979,pipeline_execution,Machine Learning,317
EVT-0012-0041,CUST-0012,2026-03-01 20:36:08.400758,login,Data Engineering,184
EVT-0012-0042,CUST-0012,2026-04-05 01:39:29.029602,dashboard_query,Analytics,474
EVT-0012-0043,CUST-0012,2026-04-02 17:05:05.207203,data_ingestion,Analytics,424
EVT-0012-0044,CUST-0012,2026-04-01 06:10:53.480829,login,Data Engineering,61
EVT-0012-0045,CUST-0012,2026-04-09 00:38:14.686810,ai_model_run,AI Workloads,329
EVT-0012-0046,CUST-0012,2026-04-19 17:38:27.377545,data_ingestion,Machine Learning,169
EVT-0012-0047,CUST-0012,2026-02-22 14:57:19.935535,login,Data Warehousing,333
EVT-0012-0048,CUST-0012,2026-03-01 04:13:06.625480,data_ingestion,AI Workloads,381
EVT-0012-0049,CUST-0012,2026-04-29 00:12:57.449299,dashboard_query,Machine Learning,458
EVT-0012-0050,CUST-0012,2026-02-12 09:43:30.606300,login,AI Workloads,12
EVT-0012-0051,CUST-0012,2026-04-03 17:28:59.781117,data_ingestion,Data Warehousing,155
EVT-0012-0052,CUST-0012,2026-04-02 11:45:12.518238,ai_model_run,Analytics,92
EVT-0012-0053,CUST-0012,2026-02-28 17:42:28.860010,data_ingestion,Data Warehousing,215
EVT-0012-0054,CUST-0012,2026-02-21 00:28:46.675108,ai_model_run,AI Workloads,212
EVT-0012-0055,CUST-0012,2026-04-12 08:43:03.204339,login,Data Engineering,473
EVT-0012-0056,CUST-0012,2026-03-15 13:15:06.091513,data_ingestion,AI Workloads,154
EVT-0012-0057,CUST-0012,2026-04-01 20:07:31.396836,ai_model_run,Analytics,283
EVT-0012-0058,CUST-0012,2026-04-20 23:22:00.010231,data_ingestion,Analytics,101
EVT-0012-0059,CUST-0012,2026-03-28 05:35:58.110478,ai_model_run,Analytics,312
EVT-0012-0060,CUST-0012,2026-02-25 16:15:02.044768,data_ingestion,Data Engineering,487
EVT-0013-0000,CUST-0013,2026-02-17 19:50:48.350952,ai_model_run,Data Warehousing,481
EVT-0013-0001,CUST-0013,2026-04-22 18:45:49.912226,ai_model_run,Data Warehousing,50
EVT-0013-0002,CUST-0013,2026-04-03 17:58:47.074948,dashboard_query,Analytics,470
EVT-0013-0003,CUST-0013,2026-03-13 22:39:22.522503,login,AI Workloads,468
EVT-0013-0004,CUST-0013,2026-05-10 04:45:09.026962,ai_model_run,Data Warehousing,252
EVT-0013-0005,CUST-0013,2026-03-25 11:37:23.319377,data_ingestion,Data Engineering,30
EVT-0013-0006,CUST-0013,2026-02-13 17:49:38.931542,ai_model_run,AI Workloads,349
EVT-0013-0007,CUST-0013,2026-05-08 21:09:59.995172,login,Data Engineering,165
EVT-0013-0008,CUST-0013,2026-04-15 23:56:36.765283,ai_model_run,Data Engineering,33
EVT-0013-0009,CUST-0013,2026-02-26 00:54:01.702041,dashboard_query,Data Engineering,125
EVT-0013-0010,CUST-0013,2026-03-17 19:58:40.727781,pipeline_execution,Machine Learning,400
EVT-0013-0011,CUST-0013,2026-02-13 20:15:57.003000,ai_model_run,Machine Learning,377
EVT-0013-0012,CUST-0013,2026-02-25 23:43:35.507793,pipeline_execution,Machine Learning,171
EVT-0013-0013,CUST-0013,2026-04-24 03:58:13.167931,pipeline_execution,Data Engineering,363
EVT-0013-0014,CUST-0013,2026-02-25 14:33:51.236157,dashboard_query,Machine Learning,395
EVT-0013-0015,CUST-0013,2026-03-10 10:25:56.325730,pipeline_execution,Data Engineering,205
EVT-0013-0016,CUST-0013,2026-04-17 05:22:47.488215,data_ingestion,AI Workloads,268
EVT-0013-0017,CUST-0013,2026-03-17 12:01:33.323754,pipeline_execution,Machine Learning,36
EVT-0013-0018,CUST-0013,2026-03-14 04:31:01.350343,dashboard_query,AI Workloads,56
EVT-0013-0019,CUST-0013,2026-05-04 20:26:01.383086,data_ingestion,Analytics,33
EVT-0013-0020,CUST-0013,2026-04-06 10:35:27.133561,pipeline_execution,AI Workloads,333
EVT-0013-0021,CUST-0013,2026-02-13 11:04:31.811769,ai_model_run,Analytics,309
EVT-0013-0022,CUST-0013,2026-03-02 06:49:15.969273,pipeline_execution,Analytics,399
EVT-0013-0023,CUST-0013,2026-03-18 15:19:44.717844,pipeline_execution,Analytics,198
EVT-0013-0024,CUST-0013,2026-04-25 22:41:24.569423,login,AI Workloads,17
EVT-0014-0000,CUST-0014,2026-03-26 11:43:52.564192,data_ingestion,Analytics,118
EVT-0014-0001,CUST-0014,2026-03-06 07:21:25.171060,login,AI Workloads,241
EVT-0014-0002,CUST-0014,2026-05-01 03:55:41.656706,pipeline_execution,AI Workloads,452
EVT-0014-0003,CUST-0014,2026-03-02 23:57:55.406899,ai_model_run,Analytics,342
EVT-0014-0004,CUST-0014,2026-03-23 22:43:01.524240,ai_model_run,Data Engineering,305
EVT-0014-0005,CUST-0014,2026-05-07 16:50:45.071306,ai_model_run,Machine Learning,346
EVT-0014-0006,CUST-0014,2026-03-07 21:44:16.476061,dashboard_query,Data Engineering,120
EVT-0014-0007,CUST-0014,2026-04-19 10:43:01.028296,dashboard_query,AI Workloads,165
EVT-0014-0008,CUST-0014,2026-02-25 16:16:35.651055,dashboard_query,Data Warehousing,155
EVT-0014-0009,CUST-0014,2026-03-26 20:52:33.380130,pipeline_execution,Analytics,182
EVT-0014-0010,CUST-0014,2026-04-25 12:32:49.318929,login,Data Engineering,492
EVT-0014-0011,CUST-0014,2026-04-08 11:25:41.131433,ai_model_run,AI Workloads,23
EVT-0014-0012,CUST-0014,2026-04-24 22:09:37.936711,login,Data Warehousing,333
EVT-0014-0013,CUST-0014,2026-03-06 03:22:01.545723,pipeline_execution,Analytics,135
EVT-0014-0014,CUST-0014,2026-02-24 18:21:22.060555,dashboard_query,Data Warehousing,162
EVT-0014-0015,CUST-0014,2026-05-04 09:47:27.805929,login,Analytics,422
EVT-0014-0016,CUST-0014,2026-02-11 23:34:25.037327,login,Data Warehousing,298
EVT-0014-0017,CUST-0014,2026-03-01 22:59:22.313678,ai_model_run,Data Engineering,207
EVT-0014-0018,CUST-0014,2026-03-18 00:03:48.775095,ai_model_run,Analytics,315
EVT-0014-0019,CUST-0014,2026-04-12 11:22:44.546021,pipeline_execution,Machine Learning,242
EVT-0014-0020,CUST-0014,2026-05-08 10:14:17.996799,pipeline_execution,Data Engineering,181
EVT-0014-0021,CUST-0014,2026-03-14 05:52:22.928039,pipeline_execution,Machine Learning,476
EVT-0014-0022,CUST-0014,2026-04-09 04:34:06.696345,data_ingestion,Machine Learning,190
EVT-0014-0023,CUST-0014,2026-03-19 05:00:09.255790,pipeline_execution,Analytics,315
EVT-0014-0024,CUST-0014,2026-03-17 07:06:05.230076,pipeline_execution,Machine Learning,234
EVT-0014-0025,CUST-0014,2026-03-02 22:50:45.781388,ai_model_run,Data Engineering,481
EVT-0014-0026,CUST-0014,2026-03-13 02:03:49.345351,login,AI Workloads,270
EVT-0014-0027,CUST-0014,2026-04-12 08:26:14.528207,pipeline_execution,Analytics,62
EVT-0014-0028,CUST-0014,2026-04-24 20:05:18.039581,ai_model_run,Data Warehousing,351
EVT-0014-0029,CUST-0014,2026-03-18 13:37:34.054706,data_ingestion,AI Workloads,294
EVT-0014-0030,CUST-0014,2026-03-28 23:01:54.232267,pipeline_execution,Analytics,30
EVT-0014-0031,CUST-0014,2026-03-28 19:55:30.176941,dashboard_query,AI Workloads,1
EVT-0014-0032,CUST-0014,2026-04-17 19:49:43.954666,login,Machine Learning,149
EVT-0014-0033,CUST-0014,2026-03-04 10:35:34.866081,data_ingestion,Machine Learning,448
EVT-0014-0034,CUST-0014,2026-05-05 04:31:28.267665,ai_model_run,Data Engineering,248
EVT-0014-0035,CUST-0014,2026-03-08 12:00:09.978391,ai_model_run,AI Workloads,402
EVT-0015-0000,CUST-0015,2026-04-05 08:12:41.900287,dashboard_query,Machine Learning,443
EVT-0015-0001,CUST-0015,2026-03-20 14:24:50.603729,dashboard_query,Machine Learning,29
EVT-0015-0002,CUST-0015,2026-04-03 16:58:11.208418,login,Data Warehousing,120
EVT-0015-0003,CUST-0015,2026-04-12 06:54:35.248482,data_ingestion,Data Warehousing,16
EVT-0015-0004,CUST-0015,2026-02-27 04:30:38.065411,pipeline_execution,Analytics,20
EVT-0015-0005,CUST-0015,2026-03-27 08:03:53.262711,login,Analytics,49
EVT-0015-0006,CUST-0015,2026-03-16 18:49:23.136554,login,Data Warehousing,48
EVT-0015-0007,CUST-0015,2026-04-03 04:28:11.044113,dashboard_query,Data Engineering,65
EVT-0015-0008,CUST-0015,2026-04-09 05:36:31.372289,ai_model_run,Data Warehousing,142
EVT-0015-0009,CUST-0015,2026-04-14 08:58:52.340941,ai_model_run,Analytics,133
EVT-0015-0010,CUST-0015,2026-04-17 10:09:43.999648,login,AI Workloads,248
EVT-0015-0011,CUST-0015,2026-04-10 16:44:13.667869,data_ingestion,Data Engineering,283
EVT-0015-0012,CUST-0015,2026-02-20 07:14:36.245638,login,AI Workloads,355
EVT-0015-0013,CUST-0015,2026-04-03 12:54:22.555147,ai_model_run,Analytics,332
EVT-0015-0014,CUST-0015,2026-02-19 14:31:38.103913,ai_model_run,Data Warehousing,330
EVT-0015-0015,CUST-0015,2026-04-24 02:08:15.180517,dashboard_query,Machine Learning,492
EVT-0015-0016,CUST-0015,2026-04-04 09:57:03.480610,pipeline_execution,Analytics,123
EVT-0015-0017,CUST-0015,2026-02-16 10:42:17.040395,data_ingestion,Data Engineering,330
EVT-0015-0018,CUST-0015,2026-04-16 20:01:10.978333,dashboard_query,Data Warehousing,388
EVT-0015-0019,CUST-0015,2026-03-16 03:29:10.659083,ai_model_run,AI Workloads,202
EVT-0015-0020,CUST-0015,2026-05-05 07:59:12.302373,login,AI Workloads,425
EVT-0015-0021,CUST-0015,2026-05-05 07:58:23.083017,ai_model_run,Machine Learning,399
EVT-0015-0022,CUST-0015,2026-05-01 18:53:00.636624,ai_model_run,Data Warehousing,345
EVT-0015-0023,CUST-0015,2026-04-19 20:03:51.241564,dashboard_query,Analytics,494
EVT-0015-0024,CUST-0015,2026-03-24 18:36:23.549735,login,Data Engineering,350
EVT-0015-0025,CUST-0015,2026-03-02 06:03:32.607150,ai_model_run,Machine Learning,79
EVT-0015-0026,CUST-0015,2026-04-17 11:01:41.407268,ai_model_run,Machine Learning,100
EVT-0015-0027,CUST-0015,2026-04-30 11:59:27.141545,login,Analytics,355
EVT-0015-0028,CUST-0015,2026-03-29 15:30:58.882356,dashboard_query,Data Warehousing,160
EVT-0015-0029,CUST-0015,2026-04-22 06:57:04.432116,login,Data Engineering,354
EVT-0015-0030,CUST-0015,2026-02-17 18:56:08.200524,data_ingestion,Analytics,238
EVT-0015-0031,CUST-0015,2026-02-22 20:31:21.515144,pipeline_execution,Analytics,132
EVT-0015-0032,CUST-0015,2026-03-20 18:32:28.324095,ai_model_run,Analytics,40
EVT-0015-0033,CUST-0015,2026-03-13 00:02:42.154566,login,Analytics,112
EVT-0016-0000,CUST-0016,2026-03-07 18:55:48.813773,ai_model_run,Data Engineering,108
EVT-0016-0001,CUST-0016,2026-05-08 15:35:37.254736,pipeline_execution,Data Warehousing,455
EVT-0016-0002,CUST-0016,2026-03-02 00:58:18.107173,login,Data Warehousing,263
EVT-0016-0003,CUST-0016,2026-02-13 11:31:18.788366,dashboard_query,Data Warehousing,229
EVT-0016-0004,CUST-0016,2026-04-18 04:49:10.286960,dashboard_query,Data Engineering,192
EVT-0016-0005,CUST-0016,2026-03-15 22:42:31.459214,data_ingestion,Data Warehousing,227
EVT-0016-0006,CUST-0016,2026-03-06 22:10:28.588983,pipeline_execution,Data Warehousing,6
EVT-0016-0007,CUST-0016,2026-03-07 11:26:00.333227,login,Machine Learning,192
EVT-0016-0008,CUST-0016,2026-03-11 07:28:39.003814,ai_model_run,Machine Learning,210
EVT-0016-0009,CUST-0016,2026-04-18 20:56:58.672814,pipeline_execution,Machine Learning,381
EVT-0016-0010,CUST-0016,2026-03-23 05:20:42.050877,login,Machine Learning,375
EVT-0016-0011,CUST-0016,2026-05-09 07:58:25.556987,pipeline_execution,Machine Learning,117
EVT-0016-0012,CUST-0016,2026-03-23 01:45:28.539436,pipeline_execution,Analytics,482
EVT-0016-0013,CUST-0016,2026-03-19 15:31:14.877951,ai_model_run,Analytics,118
EVT-0016-0014,CUST-0016,2026-02-23 23:32:32.077042,ai_model_run,AI Workloads,448
EVT-0016-0015,CUST-0016,2026-03-16 22:24:06.928954,data_ingestion,Machine Learning,157
EVT-0016-0016,CUST-0016,2026-04-09 02:12:04.073870,pipeline_execution,AI Workloads,332
EVT-0016-0017,CUST-0016,2026-02-27 04:05:57.691620,dashboard_query,Data Engineering,452
EVT-0016-0018,CUST-0016,2026-04-21 08:20:17.346861,ai_model_run,AI Workloads,135
EVT-0016-0019,CUST-0016,2026-05-05 12:33:18.733431,login,Analytics,34
EVT-0016-0020,CUST-0016,2026-03-06 22:35:04.639853,pipeline_execution,AI Workloads,373
EVT-0016-0021,CUST-0016,2026-03-19 16:23:32.776719,data_ingestion,Data Engineering,54
EVT-0016-0022,CUST-0016,2026-04-27 02:27:48.222620,pipeline_execution,AI Workloads,244
EVT-0016-0023,CUST-0016,2026-04-28 19:39:16.343257,login,Data Warehousing,476
EVT-0016-0024,CUST-0016,2026-03-16 01:00:50.655309,login,Data Engineering,11
EVT-0016-0025,CUST-0016,2026-04-05 23:08:01.128846,login,Data Warehousing,80
EVT-0016-0026,CUST-0016,2026-02-19 21:41:05.512853,ai_model_run,Analytics,493
EVT-0016-0027,CUST-0016,2026-03-02 09:30:06.978100,data_ingestion,AI Workloads,47
EVT-0016-0028,CUST-0016,2026-03-27 06:16:48.641575,login,Data Engineering,472
EVT-0016-0029,CUST-0016,2026-02-27 17:39:27.125696,pipeline_execution,Analytics,351
EVT-0016-0030,CUST-0016,2026-04-19 07:17:35.031170,ai_model_run,Data Engineering,476
EVT-0016-0031,CUST-0016,2026-04-11 11:49:53.053779,ai_model_run,Data Warehousing,187
EVT-0016-0032,CUST-0016,2026-03-24 23:19:08.243624,data_ingestion,Data Warehousing,65
EVT-0016-0033,CUST-0016,2026-02-15 00:45:04.370295,data_ingestion,Data Warehousing,141
EVT-0016-0034,CUST-0016,2026-02-17 17:40:49.044811,pipeline_execution,Data Engineering,199
EVT-0016-0035,CUST-0016,2026-04-14 10:11:45.051312,data_ingestion,Machine Learning,149
EVT-0016-0036,CUST-0016,2026-04-10 09:17:35.122055,dashboard_query,AI Workloads,201
EVT-0016-0037,CUST-0016,2026-04-20 17:41:35.570319,data_ingestion,Data Warehousing,308
EVT-0016-0038,CUST-0016,2026-03-23 17:07:39.999680,data_ingestion,Data Engineering,181
EVT-0016-0039,CUST-0016,2026-05-07 06:16:02.237649,data_ingestion,AI Workloads,232
EVT-0016-0040,CUST-0016,2026-02-16 22:59:15.194715,pipeline_execution,Analytics,319
EVT-0016-0041,CUST-0016,2026-04-08 05:24:12.723780,login,Data Engineering,171
EVT-0016-0042,CUST-0016,2026-03-25 18:46:16.797540,data_ingestion,Data Engineering,366
EVT-0016-0043,CUST-0016,2026-03-04 04:36:43.312847,ai_model_run,Data Warehousing,10
EVT-0016-0044,CUST-0016,2026-02-25 01:49:34.926330,data_ingestion,Data Warehousing,453
EVT-0016-0045,CUST-0016,2026-04-27 08:24:59.462290,pipeline_execution,Analytics,44
EVT-0016-0046,CUST-0016,2026-03-05 01:16:01.479736,data_ingestion,Data Engineering,434
EVT-0016-0047,CUST-0016,2026-03-08 11:16:07.488649,data_ingestion,Data Warehousing,367
EVT-0016-0048,CUST-0016,2026-03-12 05:18:21.844862,ai_model_run,Analytics,365
EVT-0016-0049,CUST-0016,2026-05-01 20:42:56.701711,data_ingestion,Machine Learning,151
EVT-0016-0050,CUST-0016,2026-03-22 13:57:12.383962,pipeline_execution,Data Warehousing,10
EVT-0016-0051,CUST-0016,2026-04-11 09:14:56.921244,pipeline_execution,Machine Learning,458
EVT-0016-0052,CUST-0016,2026-03-05 15:21:51.907006,data_ingestion,Data Warehousing,84
EVT-0016-0053,CUST-0016,2026-03-10 16:57:49.263319,dashboard_query,Machine Learning,291
EVT-0016-0054,CUST-0016,2026-03-27 10:30:19.254209,ai_model_run,Data Engineering,160
EVT-0016-0055,CUST-0016,2026-02-16 14:21:24.731950,ai_model_run,Analytics,169
EVT-0016-0056,CUST-0016,2026-04-19 21:11:19.666916,pipeline_execution,Machine Learning,399
EVT-0016-0057,CUST-0016,2026-02-15 03:28:58.520873,pipeline_execution,Analytics,253
EVT-0016-0058,CUST-0016,2026-03-25 09:22:09.341321,pipeline_execution,Data Warehousing,379
EVT-0016-0059,CUST-0016,2026-03-16 10:52:37.354948,data_ingestion,Machine Learning,204
EVT-0016-0060,CUST-0016,2026-03-30 00:23:27.326638,ai_model_run,AI Workloads,219
EVT-0016-0061,CUST-0016,2026-03-25 23:38:14.386637,dashboard_query,Machine Learning,395
EVT-0016-0062,CUST-0016,2026-02-16 08:44:05.650710,ai_model_run,Analytics,50
EVT-0016-0063,CUST-0016,2026-04-08 04:26:46.497368,ai_model_run,Data Warehousing,110
EVT-0016-0064,CUST-0016,2026-02-25 22:48:01.722209,pipeline_execution,Analytics,380
EVT-0016-0065,CUST-0016,2026-04-27 23:43:36.145499,pipeline_execution,Data Engineering,12
EVT-0016-0066,CUST-0016,2026-05-07 04:09:26.569747,pipeline_execution,Data Engineering,400
EVT-0016-0067,CUST-0016,2026-02-21 15:13:21.623007,ai_model_run,Analytics,175
EVT-0016-0068,CUST-0016,2026-04-05 04:15:22.914800,data_ingestion,Data Engineering,471
EVT-0016-0069,CUST-0016,2026-04-15 03:44:24.975239,login,Data Warehousing,99
EVT-0016-0070,CUST-0016,2026-02-20 21:47:28.040784,ai_model_run,Data Warehousing,487
EVT-0016-0071,CUST-0016,2026-03-22 20:58:31.334428,pipeline_execution,Machine Learning,121
EVT-0016-0072,CUST-0016,2026-04-30 12:36:22.973062,dashboard_query,AI Workloads,235
EVT-0016-0073,CUST-0016,2026-03-26 07:41:47.414011,data_ingestion,Machine Learning,377
EVT-0016-0074,CUST-0016,2026-02-28 00:37:46.463709,ai_model_run,Data Warehousing,68
EVT-0016-0075,CUST-0016,2026-04-01 06:10:23.884886,pipeline_execution,Data Warehousing,467
EVT-0016-0076,CUST-0016,2026-05-09 21:34:37.613048,data_ingestion,Analytics,167
EVT-0016-0077,CUST-0016,2026-03-29 08:17:48.113032,ai_model_run,Data Engineering,227
EVT-0016-0078,CUST-0016,2026-03-13 03:39:26.246065,login,Machine Learning,445
EVT-0016-0079,CUST-0016,2026-04-23 16:53:43.088646,login,Analytics,177
EVT-0017-0000,CUST-0017,2026-02-24 18:30:37.342217,dashboard_query,Machine Learning,193
EVT-0017-0001,CUST-0017,2026-02-13 05:58:34.221458,ai_model_run,Data Warehousing,276
EVT-0017-0002,CUST-0017,2026-04-12 09:04:45.156659,data_ingestion,Machine Learning,248
EVT-0017-0003,CUST-0017,2026-05-01 07:30:06.313411,login,Data Engineering,239
EVT-0017-0004,CUST-0017,2026-04-23 17:12:27.287001,dashboard_query,Data Warehousing,107
EVT-0017-0005,CUST-0017,2026-05-09 16:13:23.142993,dashboard_query,Data Engineering,281
EVT-0017-0006,CUST-0017,2026-02-16 08:31:50.017694,pipeline_execution,Machine Learning,260
EVT-0017-0007,CUST-0017,2026-02-24 10:44:50.432466,dashboard_query,Data Warehousing,193
EVT-0017-0008,CUST-0017,2026-02-18 19:10:24.069995,data_ingestion,Analytics,410
EVT-0017-0009,CUST-0017,2026-03-02 15:37:40.683886,pipeline_execution,Analytics,91
EVT-0017-0010,CUST-0017,2026-02-25 17:57:13.430243,login,Machine Learning,486
EVT-0017-0011,CUST-0017,2026-02-26 11:56:15.248760,data_ingestion,Analytics,307
EVT-0017-0012,CUST-0017,2026-04-18 13:26:24.637469,data_ingestion,Data Warehousing,278
EVT-0017-0013,CUST-0017,2026-04-22 10:23:49.011783,pipeline_execution,Data Warehousing,320
EVT-0017-0014,CUST-0017,2026-03-01 19:37:28.582559,dashboard_query,Data Engineering,172
EVT-0017-0015,CUST-0017,2026-04-30 00:35:07.109084,pipeline_execution,Data Warehousing,218
EVT-0017-0016,CUST-0017,2026-02-25 23:04:26.124035,login,AI Workloads,184
EVT-0017-0017,CUST-0017,2026-03-31 01:53:16.794269,pipeline_execution,Data Warehousing,191
EVT-0017-0018,CUST-0017,2026-05-01 06:24:00.983577,login,AI Workloads,301
EVT-0017-0019,CUST-0017,2026-03-31 16:53:54.600261,data_ingestion,Data Warehousing,400
EVT-0017-0020,CUST-0017,2026-04-02 03:16:45.877779,pipeline_execution,Analytics,298
EVT-0017-0021,CUST-0017,2026-04-29 12:06:14.487238,pipeline_execution,Machine Learning,194
EVT-0017-0022,CUST-0017,2026-03-09 02:16:44.655990,ai_model_run,AI Workloads,294
EVT-0017-0023,CUST-0017,2026-04-23 14:52:57.438350,login,AI Workloads,364
EVT-0017-0024,CUST-0017,2026-04-08 03:47:18.581448,ai_model_run,Analytics,242
EVT-0017-0025,CUST-0017,2026-04-02 03:26:11.971188,login,Data Engineering,350
EVT-0017-0026,CUST-0017,2026-02-22 00:34:10.977849,pipeline_execution,Analytics,458
EVT-0017-0027,CUST-0017,2026-04-27 20:51:07.053970,data_ingestion,AI Workloads,237
EVT-0017-0028,CUST-0017,2026-04-25 17:54:35.272501,ai_model_run,Analytics,88
EVT-0017-0029,CUST-0017,2026-03-01 22:22:32.793563,data_ingestion,Data Warehousing,260
EVT-0017-0030,CUST-0017,2026-03-13 23:09:55.984022,pipeline_execution,Data Warehousing,65
EVT-0017-0031,CUST-0017,2026-03-09 19:03:58.669786,data_ingestion,Machine Learning,294
EVT-0017-0032,CUST-0017,2026-03-29 19:37:02.816170,data_ingestion,AI Workloads,14
EVT-0017-0033,CUST-0017,2026-04-20 22:18:35.244978,ai_model_run,AI Workloads,387
EVT-0017-0034,CUST-0017,2026-04-13 22:33:49.779639,login,AI Workloads,253
EVT-0017-0035,CUST-0017,2026-04-15 05:59:28.655763,dashboard_query,Data Warehousing,62
EVT-0017-0036,CUST-0017,2026-03-11 15:32:51.686394,ai_model_run,Machine Learning,339
EVT-0017-0037,CUST-0017,2026-03-28 06:16:13.746882,dashboard_query,Analytics,482
EVT-0017-0038,CUST-0017,2026-03-06 08:44:10.095803,data_ingestion,AI Workloads,364
EVT-0017-0039,CUST-0017,2026-04-30 02:41:27.189445,ai_model_run,Machine Learning,183
EVT-0017-0040,CUST-0017,2026-02-25 00:34:11.899182,ai_model_run,Analytics,409
EVT-0017-0041,CUST-0017,2026-04-24 12:38:04.444554,ai_model_run,AI Workloads,61
EVT-0017-0042,CUST-0017,2026-04-22 09:00:06.850285,dashboard_query,AI Workloads,378
EVT-0017-0043,CUST-0017,2026-05-01 00:18:22.976628,dashboard_query,AI Workloads,246
EVT-0017-0044,CUST-0017,2026-02-25 03:51:46.350823,dashboard_query,Data Engineering,439
EVT-0017-0045,CUST-0017,2026-03-13 10:58:37.042340,pipeline_execution,Analytics,263
EVT-0017-0046,CUST-0017,2026-03-11 03:25:56.665229,pipeline_execution,Data Warehousing,469
EVT-0017-0047,CUST-0017,2026-03-05 11:22:17.269452,data_ingestion,Machine Learning,140
EVT-0017-0048,CUST-0017,2026-03-03 01:27:48.393600,ai_model_run,Machine Learning,29
EVT-0017-0049,CUST-0017,2026-03-22 02:48:43.584311,ai_model_run,Data Warehousing,167
EVT-0017-0050,CUST-0017,2026-02-12 21:51:28.616525,data_ingestion,Data Warehousing,320
EVT-0017-0051,CUST-0017,2026-03-28 15:34:26.533742,data_ingestion,Data Warehousing,99
EVT-0017-0052,CUST-0017,2026-03-06 22:11:40.833165,dashboard_query,Analytics,322
EVT-0017-0053,CUST-0017,2026-04-05 02:05:44.317850,login,Analytics,334
EVT-0017-0054,CUST-0017,2026-04-26 18:00:24.279575,pipeline_execution,Machine Learning,309
EVT-0017-0055,CUST-0017,2026-02-10 21:40:16.712491,pipeline_execution,AI Workloads,500
EVT-0017-0056,CUST-0017,2026-05-03 11:41:42.550615,login,Data Warehousing,334
EVT-0017-0057,CUST-0017,2026-04-11 04:06:43.718622,ai_model_run,Data Engineering,347
EVT-0017-0058,CUST-0017,2026-04-15 01:28:35.181584,login,Machine Learning,184
EVT-0017-0059,CUST-0017,2026-04-15 21:16:32.168903,ai_model_run,Analytics,152
EVT-0017-0060,CUST-0017,2026-03-01 03:19:13.437602,pipeline_execution,Data Warehousing,93
EVT-0017-0061,CUST-0017,2026-04-06 17:58:26.914171,data_ingestion,Data Warehousing,316
EVT-0017-0062,CUST-0017,2026-02-11 19:59:25.863505,data_ingestion,Data Engineering,403
EVT-0017-0063,CUST-0017,2026-04-06 04:27:55.157283,pipeline_execution,Data Engineering,339
EVT-0017-0064,CUST-0017,2026-02-11 00:40:48.827813,data_ingestion,AI Workloads,26
EVT-0017-0065,CUST-0017,2026-05-11 09:24:20.033502,login,AI Workloads,466
EVT-0017-0066,CUST-0017,2026-05-09 11:08:59.328896,login,Machine Learning,460
EVT-0017-0067,CUST-0017,2026-04-30 17:39:12.803717,ai_model_run,Data Warehousing,457
EVT-0017-0068,CUST-0017,2026-05-09 17:11:13.397887,login,Machine Learning,152
EVT-0017-0069,CUST-0017,2026-03-05 15:46:28.646197,pipeline_execution,AI Workloads,322
EVT-0017-0070,CUST-0017,2026-05-06 07:23:14.238626,dashboard_query,Data Engineering,244
EVT-0017-0071,CUST-0017,2026-03-23 23:05:02.251513,ai_model_run,Machine Learning,15
EVT-0017-0072,CUST-0017,2026-05-10 05:16:03.004019,login,Data Engineering,274
EVT-0017-0073,CUST-0017,2026-03-28 03:57:13.183035,pipeline_execution,Machine Learning,236
EVT-0017-0074,CUST-0017,2026-04-08 11:11:48.800918,dashboard_query,Data Engineering,300
EVT-0018-0000,CUST-0018,2026-04-26 15:02:18.865564,login,Machine Learning,157
EVT-0018-0001,CUST-0018,2026-03-10 04:58:15.161619,ai_model_run,Machine Learning,498
EVT-0018-0002,CUST-0018,2026-02-13 02:35:10.980560,login,Data Engineering,179
EVT-0018-0003,CUST-0018,2026-05-07 21:58:49.124269,dashboard_query,Data Engineering,216
EVT-0018-0004,CUST-0018,2026-03-12 02:34:55.731073,dashboard_query,Analytics,312
EVT-0018-0005,CUST-0018,2026-03-19 23:57:42.404747,pipeline_execution,Machine Learning,447
EVT-0018-0006,CUST-0018,2026-03-04 19:45:29.468763,data_ingestion,Machine Learning,162
EVT-0018-0007,CUST-0018,2026-02-24 14:48:13.840589,data_ingestion,Machine Learning,370
EVT-0018-0008,CUST-0018,2026-02-14 21:04:03.501991,ai_model_run,Machine Learning,210
EVT-0018-0009,CUST-0018,2026-03-30 17:09:36.893292,dashboard_query,AI Workloads,182
EVT-0018-0010,CUST-0018,2026-03-23 16:51:53.818236,pipeline_execution,Machine Learning,201
EVT-0018-0011,CUST-0018,2026-05-09 20:20:44.034414,data_ingestion,Data Engineering,283
EVT-0018-0012,CUST-0018,2026-03-22 00:29:16.267477,data_ingestion,Analytics,287
EVT-0018-0013,CUST-0018,2026-04-20 18:53:08.186332,pipeline_execution,Analytics,388
EVT-0018-0014,CUST-0018,2026-05-03 08:48:29.698087,login,Data Warehousing,397
EVT-0018-0015,CUST-0018,2026-04-18 07:09:34.384097,pipeline_execution,Analytics,267
EVT-0018-0016,CUST-0018,2026-03-01 22:32:49.832974,data_ingestion,Machine Learning,122
EVT-0018-0017,CUST-0018,2026-03-21 15:20:05.200035,data_ingestion,Data Engineering,232
EVT-0018-0018,CUST-0018,2026-03-15 07:43:00.724957,login,Machine Learning,383
EVT-0018-0019,CUST-0018,2026-02-16 15:55:36.499296,dashboard_query,Data Engineering,379
EVT-0018-0020,CUST-0018,2026-05-03 12:38:09.599096,login,Machine Learning,455
EVT-0018-0021,CUST-0018,2026-04-11 07:48:53.596995,login,Analytics,346
EVT-0019-0000,CUST-0019,2026-02-18 19:57:00.426999,pipeline_execution,Machine Learning,415
EVT-0019-0001,CUST-0019,2026-03-23 06:46:13.522722,data_ingestion,Data Engineering,322
EVT-0019-0002,CUST-0019,2026-03-25 01:52:27.071759,pipeline_execution,AI Workloads,7
EVT-0019-0003,CUST-0019,2026-03-17 14:17:33.037694,data_ingestion,Machine Learning,441
EVT-0019-0004,CUST-0019,2026-05-03 10:36:51.121598,login,Data Engineering,152
EVT-0019-0005,CUST-0019,2026-03-13 05:28:34.886242,login,Data Warehousing,204
EVT-0019-0006,CUST-0019,2026-02-19 04:32:42.655826,login,Analytics,447
EVT-0019-0007,CUST-0019,2026-04-28 07:23:08.669422,pipeline_execution,Data Warehousing,343
EVT-0019-0008,CUST-0019,2026-03-21 20:59:19.169931,ai_model_run,Machine Learning,154
EVT-0019-0009,CUST-0019,2026-02-24 02:29:57.981691,data_ingestion,Analytics,154
EVT-0019-0010,CUST-0019,2026-02-19 23:12:41.499525,ai_model_run,Data Warehousing,243
EVT-0019-0011,CUST-0019,2026-04-12 23:14:57.004096,ai_model_run,AI Workloads,58
EVT-0019-0012,CUST-0019,2026-04-24 02:33:39.099711,dashboard_query,Machine Learning,195
EVT-0019-0013,CUST-0019,2026-05-03 16:27:53.831652,data_ingestion,Data Engineering,11
EVT-0019-0014,CUST-0019,2026-02-25 05:21:13.339311,ai_model_run,AI Workloads,198
EVT-0019-0015,CUST-0019,2026-04-19 23:09:42.299797,dashboard_query,Analytics,221
EVT-0019-0016,CUST-0019,2026-04-02 19:15:07.138030,dashboard_query,Data Warehousing,429
EVT-0019-0017,CUST-0019,2026-03-07 03:34:43.997290,ai_model_run,Data Warehousing,380
EVT-0019-0018,CUST-0019,2026-05-03 18:54:31.967986,login,Analytics,28
EVT-0019-0019,CUST-0019,2026-05-05 00:15:25.289148,login,AI Workloads,26
EVT-0019-0020,CUST-0019,2026-03-23 15:24:22.688934,dashboard_query,AI Workloads,243
EVT-0019-0021,CUST-0019,2026-04-26 11:33:45.268584,login,Analytics,454
EVT-0019-0022,CUST-0019,2026-02-17 03:02:57.455638,data_ingestion,Data Warehousing,315
EVT-0019-0023,CUST-0019,2026-03-29 17:44:38.460502,login,Analytics,348
EVT-0019-0024,CUST-0019,2026-05-03 14:54:00.043464,dashboard_query,Analytics,183
EVT-0019-0025,CUST-0019,2026-05-07 22:02:34.628927,dashboard_query,Data Warehousing,186
EVT-0019-0026,CUST-0019,2026-04-29 05:40:00.666767,data_ingestion,Data Engineering,385
EVT-0019-0027,CUST-0019,2026-03-12 23:53:39.333040,data_ingestion,AI Workloads,171
EVT-0019-0028,CUST-0019,2026-03-18 08:24:16.559146,ai_model_run,Machine Learning,483
EVT-0019-0029,CUST-0019,2026-05-08 18:18:35.549345,login,Analytics,423
EVT-0019-0030,CUST-0019,2026-03-14 12:42:00.166901,ai_model_run,Data Warehousing,240
EVT-0019-0031,CUST-0019,2026-05-09 10:11:39.862967,ai_model_run,Analytics,426
EVT-0019-0032,CUST-0019,2026-04-19 03:21:25.538821,login,Data Warehousing,214
EVT-0019-0033,CUST-0019,2026-03-09 15:02:14.503815,login,Machine Learning,354
EVT-0019-0034,CUST-0019,2026-03-27 17:35:42.854456,login,Analytics,53
EVT-0019-0035,CUST-0019,2026-05-11 03:31:14.700530,data_ingestion,Analytics,449
EVT-0019-0036,CUST-0019,2026-02-16 08:17:43.637816,pipeline_execution,AI Workloads,23
EVT-0019-0037,CUST-0019,2026-03-12 02:13:44.717839,login,Data Warehousing,100
EVT-0019-0038,CUST-0019,2026-03-29 21:30:31.028699,login,AI Workloads,118
EVT-0019-0039,CUST-0019,2026-05-08 05:49:11.089049,dashboard_query,Data Engineering,128
EVT-0019-0040,CUST-0019,2026-04-18 00:45:46.735186,pipeline_execution,Data Engineering,16
EVT-0019-0041,CUST-0019,2026-05-11 14:02:19.238483,data_ingestion,Data Warehousing,391
EVT-0019-0042,CUST-0019,2026-03-02 11:27:17.921695,data_ingestion,Machine Learning,201
EVT-0019-0043,CUST-0019,2026-03-21 13:59:52.150015,pipeline_execution,Data Warehousing,186
EVT-0019-0044,CUST-0019,2026-04-27 21:02:34.588717,login,Data Engineering,265
EVT-0019-0045,CUST-0019,2026-04-24 23:41:41.219576,dashboard_query,Machine Learning,252
EVT-0019-0046,CUST-0019,2026-04-15 05:21:51.638121,pipeline_execution,Machine Learning,242
EVT-0019-0047,CUST-0019,2026-04-08 20:39:09.320150,data_ingestion,AI Workloads,210
EVT-0019-0048,CUST-0019,2026-02-19 04:50:38.793698,pipeline_execution,Data Warehousing,264
EVT-0019-0049,CUST-0019,2026-02-19 13:41:35.135074,data_ingestion,AI Workloads,166
EVT-0019-0050,CUST-0019,2026-04-18 13:51:10.111103,dashboard_query,AI Workloads,306
EVT-0019-0051,CUST-0019,2026-03-26 05:44:51.694223,dashboard_query,Analytics,181
EVT-0020-0000,CUST-0020,2026-04-20 12:57:43.466981,ai_model_run,Machine Learning,443
EVT-0020-0001,CUST-0020,2026-04-19 02:28:53.304214,ai_model_run,Machine Learning,418
EVT-0020-0002,CUST-0020,2026-04-04 15:53:50.577058,ai_model_run,Data Warehousing,248
EVT-0020-0003,CUST-0020,2026-03-26 08:40:10.149117,data_ingestion,Data Engineering,444
EVT-0020-0004,CUST-0020,2026-02-12 05:19:47.864883,data_ingestion,Machine Learning,400
EVT-0020-0005,CUST-0020,2026-03-09 16:34:17.507539,dashboard_query,Data Engineering,78
EVT-0020-0006,CUST-0020,2026-03-02 10:42:41.920352,ai_model_run,Analytics,151
EVT-0020-0007,CUST-0020,2026-05-03 08:38:21.885082,pipeline_execution,Analytics,218
EVT-0020-0008,CUST-0020,2026-03-19 02:10:54.805982,ai_model_run,Data Warehousing,94
EVT-0020-0009,CUST-0020,2026-03-01 04:42:10.766773,data_ingestion,Analytics,370
EVT-0020-0010,CUST-0020,2026-04-14 00:51:02.676626,data_ingestion,AI Workloads,291
EVT-0020-0011,CUST-0020,2026-03-01 15:20:32.655902,data_ingestion,Data Engineering,478
EVT-0020-0012,CUST-0020,2026-03-04 16:10:41.564948,pipeline_execution,Data Engineering,323
EVT-0020-0013,CUST-0020,2026-04-18 17:20:05.147938,ai_model_run,AI Workloads,98
EVT-0020-0014,CUST-0020,2026-03-07 20:50:05.720021,data_ingestion,Data Warehousing,137
EVT-0020-0015,CUST-0020,2026-05-01 20:29:41.853798,login,Data Warehousing,242
EVT-0020-0016,CUST-0020,2026-02-27 15:13:51.541607,pipeline_execution,Machine Learning,336
EVT-0020-0017,CUST-0020,2026-03-31 01:19:36.120187,ai_model_run,Data Engineering,492
EVT-0020-0018,CUST-0020,2026-03-25 00:41:03.645228,pipeline_execution,Analytics,130
EVT-0020-0019,CUST-0020,2026-04-07 16:48:27.425656,dashboard_query,Data Engineering,41
EVT-0020-0020,CUST-0020,2026-03-05 03:07:33.037981,data_ingestion,Machine Learning,137
EVT-0020-0021,CUST-0020,2026-04-14 14:03:56.807396,pipeline_execution,Data Engineering,31
EVT-0020-0022,CUST-0020,2026-02-15 02:40:45.881569,data_ingestion,Analytics,333
EVT-0020-0023,CUST-0020,2026-02-24 21:49:43.712694,data_ingestion,Analytics,104
EVT-0020-0024,CUST-0020,2026-03-31 05:32:48.657056,data_ingestion,Data Engineering,14
EVT-0020-0025,CUST-0020,2026-04-18 12:49:51.003780,pipeline_execution,Analytics,259
EVT-0020-0026,CUST-0020,2026-04-30 22:13:19.089329,dashboard_query,Machine Learning,463
EVT-0020-0027,CUST-0020,2026-04-25 22:03:05.933284,ai_model_run,Data Warehousing,283
EVT-0020-0028,CUST-0020,2026-03-31 17:47:02.915076,login,AI Workloads,17
EVT-0021-0000,CUST-0021,2026-02-10 23:59:22.989932,pipeline_execution,Analytics,480
EVT-0021-0001,CUST-0021,2026-02-27 17:28:42.356943,login,Data Warehousing,349
EVT-0021-0002,CUST-0021,2026-04-20 23:47:49.195537,ai_model_run,AI Workloads,52
EVT-0021-0003,CUST-0021,2026-02-11 00:57:11.958757,pipeline_execution,AI Workloads,412
EVT-0021-0004,CUST-0021,2026-03-15 14:50:36.228215,login,Data Warehousing,337
EVT-0021-0005,CUST-0021,2026-04-06 16:34:02.827017,pipeline_execution,AI Workloads,384
EVT-0021-0006,CUST-0021,2026-04-20 00:50:56.297196,login,Analytics,211
EVT-0021-0007,CUST-0021,2026-05-08 10:57:18.167460,ai_model_run,Data Warehousing,191
EVT-0021-0008,CUST-0021,2026-04-18 07:16:03.446619,ai_model_run,Machine Learning,312
EVT-0021-0009,CUST-0021,2026-04-19 23:03:34.029293,pipeline_execution,Data Warehousing,217
EVT-0021-0010,CUST-0021,2026-04-02 20:12:40.590492,login,Machine Learning,227
EVT-0021-0011,CUST-0021,2026-04-18 14:30:56.174129,pipeline_execution,Data Engineering,360
EVT-0021-0012,CUST-0021,2026-03-04 07:26:27.837965,dashboard_query,Data Engineering,296
EVT-0021-0013,CUST-0021,2026-04-19 07:18:54.040184,login,Data Warehousing,61
EVT-0021-0014,CUST-0021,2026-04-20 16:32:35.359092,ai_model_run,Machine Learning,349
EVT-0021-0015,CUST-0021,2026-04-29 11:38:20.137375,data_ingestion,Data Engineering,334
EVT-0021-0016,CUST-0021,2026-04-12 05:03:05.155935,ai_model_run,Data Engineering,487
EVT-0021-0017,CUST-0021,2026-05-02 11:51:52.977819,login,Data Warehousing,385
EVT-0021-0018,CUST-0021,2026-03-16 23:58:09.109734,pipeline_execution,Data Warehousing,496
EVT-0021-0019,CUST-0021,2026-04-20 20:21:20.391469,ai_model_run,Machine Learning,387
EVT-0021-0020,CUST-0021,2026-02-14 01:22:35.202382,pipeline_execution,AI Workloads,147
EVT-0021-0021,CUST-0021,2026-05-10 20:07:01.401611,login,Analytics,15
EVT-0021-0022,CUST-0021,2026-04-30 14:51:25.868148,login,Machine Learning,483
EVT-0021-0023,CUST-0021,2026-02-27 03:24:47.211792,data_ingestion,Data Warehousing,456
EVT-0021-0024,CUST-0021,2026-04-27 01:23:25.647523,pipeline_execution,Machine Learning,300
EVT-0021-0025,CUST-0021,2026-04-29 12:04:22.609487,data_ingestion,Data Engineering,102
EVT-0021-0026,CUST-0021,2026-04-12 22:49:01.393858,login,Data Warehousing,148
EVT-0021-0027,CUST-0021,2026-03-25 02:44:39.314214,login,Machine Learning,171
EVT-0021-0028,CUST-0021,2026-02-24 22:28:00.007046,data_ingestion,Data Engineering,165
EVT-0021-0029,CUST-0021,2026-02-21 06:01:35.193771,pipeline_execution,Data Engineering,26
EVT-0021-0030,CUST-0021,2026-04-21 18:56:27.809135,data_ingestion,Machine Learning,180
EVT-0021-0031,CUST-0021,2026-03-24 00:50:53.024804,pipeline_execution,Data Engineering,391
EVT-0021-0032,CUST-0021,2026-04-17 17:13:20.881088,data_ingestion,Data Warehousing,385
EVT-0021-0033,CUST-0021,2026-04-05 08:41:36.223860,login,AI Workloads,354
EVT-0021-0034,CUST-0021,2026-03-31 14:25:11.431021,data_ingestion,Data Engineering,351
EVT-0021-0035,CUST-0021,2026-02-25 13:09:41.072978,data_ingestion,AI Workloads,482
EVT-0021-0036,CUST-0021,2026-04-26 05:42:23.728560,pipeline_execution,Machine Learning,264
EVT-0021-0037,CUST-0021,2026-04-07 07:29:24.855049,ai_model_run,AI Workloads,350
EVT-0021-0038,CUST-0021,2026-04-11 14:47:17.982369,login,Analytics,180
EVT-0021-0039,CUST-0021,2026-04-22 07:20:35.324980,login,Data Engineering,124
EVT-0021-0040,CUST-0021,2026-04-10 17:58:47.363294,login,Machine Learning,67
EVT-0021-0041,CUST-0021,2026-03-31 19:45:15.981153,data_ingestion,Data Warehousing,140
EVT-0021-0042,CUST-0021,2026-05-02 06:42:15.451808,login,Data Engineering,422
EVT-0021-0043,CUST-0021,2026-02-18 17:23:41.462140,dashboard_query,Machine Learning,146
EVT-0021-0044,CUST-0021,2026-03-16 09:41:46.363612,data_ingestion,Analytics,194
EVT-0021-0045,CUST-0021,2026-03-26 00:02:57.797949,dashboard_query,AI Workloads,246
EVT-0021-0046,CUST-0021,2026-03-31 07:12:49.060996,dashboard_query,Machine Learning,46
EVT-0021-0047,CUST-0021,2026-04-29 04:10:59.664612,data_ingestion,Machine Learning,94
EVT-0021-0048,CUST-0021,2026-04-22 23:36:52.910426,dashboard_query,AI Workloads,373
EVT-0021-0049,CUST-0021,2026-05-06 05:19:38.865251,pipeline_execution,Analytics,349
EVT-0021-0050,CUST-0021,2026-02-27 09:07:57.716829,dashboard_query,Data Warehousing,400
EVT-0021-0051,CUST-0021,2026-03-17 02:20:58.145679,login,Data Engineering,309
EVT-0021-0052,CUST-0021,2026-04-15 02:52:33.932642,ai_model_run,Analytics,227
EVT-0021-0053,CUST-0021,2026-04-08 05:43:29.736240,data_ingestion,Data Warehousing,478
EVT-0021-0054,CUST-0021,2026-05-08 16:28:06.282459,login,Machine Learning,250
EVT-0021-0055,CUST-0021,2026-03-24 17:08:22.139701,dashboard_query,Data Warehousing,139
EVT-0021-0056,CUST-0021,2026-02-21 04:52:59.797512,dashboard_query,Machine Learning,151
EVT-0021-0057,CUST-0021,2026-03-31 13:34:36.719043,dashboard_query,Data Warehousing,275
EVT-0021-0058,CUST-0021,2026-03-13 08:05:28.991847,dashboard_query,Data Engineering,403
EVT-0021-0059,CUST-0021,2026-04-20 16:41:21.800914,pipeline_execution,Data Warehousing,307
EVT-0021-0060,CUST-0021,2026-04-08 03:31:10.913253,login,Analytics,479
EVT-0021-0061,CUST-0021,2026-03-04 01:15:02.072833,ai_model_run,Data Warehousing,142
EVT-0021-0062,CUST-0021,2026-04-07 12:12:06.934906,login,Analytics,458
EVT-0021-0063,CUST-0021,2026-04-24 17:56:48.305207,dashboard_query,Data Warehousing,492
EVT-0021-0064,CUST-0021,2026-05-06 09:33:55.106746,pipeline_execution,Analytics,496
EVT-0021-0065,CUST-0021,2026-04-28 03:03:18.431433,ai_model_run,Data Warehousing,286
EVT-0021-0066,CUST-0021,2026-04-17 19:56:32.804860,login,Analytics,434
EVT-0021-0067,CUST-0021,2026-03-25 05:18:44.084655,data_ingestion,Analytics,38
EVT-0021-0068,CUST-0021,2026-02-28 14:48:00.640331,dashboard_query,Analytics,55
EVT-0021-0069,CUST-0021,2026-04-18 12:22:22.800044,pipeline_execution,Data Engineering,204
EVT-0021-0070,CUST-0021,2026-03-14 02:10:52.120381,pipeline_execution,AI Workloads,460
EVT-0021-0071,CUST-0021,2026-04-02 21:26:18.594208,ai_model_run,Machine Learning,26
EVT-0021-0072,CUST-0021,2026-02-28 21:29:30.958924,ai_model_run,Analytics,19
EVT-0021-0073,CUST-0021,2026-02-21 19:06:09.199484,pipeline_execution,Data Engineering,162
EVT-0021-0074,CUST-0021,2026-04-01 23:57:39.301940,ai_model_run,Data Warehousing,238
EVT-0021-0075,CUST-0021,2026-03-09 20:51:03.462477,data_ingestion,Data Engineering,170
EVT-0021-0076,CUST-0021,2026-04-27 15:13:21.125040,ai_model_run,Analytics,109
EVT-0021-0077,CUST-0021,2026-04-21 15:24:53.139685,data_ingestion,AI Workloads,177
EVT-0021-0078,CUST-0021,2026-02-28 12:12:39.057324,data_ingestion,Data Warehousing,152
EVT-0021-0079,CUST-0021,2026-02-18 15:43:57.644296,dashboard_query,AI Workloads,407
EVT-0021-0080,CUST-0021,2026-04-17 09:10:37.305496,ai_model_run,Analytics,141
EVT-0021-0081,CUST-0021,2026-03-03 10:52:48.332389,dashboard_query,Analytics,287
EVT-0021-0082,CUST-0021,2026-02-26 02:57:03.483018,login,Analytics,41
EVT-0021-0083,CUST-0021,2026-03-24 21:45:53.438210,dashboard_query,Data Warehousing,499
EVT-0021-0084,CUST-0021,2026-04-18 23:09:44.592295,data_ingestion,Analytics,282
EVT-0021-0085,CUST-0021,2026-03-17 14:29:45.487134,login,Data Warehousing,305
EVT-0021-0086,CUST-0021,2026-02-11 23:06:01.839912,pipeline_execution,Machine Learning,306
EVT-0021-0087,CUST-0021,2026-04-23 23:19:59.098884,login,Machine Learning,82
EVT-0021-0088,CUST-0021,2026-04-14 20:55:38.292350,ai_model_run,Data Engineering,495
EVT-0021-0089,CUST-0021,2026-03-19 17:04:09.096561,dashboard_query,Analytics,430
EVT-0022-0000,CUST-0022,2026-04-17 20:14:19.040901,login,Machine Learning,310
EVT-0022-0001,CUST-0022,2026-02-20 14:33:18.378340,data_ingestion,Data Warehousing,78
EVT-0022-0002,CUST-0022,2026-02-14 23:45:33.453616,dashboard_query,Data Warehousing,481
EVT-0022-0003,CUST-0022,2026-04-09 16:52:22.706242,login,Data Warehousing,172
EVT-0022-0004,CUST-0022,2026-03-25 18:10:41.778439,dashboard_query,AI Workloads,131
EVT-0022-0005,CUST-0022,2026-04-10 05:59:13.571307,data_ingestion,Data Engineering,401
EVT-0022-0006,CUST-0022,2026-03-07 10:47:53.050306,data_ingestion,AI Workloads,412
EVT-0022-0007,CUST-0022,2026-03-01 03:45:28.023072,pipeline_execution,Analytics,358
EVT-0022-0008,CUST-0022,2026-03-20 19:22:19.962942,pipeline_execution,AI Workloads,408
EVT-0022-0009,CUST-0022,2026-05-10 13:04:01.668947,dashboard_query,AI Workloads,214
EVT-0022-0010,CUST-0022,2026-03-01 13:04:06.409526,dashboard_query,Data Warehousing,443
EVT-0022-0011,CUST-0022,2026-04-28 15:06:21.123129,ai_model_run,Machine Learning,147
EVT-0022-0012,CUST-0022,2026-03-11 00:07:10.426636,pipeline_execution,Analytics,183
EVT-0022-0013,CUST-0022,2026-04-02 18:10:25.990117,ai_model_run,AI Workloads,199
EVT-0022-0014,CUST-0022,2026-03-30 10:04:06.119913,pipeline_execution,AI Workloads,463
EVT-0022-0015,CUST-0022,2026-02-24 10:29:19.458530,ai_model_run,Data Engineering,424
EVT-0022-0016,CUST-0022,2026-03-31 03:47:07.991664,data_ingestion,Analytics,275
EVT-0022-0017,CUST-0022,2026-05-10 03:45:49.260923,data_ingestion,Data Engineering,251
EVT-0022-0018,CUST-0022,2026-03-05 21:48:25.027943,dashboard_query,Analytics,214
EVT-0022-0019,CUST-0022,2026-03-07 12:28:19.832247,data_ingestion,Data Engineering,401
EVT-0022-0020,CUST-0022,2026-04-16 19:15:41.920922,ai_model_run,AI Workloads,384
EVT-0022-0021,CUST-0022,2026-03-03 20:00:02.988597,dashboard_query,Data Warehousing,297
EVT-0022-0022,CUST-0022,2026-02-14 00:43:54.699005,ai_model_run,Analytics,425
EVT-0022-0023,CUST-0022,2026-04-03 20:14:02.053921,pipeline_execution,AI Workloads,78
EVT-0022-0024,CUST-0022,2026-02-18 02:03:30.522102,login,AI Workloads,29
EVT-0022-0025,CUST-0022,2026-03-05 19:09:17.914862,pipeline_execution,Data Engineering,435
EVT-0022-0026,CUST-0022,2026-04-19 06:12:30.204959,data_ingestion,Data Warehousing,483
EVT-0022-0027,CUST-0022,2026-04-30 00:31:32.299913,pipeline_execution,AI Workloads,305
EVT-0022-0028,CUST-0022,2026-02-16 18:32:40.489072,login,Data Engineering,306
EVT-0022-0029,CUST-0022,2026-03-17 00:21:57.146988,login,Data Warehousing,364
EVT-0022-0030,CUST-0022,2026-04-02 05:51:28.445865,login,Data Warehousing,250
EVT-0022-0031,CUST-0022,2026-02-18 22:38:01.039356,data_ingestion,Data Engineering,290
EVT-0022-0032,CUST-0022,2026-03-02 13:48:03.519231,login,Data Engineering,139
EVT-0022-0033,CUST-0022,2026-04-24 05:16:28.466368,dashboard_query,Analytics,377
EVT-0022-0034,CUST-0022,2026-04-13 12:18:54.166293,data_ingestion,Data Engineering,127
EVT-0022-0035,CUST-0022,2026-03-03 14:19:58.038941,dashboard_query,Data Warehousing,83
EVT-0022-0036,CUST-0022,2026-03-11 06:31:13.936713,ai_model_run,Data Warehousing,141
EVT-0022-0037,CUST-0022,2026-02-12 00:30:45.738421,data_ingestion,Analytics,141
EVT-0022-0038,CUST-0022,2026-05-10 14:23:15.624552,login,Machine Learning,346
EVT-0022-0039,CUST-0022,2026-04-12 05:20:59.951421,login,Analytics,98
EVT-0022-0040,CUST-0022,2026-05-03 11:23:41.057719,login,Data Engineering,497
EVT-0023-0000,CUST-0023,2026-04-15 03:26:01.870515,dashboard_query,Data Engineering,79
EVT-0023-0001,CUST-0023,2026-04-13 17:34:55.168206,ai_model_run,Machine Learning,198
EVT-0023-0002,CUST-0023,2026-04-01 03:37:20.336552,pipeline_execution,Machine Learning,344
EVT-0023-0003,CUST-0023,2026-03-23 13:24:12.785038,ai_model_run,Analytics,381
EVT-0023-0004,CUST-0023,2026-04-25 21:44:18.923024,ai_model_run,Data Warehousing,266
EVT-0023-0005,CUST-0023,2026-05-05 00:09:10.236760,data_ingestion,Data Warehousing,216
EVT-0023-0006,CUST-0023,2026-03-21 13:01:48.173840,data_ingestion,Machine Learning,374
EVT-0023-0007,CUST-0023,2026-02-18 23:24:37.291285,ai_model_run,Analytics,65
EVT-0023-0008,CUST-0023,2026-02-12 19:27:54.653442,ai_model_run,Data Warehousing,404
EVT-0023-0009,CUST-0023,2026-03-08 06:34:11.788445,dashboard_query,Analytics,486
EVT-0023-0010,CUST-0023,2026-04-25 03:15:15.274342,ai_model_run,Analytics,424
EVT-0023-0011,CUST-0023,2026-03-20 11:13:04.402540,pipeline_execution,Analytics,258
EVT-0023-0012,CUST-0023,2026-04-02 04:08:33.800901,data_ingestion,Data Engineering,47
EVT-0023-0013,CUST-0023,2026-03-28 05:53:27.798836,data_ingestion,AI Workloads,369
EVT-0023-0014,CUST-0023,2026-03-24 14:17:19.455049,login,Analytics,289
EVT-0023-0015,CUST-0023,2026-03-01 11:47:27.078063,data_ingestion,Machine Learning,408
EVT-0023-0016,CUST-0023,2026-03-26 14:23:45.810621,pipeline_execution,Analytics,66
EVT-0023-0017,CUST-0023,2026-03-23 21:25:17.690532,data_ingestion,Machine Learning,344
EVT-0023-0018,CUST-0023,2026-03-28 08:50:50.257363,login,Data Warehousing,117
EVT-0023-0019,CUST-0023,2026-05-04 16:09:09.032318,pipeline_execution,AI Workloads,32
EVT-0023-0020,CUST-0023,2026-04-29 16:53:19.231009,pipeline_execution,Data Warehousing,410
EVT-0023-0021,CUST-0023,2026-03-26 15:52:13.188228,login,AI Workloads,13
EVT-0023-0022,CUST-0023,2026-04-28 13:12:51.280838,login,Machine Learning,208
EVT-0023-0023,CUST-0023,2026-02-27 14:12:52.876934,ai_model_run,AI Workloads,77
EVT-0023-0024,CUST-0023,2026-04-14 16:52:58.391925,data_ingestion,Data Engineering,223
EVT-0023-0025,CUST-0023,2026-02-26 11:43:37.357191,login,Data Engineering,265
EVT-0023-0026,CUST-0023,2026-04-30 23:39:42.455335,data_ingestion,AI Workloads,16
EVT-0023-0027,CUST-0023,2026-04-01 13:19:41.314848,login,AI Workloads,109
EVT-0023-0028,CUST-0023,2026-04-10 07:24:05.150050,data_ingestion,AI Workloads,155
EVT-0023-0029,CUST-0023,2026-05-09 04:19:07.872534,dashboard_query,Machine Learning,107
EVT-0024-0000,CUST-0024,2026-02-14 19:36:50.315180,dashboard_query,Analytics,295
EVT-0024-0001,CUST-0024,2026-04-16 10:26:41.806873,ai_model_run,Data Warehousing,377
EVT-0024-0002,CUST-0024,2026-04-10 09:19:35.562239,login,Machine Learning,444
EVT-0024-0003,CUST-0024,2026-03-13 06:34:46.572212,login,AI Workloads,235
EVT-0024-0004,CUST-0024,2026-04-29 00:00:27.152421,pipeline_execution,Data Engineering,24
EVT-0024-0005,CUST-0024,2026-05-09 00:00:20.057542,ai_model_run,Machine Learning,187
EVT-0024-0006,CUST-0024,2026-04-10 01:54:00.036199,data_ingestion,AI Workloads,240
EVT-0024-0007,CUST-0024,2026-05-10 12:13:19.124781,data_ingestion,Machine Learning,485
EVT-0024-0008,CUST-0024,2026-04-08 11:04:13.651759,ai_model_run,Data Engineering,6
EVT-0024-0009,CUST-0024,2026-04-04 17:51:51.364861,data_ingestion,Data Engineering,298
EVT-0024-0010,CUST-0024,2026-04-21 08:06:40.792840,pipeline_execution,Data Engineering,103
EVT-0024-0011,CUST-0024,2026-02-15 22:14:03.799097,dashboard_query,Data Engineering,227
EVT-0024-0012,CUST-0024,2026-03-25 04:47:08.726320,dashboard_query,Analytics,342
EVT-0024-0013,CUST-0024,2026-02-14 09:00:49.633925,dashboard_query,Machine Learning,365
EVT-0024-0014,CUST-0024,2026-03-24 21:11:46.657765,login,Machine Learning,25
EVT-0024-0015,CUST-0024,2026-03-24 14:49:09.417581,login,Data Warehousing,392
EVT-0024-0016,CUST-0024,2026-02-18 05:11:12.151159,login,Analytics,193
EVT-0024-0017,CUST-0024,2026-03-13 18:57:03.857105,ai_model_run,Machine Learning,129
EVT-0024-0018,CUST-0024,2026-04-29 10:28:50.699320,pipeline_execution,Analytics,368
EVT-0024-0019,CUST-0024,2026-04-15 12:49:12.805194,ai_model_run,Data Warehousing,427
EVT-0024-0020,CUST-0024,2026-03-19 15:30:06.277882,login,Data Warehousing,360
EVT-0024-0021,CUST-0024,2026-03-26 04:50:06.697814,data_ingestion,Machine Learning,456
EVT-0024-0022,CUST-0024,2026-02-28 12:57:30.924212,pipeline_execution,Data Warehousing,394
EVT-0024-0023,CUST-0024,2026-03-23 11:40:26.472054,login,Data Engineering,291
EVT-0024-0024,CUST-0024,2026-04-05 01:31:06.614699,ai_model_run,Machine Learning,227
EVT-0024-0025,CUST-0024,2026-02-16 05:13:16.877275,ai_model_run,AI Workloads,167
EVT-0024-0026,CUST-0024,2026-02-15 11:19:38.769510,data_ingestion,AI Workloads,347
EVT-0024-0027,CUST-0024,2026-04-12 10:04:23.547046,dashboard_query,Machine Learning,207
EVT-0024-0028,CUST-0024,2026-05-10 11:26:19.776381,ai_model_run,AI Workloads,348
EVT-0024-0029,CUST-0024,2026-03-28 19:56:55.395145,ai_model_run,AI Workloads,411
EVT-0024-0030,CUST-0024,2026-03-21 23:28:37.922021,dashboard_query,Data Engineering,322
EVT-0024-0031,CUST-0024,2026-02-27 10:23:45.118042,login,Data Warehousing,435
EVT-0024-0032,CUST-0024,2026-02-23 04:30:38.369937,ai_model_run,Data Warehousing,178
EVT-0024-0033,CUST-0024,2026-05-03 11:07:26.567677,data_ingestion,Analytics,325
EVT-0024-0034,CUST-0024,2026-03-16 20:04:21.993150,ai_model_run,AI Workloads,352
EVT-0024-0035,CUST-0024,2026-05-02 20:48:30.042295,data_ingestion,Machine Learning,25
EVT-0024-0036,CUST-0024,2026-04-13 13:24:53.656677,pipeline_execution,Analytics,239
EVT-0024-0037,CUST-0024,2026-04-03 09:36:15.480243,dashboard_query,Machine Learning,485
EVT-0024-0038,CUST-0024,2026-05-03 04:24:07.972756,ai_model_run,Analytics,258
EVT-0024-0039,CUST-0024,2026-04-26 22:02:18.801572,ai_model_run,AI Workloads,299
EVT-0024-0040,CUST-0024,2026-05-05 18:55:18.116596,pipeline_execution,AI Workloads,413
EVT-0024-0041,CUST-0024,2026-03-06 18:55:37.363967,ai_model_run,Data Warehousing,169
EVT-0024-0042,CUST-0024,2026-03-14 15:19:45.385448,dashboard_query,Analytics,136
EVT-0024-0043,CUST-0024,2026-03-30 19:51:10.714213,login,Analytics,120
EVT-0024-0044,CUST-0024,2026-04-07 01:44:03.621624,dashboard_query,Data Engineering,444
EVT-0024-0045,CUST-0024,2026-02-23 07:51:19.900929,ai_model_run,Analytics,343
EVT-0024-0046,CUST-0024,2026-04-27 17:24:58.479140,ai_model_run,Machine Learning,160
EVT-0024-0047,CUST-0024,2026-03-24 08:39:02.384454,dashboard_query,Data Engineering,195
EVT-0024-0048,CUST-0024,2026-04-13 08:07:21.263427,login,Data Warehousing,320
EVT-0024-0049,CUST-0024,2026-03-10 16:03:15.582685,login,Machine Learning,411
EVT-0024-0050,CUST-0024,2026-02-14 19:36:15.915478,pipeline_execution,Data Engineering,262
EVT-0024-0051,CUST-0024,2026-03-13 03:57:06.237184,ai_model_run,AI Workloads,205
EVT-0024-0052,CUST-0024,2026-04-05 19:22:55.276382,data_ingestion,Data Engineering,397
EVT-0024-0053,CUST-0024,2026-03-28 04:35:36.879886,ai_model_run,Data Engineering,58
EVT-0024-0054,CUST-0024,2026-03-30 07:43:51.366988,dashboard_query,Analytics,363
EVT-0024-0055,CUST-0024,2026-03-18 01:59:13.288778,ai_model_run,Analytics,429
EVT-0024-0056,CUST-0024,2026-05-08 06:57:46.433915,login,Data Engineering,88
EVT-0024-0057,CUST-0024,2026-04-18 19:45:00.512681,pipeline_execution,Analytics,372
EVT-0024-0058,CUST-0024,2026-03-18 02:32:01.420313,dashboard_query,AI Workloads,426
EVT-0024-0059,CUST-0024,2026-02-21 12:27:12.128413,dashboard_query,AI Workloads,285
EVT-0024-0060,CUST-0024,2026-05-07 20:36:26.928448,login,Machine Learning,33
EVT-0024-0061,CUST-0024,2026-04-23 02:40:56.919990,pipeline_execution,Analytics,165
EVT-0024-0062,CUST-0024,2026-05-06 19:34:40.545810,data_ingestion,AI Workloads,242
EVT-0024-0063,CUST-0024,2026-02-10 22:25:04.915969,data_ingestion,Analytics,403
EVT-0024-0064,CUST-0024,2026-03-28 12:01:20.221603,pipeline_execution,AI Workloads,25
EVT-0024-0065,CUST-0024,2026-03-18 13:39:11.990934,pipeline_execution,AI Workloads,296
EVT-0024-0066,CUST-0024,2026-02-26 19:07:04.256896,ai_model_run,Machine Learning,72
EVT-0024-0067,CUST-0024,2026-03-23 12:36:59.158605,pipeline_execution,Analytics,176
EVT-0024-0068,CUST-0024,2026-03-31 00:39:58.721595,dashboard_query,Data Engineering,356
EVT-0024-0069,CUST-0024,2026-04-30 03:04:17.095008,ai_model_run,Analytics,62
EVT-0024-0070,CUST-0024,2026-04-02 05:44:38.582754,data_ingestion,Data Warehousing,469
EVT-0024-0071,CUST-0024,2026-04-03 09:41:59.919898,ai_model_run,Machine Learning,218
EVT-0024-0072,CUST-0024,2026-03-22 02:15:26.652709,ai_model_run,AI Workloads,104
EVT-0024-0073,CUST-0024,2026-02-12 04:49:05.673075,ai_model_run,Analytics,276
EVT-0024-0074,CUST-0024,2026-04-29 11:37:03.996119,ai_model_run,Machine Learning,121
EVT-0024-0075,CUST-0024,2026-04-17 15:45:44.178473,pipeline_execution,AI Workloads,22
EVT-0024-0076,CUST-0024,2026-03-30 14:53:15.653558,pipeline_execution,AI Workloads,273
EVT-0025-0000,CUST-0025,2026-04-14 01:59:29.330604,login,Machine Learning,297
EVT-0025-0001,CUST-0025,2026-02-28 06:59:08.178079,login,Data Engineering,206
EVT-0025-0002,CUST-0025,2026-04-01 09:17:55.717953,login,Machine Learning,212
EVT-0025-0003,CUST-0025,2026-02-17 16:57:27.278368,data_ingestion,Data Engineering,414
EVT-0025-0004,CUST-0025,2026-03-03 06:11:47.657635,pipeline_execution,AI Workloads,211
EVT-0025-0005,CUST-0025,2026-03-23 09:20:01.207726,pipeline_execution,Analytics,119
EVT-0025-0006,CUST-0025,2026-04-20 23:26:11.192926,dashboard_query,Data Warehousing,92
EVT-0025-0007,CUST-0025,2026-05-09 23:29:03.833357,ai_model_run,AI Workloads,10
EVT-0025-0008,CUST-0025,2026-05-10 12:05:33.857270,ai_model_run,AI Workloads,32
EVT-0025-0009,CUST-0025,2026-05-11 11:02:10.248179,pipeline_execution,Data Engineering,285
EVT-0025-0010,CUST-0025,2026-02-25 19:46:36.699508,dashboard_query,Machine Learning,184
EVT-0025-0011,CUST-0025,2026-04-25 20:13:48.183361,dashboard_query,Data Warehousing,369
EVT-0025-0012,CUST-0025,2026-03-03 19:21:23.470319,pipeline_execution,AI Workloads,290
EVT-0025-0013,CUST-0025,2026-03-03 07:16:54.794910,ai_model_run,AI Workloads,345
EVT-0025-0014,CUST-0025,2026-04-19 17:34:27.125452,ai_model_run,Machine Learning,492
EVT-0025-0015,CUST-0025,2026-05-09 05:57:41.867619,data_ingestion,Data Engineering,106
EVT-0025-0016,CUST-0025,2026-03-22 08:25:35.778864,pipeline_execution,Analytics,206
EVT-0025-0017,CUST-0025,2026-02-25 23:34:37.424614,login,AI Workloads,98
EVT-0025-0018,CUST-0025,2026-04-07 07:53:10.115846,pipeline_execution,AI Workloads,256
EVT-0025-0019,CUST-0025,2026-04-28 17:25:26.176969,dashboard_query,AI Workloads,47
EVT-0025-0020,CUST-0025,2026-03-08 10:01:59.822848,pipeline_execution,AI Workloads,444
EVT-0025-0021,CUST-0025,2026-02-12 00:22:40.210645,pipeline_execution,Data Warehousing,276
EVT-0025-0022,CUST-0025,2026-04-27 14:44:40.511816,login,AI Workloads,406
EVT-0025-0023,CUST-0025,2026-02-26 07:08:43.266569,login,Data Engineering,36
EVT-0025-0024,CUST-0025,2026-04-04 21:16:16.174971,data_ingestion,Data Warehousing,348
EVT-0025-0025,CUST-0025,2026-04-03 13:54:02.609424,dashboard_query,Machine Learning,52
EVT-0025-0026,CUST-0025,2026-05-04 19:00:01.803134,dashboard_query,Analytics,427
EVT-0025-0027,CUST-0025,2026-04-17 18:49:09.060966,pipeline_execution,Analytics,456
EVT-0025-0028,CUST-0025,2026-03-03 00:58:23.020724,data_ingestion,Analytics,396
EVT-0025-0029,CUST-0025,2026-02-12 02:54:46.006037,data_ingestion,Machine Learning,252
EVT-0025-0030,CUST-0025,2026-05-11 11:59:04.316774,login,Data Warehousing,428
EVT-0025-0031,CUST-0025,2026-03-08 08:13:47.685221,login,AI Workloads,367
EVT-0025-0032,CUST-0025,2026-05-08 04:54:53.118723,dashboard_query,Data Engineering,470
EVT-0025-0033,CUST-0025,2026-03-24 15:17:12.057582,dashboard_query,Analytics,329
EVT-0026-0000,CUST-0026,2026-04-02 11:24:19.404651,pipeline_execution,Machine Learning,400
EVT-0026-0001,CUST-0026,2026-04-25 01:48:46.218459,login,Data Engineering,345
EVT-0026-0002,CUST-0026,2026-02-24 23:38:33.577003,ai_model_run,Machine Learning,371
EVT-0026-0003,CUST-0026,2026-04-13 20:08:47.528918,login,Machine Learning,183
EVT-0026-0004,CUST-0026,2026-04-26 10:58:07.558609,data_ingestion,Data Engineering,301
EVT-0026-0005,CUST-0026,2026-03-05 15:52:53.289598,ai_model_run,AI Workloads,49
EVT-0026-0006,CUST-0026,2026-02-20 23:16:04.581002,dashboard_query,Data Engineering,59
EVT-0026-0007,CUST-0026,2026-03-05 15:40:54.858698,login,Data Warehousing,427
EVT-0026-0008,CUST-0026,2026-02-15 05:42:17.582487,dashboard_query,Analytics,425
EVT-0026-0009,CUST-0026,2026-02-17 19:22:00.214059,pipeline_execution,AI Workloads,142
EVT-0026-0010,CUST-0026,2026-02-28 10:47:00.767888,data_ingestion,Machine Learning,420
EVT-0026-0011,CUST-0026,2026-04-23 23:16:36.894609,login,Analytics,173
EVT-0026-0012,CUST-0026,2026-04-26 22:54:43.134007,pipeline_execution,Data Warehousing,193
EVT-0026-0013,CUST-0026,2026-04-20 15:46:22.984336,pipeline_execution,AI Workloads,256
EVT-0026-0014,CUST-0026,2026-02-19 23:48:20.934812,pipeline_execution,Data Engineering,421
EVT-0026-0015,CUST-0026,2026-03-12 14:31:54.790643,data_ingestion,AI Workloads,493
EVT-0026-0016,CUST-0026,2026-03-01 04:43:45.340312,dashboard_query,Data Engineering,329
EVT-0026-0017,CUST-0026,2026-03-04 04:28:45.934640,login,Analytics,177
EVT-0026-0018,CUST-0026,2026-03-13 00:16:36.256339,dashboard_query,Machine Learning,380
EVT-0026-0019,CUST-0026,2026-04-09 00:34:57.900580,dashboard_query,AI Workloads,367
EVT-0026-0020,CUST-0026,2026-02-23 01:30:10.017470,ai_model_run,Data Warehousing,116
EVT-0026-0021,CUST-0026,2026-03-07 13:10:35.825356,pipeline_execution,AI Workloads,429
EVT-0026-0022,CUST-0026,2026-04-27 18:38:51.558695,ai_model_run,Analytics,354
EVT-0026-0023,CUST-0026,2026-04-05 19:19:37.681859,data_ingestion,Analytics,451
EVT-0026-0024,CUST-0026,2026-03-30 18:56:35.107223,ai_model_run,Machine Learning,215
EVT-0026-0025,CUST-0026,2026-03-03 13:01:36.912289,ai_model_run,Data Engineering,339
EVT-0026-0026,CUST-0026,2026-03-16 22:01:44.559613,pipeline_execution,AI Workloads,145
EVT-0026-0027,CUST-0026,2026-04-12 02:42:14.974804,ai_model_run,AI Workloads,11
EVT-0026-0028,CUST-0026,2026-04-25 18:52:27.248507,dashboard_query,Machine Learning,111
EVT-0026-0029,CUST-0026,2026-02-26 20:10:46.357211,dashboard_query,Analytics,160
EVT-0026-0030,CUST-0026,2026-03-30 20:46:34.648574,pipeline_execution,Machine Learning,418
EVT-0026-0031,CUST-0026,2026-05-07 16:33:24.386198,pipeline_execution,Data Engineering,188
EVT-0026-0032,CUST-0026,2026-04-27 21:15:08.431654,dashboard_query,AI Workloads,337
EVT-0026-0033,CUST-0026,2026-04-02 03:44:54.817830,ai_model_run,Data Warehousing,58
EVT-0026-0034,CUST-0026,2026-05-03 12:32:18.094060,pipeline_execution,Data Engineering,270
EVT-0026-0035,CUST-0026,2026-03-28 18:30:10.860392,data_ingestion,Data Engineering,425
EVT-0026-0036,CUST-0026,2026-03-03 11:46:07.746017,dashboard_query,AI Workloads,69
EVT-0026-0037,CUST-0026,2026-03-06 19:11:46.135800,login,Data Engineering,9
EVT-0026-0038,CUST-0026,2026-04-12 12:19:08.164065,login,Machine Learning,16
EVT-0026-0039,CUST-0026,2026-04-05 14:32:37.508954,ai_model_run,Data Warehousing,158
EVT-0026-0040,CUST-0026,2026-03-19 12:46:35.603071,pipeline_execution,Machine Learning,346
EVT-0026-0041,CUST-0026,2026-05-01 05:12:54.796285,pipeline_execution,AI Workloads,143
EVT-0026-0042,CUST-0026,2026-05-11 10:01:41.505993,data_ingestion,Analytics,481
EVT-0026-0043,CUST-0026,2026-02-20 22:09:18.293164,dashboard_query,Data Warehousing,417
EVT-0026-0044,CUST-0026,2026-02-22 21:38:18.996847,pipeline_execution,AI Workloads,61
EVT-0026-0045,CUST-0026,2026-02-25 21:10:12.148914,pipeline_execution,Analytics,297
EVT-0026-0046,CUST-0026,2026-02-19 23:15:11.102091,ai_model_run,AI Workloads,330
EVT-0026-0047,CUST-0026,2026-05-05 13:41:39.471850,dashboard_query,Data Engineering,451
EVT-0026-0048,CUST-0026,2026-04-02 07:13:43.001938,dashboard_query,Machine Learning,375
EVT-0026-0049,CUST-0026,2026-03-29 01:55:55.233531,dashboard_query,Analytics,49
EVT-0026-0050,CUST-0026,2026-04-16 09:56:08.643374,pipeline_execution,Machine Learning,217
EVT-0026-0051,CUST-0026,2026-04-03 14:40:40.930518,login,Data Engineering,61
EVT-0026-0052,CUST-0026,2026-04-12 17:09:55.115913,data_ingestion,AI Workloads,408
EVT-0026-0053,CUST-0026,2026-04-21 05:05:07.005393,dashboard_query,Machine Learning,375
EVT-0026-0054,CUST-0026,2026-04-13 17:02:49.210198,pipeline_execution,Analytics,395
EVT-0026-0055,CUST-0026,2026-03-12 04:08:19.046718,login,Data Engineering,93
EVT-0026-0056,CUST-0026,2026-02-19 17:16:56.571496,ai_model_run,Data Warehousing,159
EVT-0026-0057,CUST-0026,2026-04-17 11:24:12.265562,data_ingestion,Data Engineering,334
EVT-0026-0058,CUST-0026,2026-03-30 19:18:29.243198,pipeline_execution,Analytics,253
EVT-0026-0059,CUST-0026,2026-03-25 16:09:59.544865,ai_model_run,Data Warehousing,171
EVT-0026-0060,CUST-0026,2026-03-20 13:38:27.880924,pipeline_execution,Analytics,357
EVT-0026-0061,CUST-0026,2026-02-21 19:28:40.732447,data_ingestion,AI Workloads,314
EVT-0026-0062,CUST-0026,2026-03-17 02:20:04.931207,dashboard_query,Data Warehousing,298
EVT-0026-0063,CUST-0026,2026-02-16 18:58:00.009087,data_ingestion,Analytics,155
EVT-0026-0064,CUST-0026,2026-04-05 03:39:13.877725,login,AI Workloads,323
EVT-0026-0065,CUST-0026,2026-02-22 01:03:59.470406,pipeline_execution,Analytics,490
EVT-0026-0066,CUST-0026,2026-04-19 01:12:55.573471,data_ingestion,Data Warehousing,15
EVT-0026-0067,CUST-0026,2026-03-07 09:27:01.734820,pipeline_execution,AI Workloads,315
EVT-0026-0068,CUST-0026,2026-03-26 02:03:14.258330,dashboard_query,Machine Learning,456
EVT-0026-0069,CUST-0026,2026-03-12 23:32:38.577157,pipeline_execution,Analytics,111
EVT-0026-0070,CUST-0026,2026-04-20 16:17:04.473931,pipeline_execution,Data Warehousing,107
EVT-0026-0071,CUST-0026,2026-03-03 19:28:21.424860,login,Analytics,134
EVT-0026-0072,CUST-0026,2026-03-13 16:18:50.572449,login,Data Engineering,319
EVT-0026-0073,CUST-0026,2026-03-25 01:54:22.559314,login,Data Warehousing,180
EVT-0026-0074,CUST-0026,2026-04-07 21:43:33.735482,pipeline_execution,Machine Learning,247
EVT-0026-0075,CUST-0026,2026-02-14 00:13:13.899493,login,Analytics,84
EVT-0026-0076,CUST-0026,2026-03-11 22:39:36.103116,dashboard_query,AI Workloads,221
EVT-0026-0077,CUST-0026,2026-03-31 19:03:03.637871,dashboard_query,Data Warehousing,194
EVT-0026-0078,CUST-0026,2026-02-17 20:28:51.720308,dashboard_query,Analytics,281
EVT-0026-0079,CUST-0026,2026-02-19 14:13:02.432736,login,Machine Learning,215
EVT-0026-0080,CUST-0026,2026-04-24 17:58:38.326190,data_ingestion,Data Engineering,380
EVT-0026-0081,CUST-0026,2026-05-10 15:10:45.909908,pipeline_execution,Machine Learning,483
EVT-0026-0082,CUST-0026,2026-04-07 09:53:02.473608,login,AI Workloads,18
EVT-0026-0083,CUST-0026,2026-03-26 02:42:46.856013,login,Analytics,30
EVT-0026-0084,CUST-0026,2026-02-11 16:03:11.736728,pipeline_execution,Data Warehousing,451
EVT-0026-0085,CUST-0026,2026-03-14 14:52:45.088646,ai_model_run,Data Engineering,121
EVT-0026-0086,CUST-0026,2026-05-04 00:45:33.458398,dashboard_query,Data Warehousing,396
EVT-0026-0087,CUST-0026,2026-03-08 11:04:21.152460,login,Data Engineering,74
EVT-0026-0088,CUST-0026,2026-03-24 08:19:09.300215,ai_model_run,AI Workloads,154
EVT-0026-0089,CUST-0026,2026-04-22 17:06:38.853658,dashboard_query,Data Engineering,348
EVT-0026-0090,CUST-0026,2026-03-17 16:29:46.069560,data_ingestion,Machine Learning,83
EVT-0027-0000,CUST-0027,2026-04-15 13:52:15.470475,login,Data Engineering,185
EVT-0027-0001,CUST-0027,2026-04-13 23:28:17.309421,dashboard_query,AI Workloads,381
EVT-0027-0002,CUST-0027,2026-02-21 06:34:27.803669,data_ingestion,Machine Learning,444
EVT-0027-0003,CUST-0027,2026-04-05 21:58:42.871367,dashboard_query,Analytics,310
EVT-0027-0004,CUST-0027,2026-04-19 14:14:41.260565,dashboard_query,Data Warehousing,170
EVT-0027-0005,CUST-0027,2026-04-25 17:10:32.906303,pipeline_execution,Data Warehousing,159
EVT-0027-0006,CUST-0027,2026-03-25 07:55:41.128170,ai_model_run,Data Engineering,11
EVT-0027-0007,CUST-0027,2026-04-04 17:41:07.368133,data_ingestion,Data Engineering,391
EVT-0027-0008,CUST-0027,2026-03-09 19:00:41.368114,ai_model_run,Machine Learning,322
EVT-0027-0009,CUST-0027,2026-05-03 07:57:34.654441,dashboard_query,Machine Learning,2
EVT-0027-0010,CUST-0027,2026-04-30 09:47:35.470371,pipeline_execution,AI Workloads,315
EVT-0027-0011,CUST-0027,2026-03-15 10:49:15.143004,pipeline_execution,Analytics,148
EVT-0027-0012,CUST-0027,2026-03-19 18:07:06.457249,pipeline_execution,Data Warehousing,396
EVT-0027-0013,CUST-0027,2026-02-13 07:20:58.831666,ai_model_run,AI Workloads,192
EVT-0027-0014,CUST-0027,2026-03-25 23:17:15.851566,pipeline_execution,Data Warehousing,240
EVT-0027-0015,CUST-0027,2026-04-23 19:39:37.887721,dashboard_query,Data Engineering,286
EVT-0027-0016,CUST-0027,2026-04-12 20:02:43.595500,dashboard_query,Data Engineering,31
EVT-0027-0017,CUST-0027,2026-04-11 13:53:31.946027,pipeline_execution,Data Warehousing,360
EVT-0027-0018,CUST-0027,2026-03-08 04:57:50.099199,data_ingestion,Data Warehousing,226
EVT-0027-0019,CUST-0027,2026-04-11 14:25:15.983094,data_ingestion,Analytics,172
EVT-0027-0020,CUST-0027,2026-04-22 09:44:29.570840,data_ingestion,Data Engineering,285
EVT-0027-0021,CUST-0027,2026-02-16 17:22:58.342145,dashboard_query,Analytics,191
EVT-0027-0022,CUST-0027,2026-03-24 04:00:04.227176,ai_model_run,Data Engineering,356
EVT-0027-0023,CUST-0027,2026-02-14 17:32:48.438635,pipeline_execution,Analytics,174
EVT-0027-0024,CUST-0027,2026-04-25 09:25:36.723365,data_ingestion,Analytics,109
EVT-0027-0025,CUST-0027,2026-02-16 22:07:23.712594,data_ingestion,Machine Learning,7
EVT-0027-0026,CUST-0027,2026-03-28 16:19:29.016809,pipeline_execution,Data Engineering,217
EVT-0027-0027,CUST-0027,2026-03-19 17:53:55.460014,data_ingestion,Machine Learning,247
EVT-0027-0028,CUST-0027,2026-03-25 04:21:15.252428,data_ingestion,Data Warehousing,145
EVT-0027-0029,CUST-0027,2026-03-15 21:09:23.467357,ai_model_run,Machine Learning,465
EVT-0027-0030,CUST-0027,2026-03-20 03:46:43.771400,dashboard_query,AI Workloads,141
EVT-0027-0031,CUST-0027,2026-03-27 03:30:26.062402,dashboard_query,Data Warehousing,496
EVT-0027-0032,CUST-0027,2026-04-20 03:40:06.352795,ai_model_run,Data Warehousing,240
EVT-0027-0033,CUST-0027,2026-05-06 17:34:54.450254,dashboard_query,Analytics,317
EVT-0027-0034,CUST-0027,2026-03-20 07:40:26.366774,login,Analytics,45
EVT-0027-0035,CUST-0027,2026-03-08 22:47:54.617129,login,AI Workloads,424
EVT-0027-0036,CUST-0027,2026-04-10 09:57:34.982325,login,Machine Learning,59
EVT-0027-0037,CUST-0027,2026-04-18 03:44:48.675517,pipeline_execution,Data Engineering,329
EVT-0027-0038,CUST-0027,2026-03-01 13:56:54.289100,login,Analytics,420
EVT-0027-0039,CUST-0027,2026-04-06 11:11:52.065009,ai_model_run,Data Warehousing,42
EVT-0027-0040,CUST-0027,2026-02-16 13:11:50.215479,login,Data Warehousing,20
EVT-0027-0041,CUST-0027,2026-04-14 00:43:59.152827,ai_model_run,Data Warehousing,185
EVT-0027-0042,CUST-0027,2026-04-24 11:41:27.349891,data_ingestion,Analytics,225
EVT-0027-0043,CUST-0027,2026-04-02 22:59:21.354503,login,Analytics,463
EVT-0027-0044,CUST-0027,2026-04-27 11:19:13.362597,data_ingestion,Data Warehousing,38
EVT-0027-0045,CUST-0027,2026-03-15 06:27:47.859927,data_ingestion,Data Engineering,141
EVT-0027-0046,CUST-0027,2026-05-08 22:41:33.218385,dashboard_query,AI Workloads,401
EVT-0027-0047,CUST-0027,2026-02-22 03:16:06.302090,data_ingestion,AI Workloads,417
EVT-0027-0048,CUST-0027,2026-02-23 13:30:31.970714,data_ingestion,Machine Learning,479
EVT-0027-0049,CUST-0027,2026-03-20 01:49:40.941139,login,Machine Learning,337
EVT-0027-0050,CUST-0027,2026-02-19 21:51:33.077445,dashboard_query,Data Warehousing,466
EVT-0027-0051,CUST-0027,2026-05-04 03:58:26.903029,dashboard_query,AI Workloads,276
EVT-0027-0052,CUST-0027,2026-02-25 11:49:59.890007,login,Machine Learning,442
EVT-0027-0053,CUST-0027,2026-04-23 21:06:04.020034,dashboard_query,Data Warehousing,271
EVT-0027-0054,CUST-0027,2026-04-16 09:52:36.944577,login,Data Warehousing,330
EVT-0027-0055,CUST-0027,2026-04-13 10:26:06.573188,ai_model_run,Data Engineering,89
EVT-0027-0056,CUST-0027,2026-02-13 03:31:20.469884,data_ingestion,Analytics,302
EVT-0027-0057,CUST-0027,2026-03-04 05:12:36.558404,login,Data Warehousing,350
EVT-0027-0058,CUST-0027,2026-04-23 20:09:04.099165,login,AI Workloads,374
EVT-0027-0059,CUST-0027,2026-03-03 14:22:02.501489,data_ingestion,Data Warehousing,368
EVT-0027-0060,CUST-0027,2026-02-19 09:16:33.124201,pipeline_execution,Data Warehousing,154
EVT-0027-0061,CUST-0027,2026-03-21 11:57:43.526174,dashboard_query,Data Warehousing,147
EVT-0027-0062,CUST-0027,2026-04-14 22:53:44.464470,ai_model_run,Machine Learning,350
EVT-0027-0063,CUST-0027,2026-04-04 18:02:51.929350,ai_model_run,AI Workloads,462
EVT-0027-0064,CUST-0027,2026-02-12 17:37:18.881299,pipeline_execution,Data Warehousing,26
EVT-0027-0065,CUST-0027,2026-02-13 14:28:58.257480,ai_model_run,AI Workloads,172
EVT-0027-0066,CUST-0027,2026-03-01 13:18:59.132067,dashboard_query,Data Engineering,103
EVT-0027-0067,CUST-0027,2026-03-05 19:07:57.071224,pipeline_execution,Analytics,8
EVT-0027-0068,CUST-0027,2026-04-23 03:22:07.830945,dashboard_query,AI Workloads,352
EVT-0027-0069,CUST-0027,2026-03-13 22:40:45.965435,data_ingestion,Data Warehousing,222
EVT-0027-0070,CUST-0027,2026-03-23 06:45:05.190887,pipeline_execution,Machine Learning,376
EVT-0027-0071,CUST-0027,2026-02-25 16:27:11.210743,ai_model_run,Data Engineering,235
EVT-0027-0072,CUST-0027,2026-03-03 04:08:22.498235,ai_model_run,Machine Learning,260
EVT-0027-0073,CUST-0027,2026-04-28 09:39:12.037650,pipeline_execution,Data Warehousing,154
EVT-0027-0074,CUST-0027,2026-04-16 20:11:11.138580,data_ingestion,Analytics,135
EVT-0027-0075,CUST-0027,2026-04-02 07:45:16.882434,dashboard_query,Data Engineering,66
EVT-0027-0076,CUST-0027,2026-03-28 01:46:51.994330,ai_model_run,AI Workloads,109
EVT-0027-0077,CUST-0027,2026-03-27 15:36:16.506149,pipeline_execution,Data Engineering,407
EVT-0027-0078,CUST-0027,2026-04-30 11:08:14.794088,dashboard_query,AI Workloads,226
EVT-0027-0079,CUST-0027,2026-02-16 08:26:50.571354,ai_model_run,Data Warehousing,122
EVT-0027-0080,CUST-0027,2026-05-11 12:33:15.950467,data_ingestion,Data Engineering,488
EVT-0027-0081,CUST-0027,2026-04-21 02:41:00.194996,data_ingestion,Data Engineering,122
EVT-0027-0082,CUST-0027,2026-02-16 15:56:19.823355,dashboard_query,Data Warehousing,100
EVT-0027-0083,CUST-0027,2026-03-28 12:32:39.013225,pipeline_execution,Machine Learning,8
EVT-0027-0084,CUST-0027,2026-03-24 16:32:44.470099,dashboard_query,Data Warehousing,38
EVT-0027-0085,CUST-0027,2026-05-09 17:27:40.524052,data_ingestion,Data Engineering,300
EVT-0027-0086,CUST-0027,2026-02-25 00:48:38.021509,dashboard_query,Analytics,110
EVT-0027-0087,CUST-0027,2026-03-03 14:08:20.129017,dashboard_query,Data Warehousing,151
EVT-0027-0088,CUST-0027,2026-03-24 07:48:24.206482,pipeline_execution,Data Engineering,229
EVT-0027-0089,CUST-0027,2026-02-20 12:03:41.765844,dashboard_query,AI Workloads,382
EVT-0027-0090,CUST-0027,2026-03-24 19:48:42.764846,login,Data Engineering,140
EVT-0027-0091,CUST-0027,2026-02-21 05:05:21.769888,ai_model_run,Machine Learning,458
EVT-0027-0092,CUST-0027,2026-02-25 11:40:44.406368,login,AI Workloads,218
EVT-0027-0093,CUST-0027,2026-03-18 14:05:21.217435,ai_model_run,Machine Learning,366
EVT-0027-0094,CUST-0027,2026-02-12 12:43:59.270778,dashboard_query,Machine Learning,123
EVT-0027-0095,CUST-0027,2026-02-23 12:05:05.378723,data_ingestion,Machine Learning,228
EVT-0027-0096,CUST-0027,2026-04-16 00:06:47.022906,ai_model_run,Data Engineering,351
EVT-0027-0097,CUST-0027,2026-02-17 21:28:58.470820,data_ingestion,Analytics,273
EVT-0027-0098,CUST-0027,2026-04-25 20:31:48.274031,data_ingestion,Machine Learning,48
EVT-0027-0099,CUST-0027,2026-03-13 05:19:11.096687,dashboard_query,AI Workloads,423
EVT-0028-0000,CUST-0028,2026-03-03 13:03:03.931330,dashboard_query,Analytics,63
EVT-0028-0001,CUST-0028,2026-03-18 08:03:03.610390,data_ingestion,Machine Learning,299
EVT-0028-0002,CUST-0028,2026-02-15 14:35:07.014022,data_ingestion,Data Engineering,355
EVT-0028-0003,CUST-0028,2026-04-15 08:19:19.147710,ai_model_run,Machine Learning,426
EVT-0028-0004,CUST-0028,2026-04-22 10:06:16.703066,dashboard_query,Analytics,398
EVT-0028-0005,CUST-0028,2026-03-30 07:03:39.351347,ai_model_run,Data Warehousing,280
EVT-0028-0006,CUST-0028,2026-02-14 06:39:24.335568,login,Analytics,350
EVT-0028-0007,CUST-0028,2026-03-03 10:33:28.449701,ai_model_run,Machine Learning,432
EVT-0028-0008,CUST-0028,2026-03-25 11:17:23.130867,ai_model_run,Analytics,364
EVT-0028-0009,CUST-0028,2026-03-28 05:29:51.561165,login,Data Warehousing,420
EVT-0028-0010,CUST-0028,2026-02-18 02:16:02.563125,ai_model_run,Data Warehousing,301
EVT-0028-0011,CUST-0028,2026-04-05 03:28:35.473022,data_ingestion,AI Workloads,422
EVT-0028-0012,CUST-0028,2026-05-02 01:44:19.855067,login,Analytics,378
EVT-0028-0013,CUST-0028,2026-03-03 05:22:36.897760,data_ingestion,AI Workloads,233
EVT-0028-0014,CUST-0028,2026-03-22 19:21:29.122011,data_ingestion,Data Warehousing,32
EVT-0028-0015,CUST-0028,2026-02-25 18:00:07.815829,dashboard_query,AI Workloads,407
EVT-0028-0016,CUST-0028,2026-03-07 21:18:32.647291,ai_model_run,Analytics,255
EVT-0028-0017,CUST-0028,2026-04-23 08:40:56.865080,ai_model_run,AI Workloads,402
EVT-0028-0018,CUST-0028,2026-04-04 09:00:22.112942,dashboard_query,Machine Learning,249
EVT-0028-0019,CUST-0028,2026-04-07 11:04:29.000010,pipeline_execution,Data Engineering,313
EVT-0028-0020,CUST-0028,2026-05-09 18:41:18.545029,ai_model_run,AI Workloads,115
EVT-0028-0021,CUST-0028,2026-02-22 13:09:01.569324,dashboard_query,Data Warehousing,298
EVT-0028-0022,CUST-0028,2026-03-26 12:26:45.852985,pipeline_execution,Data Engineering,73
EVT-0028-0023,CUST-0028,2026-03-02 08:41:08.205687,pipeline_execution,Data Engineering,39
EVT-0028-0024,CUST-0028,2026-03-04 18:23:34.583609,data_ingestion,Analytics,87
EVT-0028-0025,CUST-0028,2026-04-07 20:28:37.300273,login,Machine Learning,231
EVT-0028-0026,CUST-0028,2026-04-07 17:12:05.195230,dashboard_query,Analytics,109
EVT-0028-0027,CUST-0028,2026-03-25 15:14:04.362592,login,Machine Learning,81
EVT-0028-0028,CUST-0028,2026-03-11 11:32:19.345874,ai_model_run,Data Warehousing,29
EVT-0028-0029,CUST-0028,2026-03-21 01:55:58.109628,login,Machine Learning,499
EVT-0028-0030,CUST-0028,2026-04-13 22:10:54.615621,login,AI Workloads,305
EVT-0028-0031,CUST-0028,2026-03-21 05:30:54.773262,ai_model_run,Data Warehousing,272
EVT-0028-0032,CUST-0028,2026-04-15 00:49:56.907056,ai_model_run,Analytics,74
EVT-0028-0033,CUST-0028,2026-03-08 07:29:15.331100,dashboard_query,AI Workloads,109
EVT-0028-0034,CUST-0028,2026-05-07 09:46:47.374053,ai_model_run,Analytics,194
EVT-0029-0000,CUST-0029,2026-04-27 18:26:13.005686,login,Machine Learning,9
EVT-0029-0001,CUST-0029,2026-04-02 10:09:35.657244,ai_model_run,Analytics,392
EVT-0029-0002,CUST-0029,2026-04-12 09:07:57.818363,ai_model_run,Data Warehousing,299
EVT-0029-0003,CUST-0029,2026-04-03 13:07:14.257766,ai_model_run,Analytics,461
EVT-0029-0004,CUST-0029,2026-04-03 23:08:14.280470,data_ingestion,Analytics,69
EVT-0029-0005,CUST-0029,2026-04-28 21:04:16.498981,ai_model_run,Data Engineering,252
EVT-0029-0006,CUST-0029,2026-02-14 22:15:55.113677,ai_model_run,Machine Learning,431
EVT-0029-0007,CUST-0029,2026-03-18 08:41:40.620214,data_ingestion,Data Engineering,480
EVT-0029-0008,CUST-0029,2026-02-14 08:34:58.088197,data_ingestion,Data Engineering,307
EVT-0029-0009,CUST-0029,2026-04-25 07:20:18.071372,dashboard_query,Data Warehousing,242
EVT-0029-0010,CUST-0029,2026-02-12 03:58:17.227679,data_ingestion,Data Warehousing,417
EVT-0029-0011,CUST-0029,2026-04-17 14:59:05.574179,dashboard_query,Data Warehousing,16
EVT-0029-0012,CUST-0029,2026-05-08 11:08:11.726592,data_ingestion,AI Workloads,447
EVT-0029-0013,CUST-0029,2026-03-05 09:04:48.353830,pipeline_execution,Analytics,374
EVT-0029-0014,CUST-0029,2026-03-29 07:14:11.057312,dashboard_query,AI Workloads,316
EVT-0029-0015,CUST-0029,2026-04-06 14:36:29.112274,ai_model_run,Machine Learning,97
EVT-0029-0016,CUST-0029,2026-03-10 06:50:04.825019,login,Data Engineering,8
EVT-0029-0017,CUST-0029,2026-03-07 17:21:23.693579,login,Analytics,418
EVT-0029-0018,CUST-0029,2026-03-13 09:02:17.768611,pipeline_execution,AI Workloads,429
EVT-0029-0019,CUST-0029,2026-03-05 06:19:56.969358,pipeline_execution,Data Engineering,246
EVT-0029-0020,CUST-0029,2026-03-18 09:02:33.106790,pipeline_execution,Machine Learning,414
EVT-0029-0021,CUST-0029,2026-02-28 14:10:11.855606,data_ingestion,Analytics,468
EVT-0029-0022,CUST-0029,2026-04-18 00:00:07.106690,data_ingestion,Analytics,149
EVT-0029-0023,CUST-0029,2026-03-15 17:32:13.316187,ai_model_run,Data Engineering,377
EVT-0029-0024,CUST-0029,2026-04-12 23:58:29.743680,ai_model_run,Machine Learning,247
EVT-0029-0025,CUST-0029,2026-02-14 01:32:54.656792,pipeline_execution,Analytics,238
EVT-0029-0026,CUST-0029,2026-04-09 21:32:11.988612,pipeline_execution,Machine Learning,442
EVT-0029-0027,CUST-0029,2026-03-14 04:52:27.477915,data_ingestion,Analytics,289
EVT-0029-0028,CUST-0029,2026-04-05 16:50:45.454057,data_ingestion,Machine Learning,495
EVT-0029-0029,CUST-0029,2026-04-29 21:53:34.374653,data_ingestion,AI Workloads,34
EVT-0029-0030,CUST-0029,2026-03-31 09:08:08.673625,data_ingestion,Data Warehousing,324
EVT-0029-0031,CUST-0029,2026-05-01 06:26:42.963445,ai_model_run,Data Warehousing,369
EVT-0029-0032,CUST-0029,2026-04-20 23:43:06.526926,dashboard_query,Analytics,394
EVT-0029-0033,CUST-0029,2026-04-28 07:48:21.440561,dashboard_query,Machine Learning,104
EVT-0029-0034,CUST-0029,2026-03-21 06:23:32.366736,pipeline_execution,Machine Learning,276
EVT-0029-0035,CUST-0029,2026-03-07 11:30:54.688229,ai_model_run,Machine Learning,323
EVT-0029-0036,CUST-0029,2026-04-17 18:26:08.585704,data_ingestion,AI Workloads,379
EVT-0029-0037,CUST-0029,2026-02-14 01:34:06.814677,pipeline_execution,Data Warehousing,192
EVT-0029-0038,CUST-0029,2026-03-03 02:43:58.472259,pipeline_execution,Data Engineering,28
EVT-0029-0039,CUST-0029,2026-03-10 00:26:53.952784,pipeline_execution,Analytics,371
EVT-0029-0040,CUST-0029,2026-03-07 05:49:29.700194,login,AI Workloads,456
EVT-0029-0041,CUST-0029,2026-03-19 12:09:18.882768,dashboard_query,Machine Learning,91
EVT-0029-0042,CUST-0029,2026-03-15 07:46:56.042983,ai_model_run,Data Engineering,477
EVT-0029-0043,CUST-0029,2026-04-26 18:09:11.379129,ai_model_run,Analytics,341
EVT-0029-0044,CUST-0029,2026-03-10 20:58:56.902135,ai_model_run,Machine Learning,427
EVT-0029-0045,CUST-0029,2026-02-24 00:42:26.757725,data_ingestion,AI Workloads,494
EVT-0029-0046,CUST-0029,2026-03-12 04:26:09.030460,ai_model_run,Data Engineering,223
EVT-0029-0047,CUST-0029,2026-05-09 20:51:50.486726,pipeline_execution,Machine Learning,124
EVT-0029-0048,CUST-0029,2026-03-14 16:51:35.324969,pipeline_execution,Data Warehousing,338
EVT-0029-0049,CUST-0029,2026-03-09 18:07:26.932620,data_ingestion,AI Workloads,406
EVT-0029-0050,CUST-0029,2026-04-13 19:47:32.641261,data_ingestion,AI Workloads,335
EVT-0029-0051,CUST-0029,2026-02-11 14:19:17.429080,login,Analytics,327
EVT-0029-0052,CUST-0029,2026-04-04 18:14:20.384148,data_ingestion,Data Warehousing,54
EVT-0029-0053,CUST-0029,2026-05-09 07:33:54.134823,ai_model_run,Data Warehousing,378
EVT-0029-0054,CUST-0029,2026-04-01 06:22:31.766092,dashboard_query,Data Engineering,216
EVT-0029-0055,CUST-0029,2026-03-04 16:22:30.406109,pipeline_execution,Machine Learning,173
EVT-0029-0056,CUST-0029,2026-02-19 12:20:15.659997,data_ingestion,AI Workloads,143
EVT-0029-0057,CUST-0029,2026-04-15 08:03:48.057127,data_ingestion,Data Warehousing,324
EVT-0029-0058,CUST-0029,2026-04-11 01:11:36.806030,ai_model_run,AI Workloads,67
EVT-0029-0059,CUST-0029,2026-04-01 23:33:55.459808,login,Data Engineering,285
EVT-0029-0060,CUST-0029,2026-04-25 01:52:52.572666,data_ingestion,Data Engineering,271
EVT-0029-0061,CUST-0029,2026-03-08 18:52:31.795463,data_ingestion,Data Engineering,243
EVT-0029-0062,CUST-0029,2026-04-01 05:10:09.989119,dashboard_query,Machine Learning,341
EVT-0029-0063,CUST-0029,2026-05-06 10:40:56.301542,pipeline_execution,AI Workloads,6
EVT-0029-0064,CUST-0029,2026-03-12 02:08:52.991962,pipeline_execution,Machine Learning,204
EVT-0029-0065,CUST-0029,2026-02-24 04:37:48.994437,dashboard_query,AI Workloads,288
EVT-0029-0066,CUST-0029,2026-02-20 19:38:04.516508,data_ingestion,AI Workloads,275
EVT-0029-0067,CUST-0029,2026-05-04 22:11:07.652900,data_ingestion,Analytics,9
EVT-0029-0068,CUST-0029,2026-05-05 05:19:25.874851,pipeline_execution,Machine Learning,321
EVT-0029-0069,CUST-0029,2026-04-09 10:03:00.418943,ai_model_run,Data Warehousing,458
EVT-0029-0070,CUST-0029,2026-04-16 23:14:22.852457,pipeline_execution,Machine Learning,25
EVT-0029-0071,CUST-0029,2026-03-16 23:39:23.293791,login,Analytics,418
EVT-0029-0072,CUST-0029,2026-05-06 13:20:31.637199,login,Data Warehousing,248
EVT-0029-0073,CUST-0029,2026-02-13 07:37:18.263145,pipeline_execution,Machine Learning,133
EVT-0029-0074,CUST-0029,2026-04-25 00:40:45.882052,data_ingestion,Analytics,81
EVT-0029-0075,CUST-0029,2026-04-29 07:43:17.548290,data_ingestion,Data Engineering,238
EVT-0029-0076,CUST-0029,2026-03-18 22:30:13.757914,pipeline_execution,AI Workloads,84
EVT-0029-0077,CUST-0029,2026-04-02 08:20:51.255885,login,Data Warehousing,104
EVT-0029-0078,CUST-0029,2026-04-03 17:03:27.460000,login,Analytics,7
EVT-0029-0079,CUST-0029,2026-04-12 16:52:09.977486,data_ingestion,AI Workloads,224
EVT-0029-0080,CUST-0029,2026-03-11 22:42:58.452627,pipeline_execution,Data Warehousing,216
EVT-0029-0081,CUST-0029,2026-04-24 19:30:34.735106,data_ingestion,Data Warehousing,353
EVT-0029-0082,CUST-0029,2026-02-16 14:31:50.776341,login,Data Engineering,315
EVT-0029-0083,CUST-0029,2026-05-07 01:34:04.584944,dashboard_query,AI Workloads,407
EVT-0029-0084,CUST-0029,2026-02-12 14:10:36.589850,dashboard_query,Data Warehousing,482
EVT-0029-0085,CUST-0029,2026-04-06 10:17:42.021647,login,Data Engineering,161
EVT-0029-0086,CUST-0029,2026-03-18 19:42:40.106511,ai_model_run,Data Warehousing,114
EVT-0029-0087,CUST-0029,2026-04-07 07:13:16.301808,ai_model_run,Data Warehousing,273
EVT-0029-0088,CUST-0029,2026-02-14 11:48:02.392394,data_ingestion,Data Warehousing,454
EVT-0029-0089,CUST-0029,2026-02-28 18:55:07.553919,ai_model_run,Machine Learning,491
EVT-0029-0090,CUST-0029,2026-05-06 18:58:54.466680,login,Analytics,193
EVT-0029-0091,CUST-0029,2026-04-19 06:46:58.759387,dashboard_query,AI Workloads,199
EVT-0029-0092,CUST-0029,2026-04-18 14:09:36.204498,pipeline_execution,Data Warehousing,16
EVT-0029-0093,CUST-0029,2026-04-07 18:07:37.363204,data_ingestion,Analytics,242
EVT-0029-0094,CUST-0029,2026-04-02 17:04:50.317810,data_ingestion,Data Warehousing,268
EVT-0029-0095,CUST-0029,2026-04-19 05:27:15.049843,data_ingestion,Data Engineering,59
EVT-0029-0096,CUST-0029,2026-04-02 12:24:26.911503,login,Data Engineering,332
EVT-0029-0097,CUST-0029,2026-04-25 16:34:09.535809,ai_model_run,AI Workloads,92
EVT-0029-0098,CUST-0029,2026-02-27 04:06:01.385112,login,Analytics,462
EVT-0029-0099,CUST-0029,2026-03-25 12:38:21.639649,data_ingestion,Data Warehousing,17
EVT-0030-0000,CUST-0030,2026-05-09 05:13:07.842974,login,AI Workloads,256
EVT-0030-0001,CUST-0030,2026-04-04 09:42:36.405773,pipeline_execution,Analytics,286
EVT-0030-0002,CUST-0030,2026-02-12 12:09:17.133088,pipeline_execution,Data Warehousing,315
EVT-0030-0003,CUST-0030,2026-03-25 08:50:47.722804,pipeline_execution,Data Engineering,170
EVT-0030-0004,CUST-0030,2026-02-23 22:27:27.433317,pipeline_execution,AI Workloads,102
EVT-0030-0005,CUST-0030,2026-02-15 12:47:42.994391,login,Machine Learning,209
EVT-0030-0006,CUST-0030,2026-03-24 08:44:26.220869,login,Analytics,222
EVT-0030-0007,CUST-0030,2026-03-27 13:30:57.213282,pipeline_execution,Data Engineering,261
EVT-0030-0008,CUST-0030,2026-04-02 03:33:17.722567,pipeline_execution,Analytics,334
EVT-0030-0009,CUST-0030,2026-03-09 04:48:08.274012,ai_model_run,Analytics,497
EVT-0030-0010,CUST-0030,2026-05-01 22:56:28.284083,data_ingestion,Data Warehousing,59
EVT-0030-0011,CUST-0030,2026-02-21 23:52:09.008253,ai_model_run,AI Workloads,467
EVT-0030-0012,CUST-0030,2026-02-19 04:17:04.953393,ai_model_run,Data Engineering,15
EVT-0030-0013,CUST-0030,2026-03-16 16:11:57.175150,ai_model_run,Machine Learning,225
EVT-0030-0014,CUST-0030,2026-03-03 01:36:33.680230,ai_model_run,Data Engineering,236
EVT-0030-0015,CUST-0030,2026-04-05 07:20:23.914138,data_ingestion,Analytics,74
EVT-0030-0016,CUST-0030,2026-04-23 10:43:55.958507,login,Data Warehousing,29
EVT-0030-0017,CUST-0030,2026-02-25 17:47:09.901067,ai_model_run,AI Workloads,260
EVT-0030-0018,CUST-0030,2026-03-12 01:34:58.280100,dashboard_query,Analytics,308
EVT-0030-0019,CUST-0030,2026-02-22 19:12:13.271877,login,Machine Learning,433
EVT-0030-0020,CUST-0030,2026-03-14 20:01:38.079901,ai_model_run,Machine Learning,223
EVT-0030-0021,CUST-0030,2026-03-06 08:33:26.402886,login,Data Warehousing,17
EVT-0030-0022,CUST-0030,2026-02-25 10:15:00.603616,pipeline_execution,Machine Learning,331
EVT-0030-0023,CUST-0030,2026-04-17 20:05:01.283241,pipeline_execution,AI Workloads,192
EVT-0030-0024,CUST-0030,2026-05-07 14:15:39.000729,login,AI Workloads,66
EVT-0030-0025,CUST-0030,2026-02-17 14:06:28.122621,pipeline_execution,Data Engineering,422
EVT-0030-0026,CUST-0030,2026-03-01 15:46:19.169611,login,Data Engineering,263
EVT-0030-0027,CUST-0030,2026-04-18 06:53:15.964212,dashboard_query,Data Engineering,40
EVT-0030-0028,CUST-0030,2026-03-16 03:20:27.995922,dashboard_query,AI Workloads,210
EVT-0030-0029,CUST-0030,2026-03-29 06:14:48.174754,ai_model_run,Machine Learning,71
EVT-0030-0030,CUST-0030,2026-04-18 13:40:44.394076,pipeline_execution,Data Warehousing,332
EVT-0031-0000,CUST-0031,2026-04-03 12:07:30.923974,login,Machine Learning,402
EVT-0031-0001,CUST-0031,2026-04-27 00:33:28.439903,data_ingestion,Data Engineering,466
EVT-0031-0002,CUST-0031,2026-05-06 13:08:30.654387,pipeline_execution,Data Engineering,52
EVT-0031-0003,CUST-0031,2026-03-12 22:40:00.448324,login,AI Workloads,26
EVT-0031-0004,CUST-0031,2026-03-18 10:09:43.122938,pipeline_execution,Data Warehousing,422
EVT-0031-0005,CUST-0031,2026-03-25 07:38:08.361348,ai_model_run,Analytics,232
EVT-0031-0006,CUST-0031,2026-03-16 10:40:02.398987,data_ingestion,Data Warehousing,160
EVT-0031-0007,CUST-0031,2026-05-04 09:52:06.754523,data_ingestion,Analytics,319
EVT-0031-0008,CUST-0031,2026-03-11 00:38:51.227565,pipeline_execution,AI Workloads,38
EVT-0031-0009,CUST-0031,2026-02-17 08:46:44.953371,dashboard_query,Data Warehousing,329
EVT-0031-0010,CUST-0031,2026-03-19 21:37:09.190299,ai_model_run,Data Engineering,367
EVT-0031-0011,CUST-0031,2026-02-13 06:24:27.972980,login,Machine Learning,425
EVT-0031-0012,CUST-0031,2026-04-28 18:40:45.797697,data_ingestion,Data Engineering,333
EVT-0031-0013,CUST-0031,2026-02-19 02:07:38.994606,dashboard_query,AI Workloads,91
EVT-0031-0014,CUST-0031,2026-03-24 06:41:28.763041,ai_model_run,Data Engineering,71
EVT-0031-0015,CUST-0031,2026-04-22 02:08:23.695727,pipeline_execution,Analytics,344
EVT-0031-0016,CUST-0031,2026-03-21 00:55:19.474913,login,Machine Learning,283
EVT-0031-0017,CUST-0031,2026-05-02 00:35:51.335121,ai_model_run,Data Engineering,390
EVT-0031-0018,CUST-0031,2026-04-15 12:41:54.037943,data_ingestion,Analytics,175
EVT-0031-0019,CUST-0031,2026-03-14 17:01:03.810938,dashboard_query,Data Warehousing,294
EVT-0031-0020,CUST-0031,2026-03-19 00:41:13.100544,ai_model_run,Machine Learning,51
EVT-0031-0021,CUST-0031,2026-03-13 03:25:09.624922,data_ingestion,Machine Learning,232
EVT-0031-0022,CUST-0031,2026-05-02 23:14:25.997134,pipeline_execution,AI Workloads,98
EVT-0031-0023,CUST-0031,2026-05-04 14:12:57.666264,dashboard_query,Analytics,204
EVT-0031-0024,CUST-0031,2026-04-28 14:23:01.656569,ai_model_run,Data Engineering,184
EVT-0031-0025,CUST-0031,2026-03-22 13:23:05.764334,login,Analytics,29
EVT-0031-0026,CUST-0031,2026-04-07 21:12:26.218564,login,Data Warehousing,204
EVT-0031-0027,CUST-0031,2026-04-14 11:48:50.071124,data_ingestion,Analytics,78
EVT-0031-0028,CUST-0031,2026-04-09 20:52:13.068177,ai_model_run,AI Workloads,352
EVT-0031-0029,CUST-0031,2026-04-06 18:55:35.440438,data_ingestion,Data Engineering,338
EVT-0031-0030,CUST-0031,2026-02-25 04:15:12.666913,ai_model_run,AI Workloads,250
EVT-0031-0031,CUST-0031,2026-02-28 13:56:56.874496,dashboard_query,AI Workloads,173
EVT-0031-0032,CUST-0031,2026-03-13 07:31:59.422130,pipeline_execution,Machine Learning,197
EVT-0031-0033,CUST-0031,2026-03-20 10:45:51.583532,data_ingestion,Data Warehousing,480
EVT-0031-0034,CUST-0031,2026-05-06 19:50:27.561472,pipeline_execution,Machine Learning,240
EVT-0031-0035,CUST-0031,2026-03-04 16:45:32.349988,pipeline_execution,Data Engineering,137
EVT-0031-0036,CUST-0031,2026-02-27 15:40:40.373893,login,Analytics,46
EVT-0031-0037,CUST-0031,2026-02-23 21:24:49.427563,ai_model_run,AI Workloads,454
EVT-0031-0038,CUST-0031,2026-04-12 02:47:43.725396,data_ingestion,Data Engineering,77
EVT-0031-0039,CUST-0031,2026-02-22 20:02:50.293874,data_ingestion,Analytics,312
EVT-0031-0040,CUST-0031,2026-05-07 09:23:40.359271,data_ingestion,Data Warehousing,264
EVT-0031-0041,CUST-0031,2026-04-18 08:38:36.934990,dashboard_query,Analytics,492
EVT-0031-0042,CUST-0031,2026-03-26 19:57:35.766412,ai_model_run,Data Engineering,299
EVT-0031-0043,CUST-0031,2026-03-03 20:32:16.352086,data_ingestion,AI Workloads,139
EVT-0031-0044,CUST-0031,2026-04-22 08:55:28.195884,login,Data Engineering,354
EVT-0031-0045,CUST-0031,2026-02-16 23:57:51.845019,dashboard_query,Analytics,332
EVT-0031-0046,CUST-0031,2026-03-08 21:04:19.629085,data_ingestion,Analytics,163
EVT-0031-0047,CUST-0031,2026-04-26 20:16:55.173650,data_ingestion,Data Engineering,346
EVT-0031-0048,CUST-0031,2026-05-10 04:11:31.032557,login,Analytics,78
EVT-0031-0049,CUST-0031,2026-03-01 00:05:04.181719,dashboard_query,Data Engineering,59
EVT-0031-0050,CUST-0031,2026-04-19 04:00:04.964085,data_ingestion,AI Workloads,354
EVT-0031-0051,CUST-0031,2026-05-11 16:46:53.339998,login,Machine Learning,455
EVT-0031-0052,CUST-0031,2026-04-21 13:22:31.967302,pipeline_execution,Analytics,334
EVT-0031-0053,CUST-0031,2026-02-20 14:59:09.308245,data_ingestion,Data Engineering,152
EVT-0031-0054,CUST-0031,2026-04-30 17:10:32.547711,dashboard_query,AI Workloads,450
EVT-0031-0055,CUST-0031,2026-03-02 04:41:02.306286,dashboard_query,Machine Learning,176
EVT-0031-0056,CUST-0031,2026-04-17 11:30:12.474036,data_ingestion,Data Warehousing,303
EVT-0031-0057,CUST-0031,2026-04-10 01:01:32.021370,login,Data Warehousing,246
EVT-0031-0058,CUST-0031,2026-04-29 09:30:05.840364,dashboard_query,Data Engineering,264
EVT-0031-0059,CUST-0031,2026-04-19 14:22:42.367974,pipeline_execution,AI Workloads,54
EVT-0031-0060,CUST-0031,2026-04-26 17:59:07.766946,data_ingestion,Machine Learning,478
EVT-0031-0061,CUST-0031,2026-03-03 00:50:55.970509,data_ingestion,AI Workloads,427
EVT-0031-0062,CUST-0031,2026-05-11 13:49:24.501072,dashboard_query,Data Warehousing,366
EVT-0031-0063,CUST-0031,2026-03-31 00:41:27.279443,pipeline_execution,Machine Learning,19
EVT-0031-0064,CUST-0031,2026-04-18 23:02:43.643594,data_ingestion,Machine Learning,409
EVT-0031-0065,CUST-0031,2026-03-19 11:27:55.501343,dashboard_query,Machine Learning,291
EVT-0031-0066,CUST-0031,2026-05-02 11:07:42.021478,ai_model_run,Data Warehousing,226
EVT-0031-0067,CUST-0031,2026-02-23 08:44:40.729340,dashboard_query,Machine Learning,412
EVT-0031-0068,CUST-0031,2026-03-22 16:21:57.340607,data_ingestion,Data Warehousing,291
EVT-0031-0069,CUST-0031,2026-03-28 20:43:46.371811,data_ingestion,Analytics,6
EVT-0031-0070,CUST-0031,2026-04-09 09:52:22.501040,ai_model_run,Analytics,44
EVT-0031-0071,CUST-0031,2026-03-05 09:17:32.171336,dashboard_query,Analytics,409
EVT-0031-0072,CUST-0031,2026-03-13 14:09:57.147824,login,Data Warehousing,15
EVT-0031-0073,CUST-0031,2026-02-13 09:31:33.731538,pipeline_execution,AI Workloads,185
EVT-0032-0000,CUST-0032,2026-02-21 15:03:33.072944,login,Analytics,255
EVT-0032-0001,CUST-0032,2026-02-12 20:13:34.945029,login,AI Workloads,455
EVT-0032-0002,CUST-0032,2026-04-28 09:04:19.941316,pipeline_execution,Analytics,221
EVT-0032-0003,CUST-0032,2026-04-06 20:23:28.336950,login,Data Engineering,473
EVT-0032-0004,CUST-0032,2026-02-14 12:41:23.154475,login,AI Workloads,263
EVT-0032-0005,CUST-0032,2026-04-02 13:25:34.616408,ai_model_run,AI Workloads,7
EVT-0032-0006,CUST-0032,2026-03-20 05:26:49.405576,login,Analytics,327
EVT-0032-0007,CUST-0032,2026-04-15 17:05:04.111374,login,Analytics,413
EVT-0032-0008,CUST-0032,2026-05-02 18:05:04.441791,login,Analytics,297
EVT-0032-0009,CUST-0032,2026-02-20 04:44:27.796533,data_ingestion,Machine Learning,496
EVT-0032-0010,CUST-0032,2026-04-27 08:39:44.771738,data_ingestion,Machine Learning,402
EVT-0032-0011,CUST-0032,2026-05-10 21:55:51.791831,ai_model_run,Analytics,264
EVT-0032-0012,CUST-0032,2026-04-26 15:57:47.646459,login,Data Warehousing,46
EVT-0032-0013,CUST-0032,2026-02-11 04:26:02.056638,data_ingestion,AI Workloads,452
EVT-0032-0014,CUST-0032,2026-03-07 02:08:54.883512,pipeline_execution,Analytics,297
EVT-0032-0015,CUST-0032,2026-03-03 20:43:06.985793,data_ingestion,Analytics,349
EVT-0032-0016,CUST-0032,2026-03-10 10:40:30.480194,login,Data Warehousing,235
EVT-0032-0017,CUST-0032,2026-04-07 14:03:18.073246,data_ingestion,Data Warehousing,411
EVT-0032-0018,CUST-0032,2026-02-11 01:13:03.374019,data_ingestion,Machine Learning,365
EVT-0032-0019,CUST-0032,2026-05-05 21:22:54.805886,ai_model_run,Data Warehousing,430
EVT-0032-0020,CUST-0032,2026-04-08 02:40:54.112912,login,Machine Learning,332
EVT-0032-0021,CUST-0032,2026-03-03 09:19:35.668293,login,Machine Learning,316
EVT-0032-0022,CUST-0032,2026-04-14 02:43:03.016735,data_ingestion,AI Workloads,53
EVT-0032-0023,CUST-0032,2026-03-07 14:26:16.922414,ai_model_run,Machine Learning,164
EVT-0032-0024,CUST-0032,2026-03-19 03:32:51.487757,ai_model_run,Analytics,381
EVT-0032-0025,CUST-0032,2026-03-14 09:18:07.931160,data_ingestion,Analytics,190
EVT-0032-0026,CUST-0032,2026-04-15 14:43:09.848768,login,Data Engineering,212
EVT-0032-0027,CUST-0032,2026-04-11 10:01:16.510744,data_ingestion,Analytics,449
EVT-0032-0028,CUST-0032,2026-05-04 11:28:44.692788,login,Data Warehousing,29
EVT-0032-0029,CUST-0032,2026-02-28 04:38:30.306493,dashboard_query,Data Engineering,17
EVT-0032-0030,CUST-0032,2026-02-23 21:10:44.261150,dashboard_query,AI Workloads,181
EVT-0032-0031,CUST-0032,2026-04-22 02:13:52.795516,data_ingestion,Data Engineering,280
EVT-0032-0032,CUST-0032,2026-04-01 10:12:31.577152,data_ingestion,Data Warehousing,389
EVT-0032-0033,CUST-0032,2026-03-25 14:49:58.016120,pipeline_execution,Analytics,350
EVT-0032-0034,CUST-0032,2026-04-29 07:56:06.012413,dashboard_query,Machine Learning,361
EVT-0032-0035,CUST-0032,2026-03-05 05:34:16.466431,pipeline_execution,Analytics,348
EVT-0032-0036,CUST-0032,2026-05-02 03:58:10.772809,pipeline_execution,Data Warehousing,260
EVT-0032-0037,CUST-0032,2026-05-11 01:20:30.430456,data_ingestion,Machine Learning,404
EVT-0032-0038,CUST-0032,2026-03-23 09:39:12.285268,dashboard_query,AI Workloads,255
EVT-0032-0039,CUST-0032,2026-03-04 20:55:16.569922,data_ingestion,Data Engineering,43
EVT-0032-0040,CUST-0032,2026-04-26 17:14:47.636387,pipeline_execution,AI Workloads,442
EVT-0032-0041,CUST-0032,2026-05-09 14:05:48.410403,data_ingestion,Analytics,466
EVT-0032-0042,CUST-0032,2026-03-26 01:52:15.189184,login,Data Engineering,203
EVT-0032-0043,CUST-0032,2026-03-15 17:13:14.551016,login,Data Engineering,316
EVT-0032-0044,CUST-0032,2026-04-09 14:29:39.398109,data_ingestion,Analytics,355
EVT-0032-0045,CUST-0032,2026-04-18 10:32:08.959336,data_ingestion,Data Warehousing,110
EVT-0032-0046,CUST-0032,2026-05-10 10:18:08.047171,login,Data Warehousing,465
EVT-0032-0047,CUST-0032,2026-04-12 06:28:51.758926,data_ingestion,Analytics,478
EVT-0032-0048,CUST-0032,2026-03-02 04:17:48.044015,data_ingestion,Machine Learning,251
EVT-0032-0049,CUST-0032,2026-02-22 13:40:54.284364,login,Machine Learning,375
EVT-0032-0050,CUST-0032,2026-04-12 15:59:27.795186,ai_model_run,Data Warehousing,133
EVT-0032-0051,CUST-0032,2026-02-28 09:30:41.769066,ai_model_run,Data Engineering,306
EVT-0032-0052,CUST-0032,2026-03-18 21:22:44.519667,data_ingestion,Data Engineering,236
EVT-0032-0053,CUST-0032,2026-04-08 16:38:41.221796,data_ingestion,Data Engineering,495
EVT-0032-0054,CUST-0032,2026-02-19 18:21:54.907961,login,Analytics,26
EVT-0032-0055,CUST-0032,2026-03-09 03:56:38.080885,ai_model_run,Analytics,278
EVT-0032-0056,CUST-0032,2026-03-22 19:54:39.326089,ai_model_run,Machine Learning,185
EVT-0032-0057,CUST-0032,2026-03-06 20:16:09.300078,ai_model_run,AI Workloads,388
EVT-0032-0058,CUST-0032,2026-04-17 10:10:57.860062,dashboard_query,Data Warehousing,36
EVT-0032-0059,CUST-0032,2026-04-15 18:46:57.877203,data_ingestion,Analytics,389
EVT-0032-0060,CUST-0032,2026-03-10 23:53:55.780632,dashboard_query,Analytics,69
EVT-0032-0061,CUST-0032,2026-04-16 22:09:12.451670,pipeline_execution,Data Warehousing,160
EVT-0033-0000,CUST-0033,2026-03-05 17:30:09.974903,data_ingestion,Data Warehousing,21
EVT-0033-0001,CUST-0033,2026-04-06 11:43:14.313691,ai_model_run,Data Engineering,289
EVT-0033-0002,CUST-0033,2026-05-04 17:44:34.665067,data_ingestion,AI Workloads,324
EVT-0033-0003,CUST-0033,2026-02-26 00:34:38.451766,pipeline_execution,AI Workloads,205
EVT-0033-0004,CUST-0033,2026-03-17 09:18:37.527038,data_ingestion,Data Warehousing,485
EVT-0033-0005,CUST-0033,2026-03-14 07:39:03.513180,ai_model_run,Analytics,254
EVT-0033-0006,CUST-0033,2026-02-21 17:11:39.496860,pipeline_execution,Data Engineering,60
EVT-0033-0007,CUST-0033,2026-02-22 14:26:52.529453,ai_model_run,Analytics,185
EVT-0033-0008,CUST-0033,2026-04-18 20:44:05.656029,pipeline_execution,Data Warehousing,459
EVT-0033-0009,CUST-0033,2026-04-30 18:46:52.331269,login,AI Workloads,203
EVT-0033-0010,CUST-0033,2026-05-02 18:10:18.275768,dashboard_query,AI Workloads,217
EVT-0033-0011,CUST-0033,2026-02-19 16:13:26.095311,login,Analytics,402
EVT-0033-0012,CUST-0033,2026-03-26 13:52:29.842623,login,AI Workloads,134
EVT-0033-0013,CUST-0033,2026-03-28 18:40:04.035933,login,AI Workloads,286
EVT-0033-0014,CUST-0033,2026-04-01 03:05:01.774479,dashboard_query,Data Engineering,308
EVT-0033-0015,CUST-0033,2026-04-30 10:50:59.731556,data_ingestion,Analytics,27
EVT-0033-0016,CUST-0033,2026-04-10 15:44:55.132985,ai_model_run,Analytics,383
EVT-0033-0017,CUST-0033,2026-03-15 06:12:12.052775,ai_model_run,Data Warehousing,243
EVT-0033-0018,CUST-0033,2026-04-04 23:41:51.747936,ai_model_run,Data Warehousing,145
EVT-0033-0019,CUST-0033,2026-04-10 06:24:25.124270,login,AI Workloads,282
EVT-0033-0020,CUST-0033,2026-03-02 17:54:38.829778,data_ingestion,Data Engineering,140
EVT-0033-0021,CUST-0033,2026-03-01 11:43:44.189120,data_ingestion,Machine Learning,209
EVT-0033-0022,CUST-0033,2026-04-08 11:23:22.195800,data_ingestion,AI Workloads,243
EVT-0033-0023,CUST-0033,2026-05-03 09:51:35.043914,dashboard_query,Analytics,371
EVT-0033-0024,CUST-0033,2026-03-22 09:19:55.517822,login,Analytics,486
EVT-0033-0025,CUST-0033,2026-03-19 02:22:47.309348,login,AI Workloads,206
EVT-0033-0026,CUST-0033,2026-03-03 02:21:56.921522,dashboard_query,AI Workloads,73
EVT-0033-0027,CUST-0033,2026-03-25 09:14:16.646255,data_ingestion,Data Warehousing,67
EVT-0033-0028,CUST-0033,2026-04-11 21:20:11.629149,dashboard_query,AI Workloads,437
EVT-0033-0029,CUST-0033,2026-04-27 09:29:12.613855,login,Machine Learning,60
EVT-0033-0030,CUST-0033,2026-04-01 19:00:57.334057,dashboard_query,Analytics,181
EVT-0033-0031,CUST-0033,2026-02-16 05:33:10.804715,dashboard_query,Data Warehousing,94
EVT-0033-0032,CUST-0033,2026-04-18 21:01:42.434538,pipeline_execution,Machine Learning,260
EVT-0033-0033,CUST-0033,2026-02-22 22:39:44.146323,login,Data Warehousing,442
EVT-0033-0034,CUST-0033,2026-02-12 02:08:38.680856,login,AI Workloads,296
EVT-0033-0035,CUST-0033,2026-03-20 23:53:34.732764,data_ingestion,Data Warehousing,43
EVT-0033-0036,CUST-0033,2026-02-26 13:37:39.812810,login,Data Warehousing,454
EVT-0033-0037,CUST-0033,2026-03-03 22:32:59.175427,data_ingestion,AI Workloads,400
EVT-0033-0038,CUST-0033,2026-05-11 20:52:10.941519,ai_model_run,AI Workloads,165
EVT-0033-0039,CUST-0033,2026-02-16 17:49:52.397954,pipeline_execution,Machine Learning,298
EVT-0033-0040,CUST-0033,2026-03-25 14:27:42.828626,pipeline_execution,Machine Learning,361
EVT-0033-0041,CUST-0033,2026-04-02 10:37:32.603217,dashboard_query,Data Warehousing,320
EVT-0033-0042,CUST-0033,2026-03-15 00:24:02.573320,pipeline_execution,Analytics,91
EVT-0033-0043,CUST-0033,2026-03-15 03:40:34.522174,dashboard_query,Data Warehousing,457
EVT-0033-0044,CUST-0033,2026-04-13 22:17:07.660368,login,Data Engineering,198
EVT-0033-0045,CUST-0033,2026-03-25 11:23:12.886176,login,Data Engineering,46
EVT-0033-0046,CUST-0033,2026-04-28 10:00:56.938860,login,Data Engineering,454
EVT-0033-0047,CUST-0033,2026-05-02 05:02:25.935101,pipeline_execution,AI Workloads,245
EVT-0033-0048,CUST-0033,2026-02-20 04:03:14.887713,data_ingestion,AI Workloads,411
EVT-0033-0049,CUST-0033,2026-03-18 23:51:53.586911,login,Data Engineering,87
EVT-0033-0050,CUST-0033,2026-04-21 21:43:41.498398,dashboard_query,Machine Learning,353
EVT-0033-0051,CUST-0033,2026-02-26 00:28:37.505151,data_ingestion,AI Workloads,471
EVT-0033-0052,CUST-0033,2026-02-14 02:12:31.511442,pipeline_execution,Data Warehousing,395
EVT-0033-0053,CUST-0033,2026-02-28 16:45:50.764497,pipeline_execution,Data Engineering,186
EVT-0033-0054,CUST-0033,2026-03-02 15:27:32.711462,ai_model_run,AI Workloads,98
EVT-0033-0055,CUST-0033,2026-02-15 12:42:07.397119,login,AI Workloads,33
EVT-0033-0056,CUST-0033,2026-02-17 12:36:58.188838,data_ingestion,Data Warehousing,352
EVT-0033-0057,CUST-0033,2026-02-20 11:45:16.693323,pipeline_execution,Machine Learning,131
EVT-0033-0058,CUST-0033,2026-04-10 18:16:10.290506,dashboard_query,Machine Learning,371
EVT-0033-0059,CUST-0033,2026-03-01 16:03:02.448615,login,AI Workloads,4
EVT-0033-0060,CUST-0033,2026-04-23 02:23:30.827748,pipeline_execution,Data Warehousing,110
EVT-0033-0061,CUST-0033,2026-03-21 20:12:53.409415,pipeline_execution,Analytics,147
EVT-0033-0062,CUST-0033,2026-05-11 19:56:23.305119,pipeline_execution,Data Engineering,196
EVT-0033-0063,CUST-0033,2026-05-01 03:30:54.360146,login,Data Engineering,424
EVT-0033-0064,CUST-0033,2026-05-09 05:58:11.362827,dashboard_query,Machine Learning,437
EVT-0033-0065,CUST-0033,2026-02-13 23:44:14.513155,login,Analytics,262
EVT-0033-0066,CUST-0033,2026-02-12 17:39:15.073526,data_ingestion,Data Warehousing,167
EVT-0033-0067,CUST-0033,2026-04-26 11:11:17.960154,login,Machine Learning,269
EVT-0033-0068,CUST-0033,2026-04-30 03:51:18.611503,pipeline_execution,Data Warehousing,142
EVT-0033-0069,CUST-0033,2026-03-04 09:40:26.954604,ai_model_run,Data Engineering,499
EVT-0033-0070,CUST-0033,2026-05-09 22:54:24.913944,login,AI Workloads,319
EVT-0033-0071,CUST-0033,2026-03-17 01:01:51.226021,ai_model_run,Data Engineering,361
EVT-0033-0072,CUST-0033,2026-02-11 02:30:35.859298,login,AI Workloads,310
EVT-0033-0073,CUST-0033,2026-05-04 20:33:55.547605,login,AI Workloads,217
EVT-0033-0074,CUST-0033,2026-03-02 16:44:58.957886,dashboard_query,Data Engineering,173
EVT-0033-0075,CUST-0033,2026-04-21 22:44:49.740649,dashboard_query,Machine Learning,264
EVT-0033-0076,CUST-0033,2026-03-14 18:28:07.755836,pipeline_execution,AI Workloads,289
EVT-0033-0077,CUST-0033,2026-04-19 11:30:43.221222,dashboard_query,Analytics,398
EVT-0033-0078,CUST-0033,2026-04-26 17:15:58.486911,data_ingestion,Analytics,140
EVT-0033-0079,CUST-0033,2026-04-16 16:21:09.737660,dashboard_query,AI Workloads,211
EVT-0034-0000,CUST-0034,2026-04-02 07:12:22.448588,pipeline_execution,Analytics,314
EVT-0034-0001,CUST-0034,2026-04-15 05:42:33.134043,login,AI Workloads,129
EVT-0034-0002,CUST-0034,2026-04-04 04:29:48.011903,dashboard_query,Data Engineering,223
EVT-0034-0003,CUST-0034,2026-03-22 19:59:47.835043,dashboard_query,AI Workloads,158
EVT-0034-0004,CUST-0034,2026-04-28 19:02:56.733890,pipeline_execution,Machine Learning,40
EVT-0034-0005,CUST-0034,2026-04-01 01:54:47.658917,dashboard_query,AI Workloads,92
EVT-0034-0006,CUST-0034,2026-03-23 05:57:29.546595,pipeline_execution,Data Warehousing,95
EVT-0034-0007,CUST-0034,2026-03-27 23:23:03.426482,pipeline_execution,AI Workloads,412
EVT-0034-0008,CUST-0034,2026-04-01 23:16:05.510822,pipeline_execution,Data Warehousing,207
EVT-0034-0009,CUST-0034,2026-03-09 01:23:24.965793,dashboard_query,Analytics,93
EVT-0034-0010,CUST-0034,2026-04-13 07:08:19.061844,dashboard_query,Machine Learning,171
EVT-0034-0011,CUST-0034,2026-05-10 05:21:52.245112,dashboard_query,Machine Learning,242
EVT-0034-0012,CUST-0034,2026-04-07 23:05:14.641814,data_ingestion,Machine Learning,298
EVT-0034-0013,CUST-0034,2026-04-05 16:39:49.862389,dashboard_query,Data Engineering,61
EVT-0034-0014,CUST-0034,2026-03-16 19:30:24.931440,pipeline_execution,Data Engineering,97
EVT-0034-0015,CUST-0034,2026-05-02 01:17:22.724103,login,Machine Learning,80
EVT-0034-0016,CUST-0034,2026-04-10 04:26:20.413087,data_ingestion,Data Engineering,455
EVT-0034-0017,CUST-0034,2026-03-08 22:56:27.032082,login,Machine Learning,267
EVT-0034-0018,CUST-0034,2026-05-05 16:02:49.234827,login,Machine Learning,268
EVT-0034-0019,CUST-0034,2026-02-21 13:40:16.136584,login,Machine Learning,126
EVT-0034-0020,CUST-0034,2026-03-07 16:49:10.682675,ai_model_run,Machine Learning,378
EVT-0034-0021,CUST-0034,2026-04-11 09:20:44.847176,ai_model_run,Data Engineering,58
EVT-0034-0022,CUST-0034,2026-03-31 08:21:21.398340,data_ingestion,Analytics,173
EVT-0034-0023,CUST-0034,2026-04-14 21:46:09.449696,login,Machine Learning,142
EVT-0034-0024,CUST-0034,2026-05-10 09:35:38.730103,data_ingestion,Analytics,278
EVT-0034-0025,CUST-0034,2026-03-08 22:48:28.622099,pipeline_execution,Data Warehousing,289
EVT-0034-0026,CUST-0034,2026-03-04 23:14:02.083596,login,Data Warehousing,135
EVT-0034-0027,CUST-0034,2026-03-04 08:49:36.611853,data_ingestion,Machine Learning,255
EVT-0034-0028,CUST-0034,2026-02-25 16:18:44.229131,data_ingestion,Analytics,262
EVT-0034-0029,CUST-0034,2026-02-24 07:53:42.299993,ai_model_run,Machine Learning,229
EVT-0034-0030,CUST-0034,2026-05-11 18:48:54.822430,data_ingestion,Data Engineering,62
EVT-0034-0031,CUST-0034,2026-02-27 04:45:05.103046,data_ingestion,Data Warehousing,27
EVT-0034-0032,CUST-0034,2026-03-02 03:17:06.918097,login,Data Warehousing,272
EVT-0034-0033,CUST-0034,2026-05-08 03:37:40.780545,dashboard_query,Data Warehousing,317
EVT-0034-0034,CUST-0034,2026-03-22 16:21:44.004588,pipeline_execution,Analytics,191
EVT-0034-0035,CUST-0034,2026-04-13 02:00:03.766703,pipeline_execution,Machine Learning,169
EVT-0034-0036,CUST-0034,2026-03-28 03:29:17.755767,ai_model_run,Machine Learning,97
EVT-0034-0037,CUST-0034,2026-03-23 10:39:16.503478,ai_model_run,Data Engineering,99
EVT-0034-0038,CUST-0034,2026-02-27 04:17:02.842698,dashboard_query,Machine Learning,110
EVT-0034-0039,CUST-0034,2026-04-04 20:03:45.258175,login,AI Workloads,233
EVT-0034-0040,CUST-0034,2026-03-18 09:41:05.640369,dashboard_query,Data Engineering,44
EVT-0034-0041,CUST-0034,2026-03-27 02:31:42.936806,login,Machine Learning,381
EVT-0034-0042,CUST-0034,2026-03-10 18:57:42.467069,data_ingestion,Analytics,392
EVT-0034-0043,CUST-0034,2026-03-20 08:20:44.684258,data_ingestion,Data Engineering,446
EVT-0034-0044,CUST-0034,2026-04-30 16:38:24.648696,pipeline_execution,AI Workloads,81
EVT-0034-0045,CUST-0034,2026-03-02 14:02:46.371467,pipeline_execution,Data Engineering,442
EVT-0034-0046,CUST-0034,2026-04-20 09:29:01.081851,ai_model_run,Data Engineering,445
EVT-0034-0047,CUST-0034,2026-03-31 04:48:54.159770,login,Data Warehousing,458
EVT-0034-0048,CUST-0034,2026-05-07 23:27:35.663176,data_ingestion,AI Workloads,116
EVT-0034-0049,CUST-0034,2026-02-11 09:09:01.140156,data_ingestion,AI Workloads,455
EVT-0034-0050,CUST-0034,2026-03-22 20:27:16.232585,login,Data Engineering,14
EVT-0034-0051,CUST-0034,2026-04-18 12:09:17.248288,pipeline_execution,Data Warehousing,350
EVT-0034-0052,CUST-0034,2026-04-19 14:05:43.759728,data_ingestion,Machine Learning,51
EVT-0034-0053,CUST-0034,2026-03-25 22:43:26.121113,data_ingestion,Data Warehousing,186
EVT-0034-0054,CUST-0034,2026-05-02 16:01:56.500870,dashboard_query,Data Engineering,322
EVT-0034-0055,CUST-0034,2026-02-19 23:50:45.698864,pipeline_execution,Data Engineering,312
EVT-0034-0056,CUST-0034,2026-04-19 05:57:06.850198,ai_model_run,Machine Learning,82
EVT-0034-0057,CUST-0034,2026-03-09 14:59:24.311856,data_ingestion,Data Engineering,348
EVT-0034-0058,CUST-0034,2026-03-21 11:43:25.405832,data_ingestion,Data Engineering,94
EVT-0034-0059,CUST-0034,2026-04-14 03:10:54.966138,dashboard_query,Data Warehousing,176
EVT-0034-0060,CUST-0034,2026-04-15 15:26:58.316052,login,Data Engineering,7
EVT-0034-0061,CUST-0034,2026-03-13 04:22:34.594531,login,AI Workloads,243
EVT-0034-0062,CUST-0034,2026-03-10 07:17:32.952512,dashboard_query,Data Engineering,40
EVT-0034-0063,CUST-0034,2026-03-02 22:08:10.858899,dashboard_query,Data Warehousing,57
EVT-0034-0064,CUST-0034,2026-04-23 21:47:05.662027,data_ingestion,Data Warehousing,471
EVT-0034-0065,CUST-0034,2026-04-30 13:36:12.789312,pipeline_execution,Machine Learning,26
EVT-0034-0066,CUST-0034,2026-02-22 20:05:16.201406,dashboard_query,Analytics,285
EVT-0034-0067,CUST-0034,2026-03-24 16:06:55.337289,login,Analytics,493
EVT-0034-0068,CUST-0034,2026-03-05 23:09:55.920224,data_ingestion,Machine Learning,224
EVT-0034-0069,CUST-0034,2026-05-10 14:04:57.228248,ai_model_run,Analytics,250
EVT-0034-0070,CUST-0034,2026-03-19 23:46:48.548991,ai_model_run,Data Engineering,478
EVT-0034-0071,CUST-0034,2026-05-11 18:51:06.880994,pipeline_execution,Data Engineering,473
EVT-0034-0072,CUST-0034,2026-05-11 18:16:37.869970,pipeline_execution,Analytics,479
EVT-0034-0073,CUST-0034,2026-03-24 04:17:06.131827,pipeline_execution,Data Warehousing,232
EVT-0034-0074,CUST-0034,2026-02-26 21:18:51.294186,login,AI Workloads,76
EVT-0034-0075,CUST-0034,2026-03-14 05:23:47.279706,data_ingestion,Data Warehousing,386
EVT-0034-0076,CUST-0034,2026-02-24 13:05:21.538546,login,Machine Learning,285
EVT-0035-0000,CUST-0035,2026-02-20 08:24:23.596035,data_ingestion,Data Engineering,196
EVT-0035-0001,CUST-0035,2026-03-07 20:03:28.895871,dashboard_query,Data Warehousing,409
EVT-0035-0002,CUST-0035,2026-04-11 04:56:26.702933,login,Data Warehousing,435
EVT-0035-0003,CUST-0035,2026-03-11 02:52:52.683639,pipeline_execution,Machine Learning,279
EVT-0035-0004,CUST-0035,2026-04-07 16:08:55.514219,pipeline_execution,Data Warehousing,304
EVT-0035-0005,CUST-0035,2026-03-02 22:37:31.890101,pipeline_execution,Machine Learning,450
EVT-0035-0006,CUST-0035,2026-02-22 13:35:29.107574,login,Data Warehousing,10
EVT-0035-0007,CUST-0035,2026-02-11 09:37:41.304710,pipeline_execution,Data Engineering,51
EVT-0035-0008,CUST-0035,2026-04-10 11:37:35.222217,login,AI Workloads,337
EVT-0035-0009,CUST-0035,2026-05-09 22:49:57.294560,dashboard_query,Data Engineering,315
EVT-0035-0010,CUST-0035,2026-05-04 17:57:00.292445,data_ingestion,AI Workloads,127
EVT-0035-0011,CUST-0035,2026-04-28 05:54:40.730203,pipeline_execution,Analytics,397
EVT-0035-0012,CUST-0035,2026-04-20 16:34:31.854928,dashboard_query,Data Warehousing,371
EVT-0035-0013,CUST-0035,2026-05-03 23:10:37.491296,pipeline_execution,Data Warehousing,251
EVT-0035-0014,CUST-0035,2026-03-07 09:46:01.032114,data_ingestion,Data Engineering,313
EVT-0035-0015,CUST-0035,2026-02-14 19:12:00.719073,data_ingestion,Analytics,184
EVT-0035-0016,CUST-0035,2026-04-27 07:01:21.650562,dashboard_query,Data Warehousing,270
EVT-0035-0017,CUST-0035,2026-02-26 19:09:13.135085,data_ingestion,AI Workloads,29
EVT-0035-0018,CUST-0035,2026-04-22 13:14:21.553460,ai_model_run,Data Engineering,206
EVT-0035-0019,CUST-0035,2026-02-11 10:35:33.926079,login,Analytics,392
EVT-0035-0020,CUST-0035,2026-04-06 20:27:01.756098,dashboard_query,Machine Learning,181
EVT-0035-0021,CUST-0035,2026-03-30 02:39:24.273292,login,Data Warehousing,12
EVT-0035-0022,CUST-0035,2026-03-21 13:52:43.598319,login,Data Engineering,305
EVT-0035-0023,CUST-0035,2026-04-27 00:01:38.559152,data_ingestion,Analytics,294
EVT-0035-0024,CUST-0035,2026-02-18 11:43:45.359700,data_ingestion,Analytics,390
EVT-0035-0025,CUST-0035,2026-04-20 22:32:08.340653,pipeline_execution,Data Engineering,372
EVT-0035-0026,CUST-0035,2026-03-29 20:05:56.920359,ai_model_run,Analytics,31
EVT-0035-0027,CUST-0035,2026-04-05 07:31:15.088820,data_ingestion,AI Workloads,282
EVT-0035-0028,CUST-0035,2026-03-24 19:59:40.358342,data_ingestion,Data Warehousing,210
EVT-0036-0000,CUST-0036,2026-04-09 06:13:59.201747,data_ingestion,Machine Learning,49
EVT-0036-0001,CUST-0036,2026-04-19 14:52:06.135141,pipeline_execution,Analytics,422
EVT-0036-0002,CUST-0036,2026-03-10 16:00:22.358573,ai_model_run,Data Warehousing,354
EVT-0036-0003,CUST-0036,2026-04-10 08:04:03.013030,dashboard_query,Machine Learning,87
EVT-0036-0004,CUST-0036,2026-03-08 09:41:35.441231,data_ingestion,AI Workloads,322
EVT-0036-0005,CUST-0036,2026-03-01 15:32:01.960711,dashboard_query,Analytics,305
EVT-0036-0006,CUST-0036,2026-04-09 02:18:20.724318,data_ingestion,Machine Learning,88
EVT-0036-0007,CUST-0036,2026-03-11 02:53:47.715620,pipeline_execution,Data Warehousing,25
EVT-0036-0008,CUST-0036,2026-03-24 04:16:08.966319,login,Data Warehousing,310
EVT-0036-0009,CUST-0036,2026-04-02 23:56:30.881797,login,Analytics,499
EVT-0036-0010,CUST-0036,2026-03-18 20:13:38.033980,ai_model_run,Data Engineering,94
EVT-0036-0011,CUST-0036,2026-04-23 06:25:13.889700,ai_model_run,AI Workloads,265
EVT-0036-0012,CUST-0036,2026-04-22 09:31:37.811944,data_ingestion,Machine Learning,88
EVT-0036-0013,CUST-0036,2026-02-12 06:31:31.239078,dashboard_query,Data Engineering,111
EVT-0036-0014,CUST-0036,2026-03-18 08:42:39.778475,ai_model_run,Machine Learning,219
EVT-0036-0015,CUST-0036,2026-03-25 17:34:35.796283,data_ingestion,Data Warehousing,241
EVT-0036-0016,CUST-0036,2026-04-19 22:08:54.720024,data_ingestion,Analytics,300
EVT-0036-0017,CUST-0036,2026-02-24 01:52:56.462885,pipeline_execution,Analytics,155
EVT-0036-0018,CUST-0036,2026-02-21 05:10:10.694394,login,Machine Learning,45
EVT-0036-0019,CUST-0036,2026-02-25 01:01:32.771986,data_ingestion,Machine Learning,281
EVT-0036-0020,CUST-0036,2026-04-20 16:08:33.842609,data_ingestion,Data Engineering,38
EVT-0036-0021,CUST-0036,2026-02-13 03:00:51.633447,login,Machine Learning,115
EVT-0037-0000,CUST-0037,2026-03-21 07:16:48.537270,data_ingestion,Data Engineering,81
EVT-0037-0001,CUST-0037,2026-05-04 23:16:07.452694,login,Data Warehousing,49
EVT-0037-0002,CUST-0037,2026-05-02 00:35:39.276460,login,Analytics,290
EVT-0037-0003,CUST-0037,2026-02-26 15:15:22.839650,login,Data Engineering,402
EVT-0037-0004,CUST-0037,2026-04-19 02:39:15.076323,login,Data Engineering,90
EVT-0037-0005,CUST-0037,2026-05-01 04:21:28.634065,data_ingestion,Data Warehousing,453
EVT-0037-0006,CUST-0037,2026-05-03 23:56:35.572601,dashboard_query,Data Engineering,147
EVT-0037-0007,CUST-0037,2026-03-25 01:56:24.476561,login,AI Workloads,43
EVT-0037-0008,CUST-0037,2026-03-16 08:51:20.576396,ai_model_run,Machine Learning,297
EVT-0037-0009,CUST-0037,2026-02-21 10:03:43.259783,ai_model_run,AI Workloads,323
EVT-0037-0010,CUST-0037,2026-03-19 06:24:10.045192,data_ingestion,Machine Learning,182
EVT-0037-0011,CUST-0037,2026-04-27 06:49:38.028999,dashboard_query,Machine Learning,484
EVT-0037-0012,CUST-0037,2026-04-21 18:59:49.996627,dashboard_query,Machine Learning,447
EVT-0037-0013,CUST-0037,2026-02-23 12:22:18.473818,pipeline_execution,AI Workloads,81
EVT-0037-0014,CUST-0037,2026-02-27 09:56:02.315886,pipeline_execution,Data Engineering,339
EVT-0037-0015,CUST-0037,2026-04-06 01:39:52.843840,login,Data Engineering,49
EVT-0037-0016,CUST-0037,2026-02-22 00:53:17.363522,dashboard_query,Machine Learning,54
EVT-0037-0017,CUST-0037,2026-04-11 00:56:37.070305,login,Data Engineering,197
EVT-0037-0018,CUST-0037,2026-03-01 05:19:24.553248,pipeline_execution,Analytics,497
EVT-0037-0019,CUST-0037,2026-04-08 08:21:01.377283,ai_model_run,Machine Learning,216
EVT-0037-0020,CUST-0037,2026-05-09 08:49:59.406335,data_ingestion,Machine Learning,168
EVT-0037-0021,CUST-0037,2026-04-22 06:47:35.631773,login,Data Warehousing,196
EVT-0037-0022,CUST-0037,2026-03-18 10:56:17.794312,login,Analytics,442
EVT-0038-0000,CUST-0038,2026-04-20 13:12:16.479140,pipeline_execution,Analytics,369
EVT-0038-0001,CUST-0038,2026-02-16 17:23:00.495638,data_ingestion,Analytics,395
EVT-0038-0002,CUST-0038,2026-02-24 10:30:00.465818,data_ingestion,AI Workloads,278
EVT-0038-0003,CUST-0038,2026-05-03 06:24:39.790208,ai_model_run,Data Warehousing,182
EVT-0038-0004,CUST-0038,2026-05-01 12:22:32.192075,login,Data Engineering,282
EVT-0038-0005,CUST-0038,2026-03-04 12:03:49.840891,login,AI Workloads,101
EVT-0038-0006,CUST-0038,2026-03-08 23:03:48.654600,data_ingestion,AI Workloads,443
EVT-0038-0007,CUST-0038,2026-04-17 15:38:55.255561,pipeline_execution,Analytics,473
EVT-0038-0008,CUST-0038,2026-04-14 19:03:16.001416,data_ingestion,AI Workloads,257
EVT-0038-0009,CUST-0038,2026-03-05 14:37:43.816688,ai_model_run,AI Workloads,328
EVT-0038-0010,CUST-0038,2026-04-10 02:42:32.210223,ai_model_run,Analytics,351
EVT-0038-0011,CUST-0038,2026-02-22 11:44:10.705226,ai_model_run,Data Warehousing,412
EVT-0038-0012,CUST-0038,2026-02-28 09:07:28.707060,ai_model_run,AI Workloads,289
EVT-0038-0013,CUST-0038,2026-03-21 15:49:35.746062,data_ingestion,Data Warehousing,371
EVT-0038-0014,CUST-0038,2026-02-23 22:46:33.359926,data_ingestion,AI Workloads,180
EVT-0038-0015,CUST-0038,2026-03-02 01:10:04.951384,pipeline_execution,Analytics,389
EVT-0038-0016,CUST-0038,2026-02-18 01:08:19.871591,dashboard_query,Data Warehousing,275
EVT-0038-0017,CUST-0038,2026-04-21 16:56:59.329568,pipeline_execution,Analytics,152
EVT-0038-0018,CUST-0038,2026-02-14 19:21:11.034645,dashboard_query,Analytics,56
EVT-0038-0019,CUST-0038,2026-02-23 09:17:33.952087,pipeline_execution,AI Workloads,467
EVT-0038-0020,CUST-0038,2026-02-15 02:42:04.091659,ai_model_run,AI Workloads,259
EVT-0038-0021,CUST-0038,2026-03-25 08:24:53.061673,pipeline_execution,Data Warehousing,311
EVT-0038-0022,CUST-0038,2026-03-28 06:16:32.125805,pipeline_execution,Analytics,21
EVT-0038-0023,CUST-0038,2026-03-23 07:45:50.611315,dashboard_query,AI Workloads,74
EVT-0038-0024,CUST-0038,2026-03-01 15:40:24.211952,login,Data Engineering,450
EVT-0038-0025,CUST-0038,2026-03-19 17:06:23.478027,ai_model_run,Data Warehousing,206
EVT-0038-0026,CUST-0038,2026-04-26 04:21:04.984488,login,AI Workloads,152
EVT-0038-0027,CUST-0038,2026-03-11 17:16:19.100091,dashboard_query,Machine Learning,329
EVT-0038-0028,CUST-0038,2026-03-25 07:24:21.356747,data_ingestion,Data Warehousing,75
EVT-0038-0029,CUST-0038,2026-03-20 07:41:12.559623,dashboard_query,Data Engineering,105
EVT-0038-0030,CUST-0038,2026-04-19 12:16:59.916876,ai_model_run,Machine Learning,138
EVT-0038-0031,CUST-0038,2026-04-21 16:37:29.569120,dashboard_query,Data Engineering,88
EVT-0038-0032,CUST-0038,2026-02-26 00:25:16.846897,ai_model_run,Data Warehousing,490
EVT-0038-0033,CUST-0038,2026-02-17 21:33:36.467999,pipeline_execution,Analytics,297
EVT-0038-0034,CUST-0038,2026-05-09 13:41:08.330812,login,Data Engineering,432
EVT-0038-0035,CUST-0038,2026-03-01 11:16:09.701862,ai_model_run,Analytics,416
EVT-0038-0036,CUST-0038,2026-03-28 06:11:57.648787,login,Machine Learning,198
EVT-0038-0037,CUST-0038,2026-04-27 18:39:23.825745,dashboard_query,Analytics,433
EVT-0038-0038,CUST-0038,2026-04-23 10:41:19.468899,data_ingestion,AI Workloads,250
EVT-0038-0039,CUST-0038,2026-02-23 19:27:18.505360,dashboard_query,Analytics,283
EVT-0038-0040,CUST-0038,2026-02-14 11:55:57.510056,data_ingestion,Machine Learning,427
EVT-0038-0041,CUST-0038,2026-04-19 14:53:28.539765,login,Data Engineering,398
EVT-0038-0042,CUST-0038,2026-03-02 03:12:54.899026,ai_model_run,Analytics,489
EVT-0038-0043,CUST-0038,2026-05-03 15:57:22.132459,pipeline_execution,Analytics,2
EVT-0038-0044,CUST-0038,2026-02-24 08:12:53.102555,dashboard_query,Machine Learning,74
EVT-0038-0045,CUST-0038,2026-04-17 22:27:31.584528,pipeline_execution,Machine Learning,182
EVT-0038-0046,CUST-0038,2026-04-22 18:33:11.302821,pipeline_execution,Data Engineering,262
EVT-0038-0047,CUST-0038,2026-05-06 02:01:30.577005,ai_model_run,Data Engineering,152
EVT-0039-0000,CUST-0039,2026-03-16 05:21:26.571678,ai_model_run,Data Warehousing,190
EVT-0039-0001,CUST-0039,2026-02-23 05:20:46.482203,pipeline_execution,Analytics,329
EVT-0039-0002,CUST-0039,2026-03-22 09:07:22.927694,data_ingestion,Analytics,397
EVT-0039-0003,CUST-0039,2026-03-14 11:24:07.453284,login,Analytics,27
EVT-0039-0004,CUST-0039,2026-02-15 11:12:06.124203,data_ingestion,Analytics,457
EVT-0039-0005,CUST-0039,2026-02-28 15:35:04.710534,data_ingestion,AI Workloads,321
EVT-0039-0006,CUST-0039,2026-04-28 12:25:35.674633,ai_model_run,Machine Learning,415
EVT-0039-0007,CUST-0039,2026-04-01 00:37:49.278748,ai_model_run,Data Warehousing,195
EVT-0039-0008,CUST-0039,2026-05-07 09:28:21.025014,ai_model_run,Data Engineering,280
EVT-0039-0009,CUST-0039,2026-04-28 21:51:22.143307,ai_model_run,Data Warehousing,94
EVT-0039-0010,CUST-0039,2026-03-09 06:17:58.439020,dashboard_query,Data Engineering,274
EVT-0039-0011,CUST-0039,2026-04-07 19:08:07.558754,ai_model_run,Data Engineering,200
EVT-0039-0012,CUST-0039,2026-03-21 23:24:22.919297,ai_model_run,AI Workloads,104
EVT-0039-0013,CUST-0039,2026-05-04 13:24:03.024321,data_ingestion,Machine Learning,366
EVT-0039-0014,CUST-0039,2026-03-10 03:35:21.110062,pipeline_execution,Data Engineering,190
EVT-0039-0015,CUST-0039,2026-04-26 11:50:32.971095,ai_model_run,Data Engineering,322
EVT-0039-0016,CUST-0039,2026-04-07 10:54:09.122164,pipeline_execution,Data Warehousing,342
EVT-0039-0017,CUST-0039,2026-02-23 16:42:27.859243,data_ingestion,Data Warehousing,300
EVT-0039-0018,CUST-0039,2026-05-01 11:12:03.013562,dashboard_query,Data Engineering,407
EVT-0039-0019,CUST-0039,2026-04-30 23:55:14.471344,dashboard_query,Data Warehousing,437
EVT-0039-0020,CUST-0039,2026-04-22 06:06:57.425591,ai_model_run,Analytics,160
EVT-0039-0021,CUST-0039,2026-04-25 13:58:07.840133,ai_model_run,Analytics,251
EVT-0039-0022,CUST-0039,2026-05-07 10:25:27.770394,dashboard_query,AI Workloads,412
EVT-0039-0023,CUST-0039,2026-02-28 21:12:00.102036,dashboard_query,Data Engineering,40
EVT-0039-0024,CUST-0039,2026-04-19 09:41:35.204281,data_ingestion,Analytics,359
EVT-0039-0025,CUST-0039,2026-02-25 17:14:35.226095,ai_model_run,AI Workloads,95
EVT-0039-0026,CUST-0039,2026-02-24 21:58:50.278235,dashboard_query,Data Warehousing,128
EVT-0039-0027,CUST-0039,2026-02-19 04:40:27.771661,pipeline_execution,Machine Learning,106
EVT-0039-0028,CUST-0039,2026-03-04 10:33:42.660540,data_ingestion,Machine Learning,124
EVT-0039-0029,CUST-0039,2026-04-16 12:32:52.829309,login,Machine Learning,112
EVT-0039-0030,CUST-0039,2026-02-15 04:49:42.129513,data_ingestion,Analytics,3
EVT-0039-0031,CUST-0039,2026-04-24 18:02:55.622246,data_ingestion,AI Workloads,396
EVT-0039-0032,CUST-0039,2026-03-10 19:40:43.872120,login,Data Engineering,468
EVT-0039-0033,CUST-0039,2026-03-03 04:00:27.379050,pipeline_execution,Analytics,42
EVT-0039-0034,CUST-0039,2026-03-20 20:47:37.013874,ai_model_run,AI Workloads,399
EVT-0039-0035,CUST-0039,2026-03-26 16:18:19.254418,login,Data Engineering,458
EVT-0039-0036,CUST-0039,2026-04-28 05:58:06.250226,dashboard_query,Machine Learning,343
EVT-0039-0037,CUST-0039,2026-03-23 02:05:05.523051,data_ingestion,Analytics,235
EVT-0039-0038,CUST-0039,2026-04-01 04:05:24.389125,dashboard_query,Data Warehousing,407
EVT-0039-0039,CUST-0039,2026-02-22 03:29:39.877555,login,Machine Learning,232
EVT-0039-0040,CUST-0039,2026-02-17 11:26:21.244267,pipeline_execution,Data Engineering,115
EVT-0039-0041,CUST-0039,2026-04-02 10:50:06.583038,dashboard_query,AI Workloads,143
EVT-0039-0042,CUST-0039,2026-04-21 01:24:17.358078,login,Data Engineering,309
EVT-0039-0043,CUST-0039,2026-05-05 07:28:07.526886,data_ingestion,Machine Learning,276
EVT-0039-0044,CUST-0039,2026-04-26 14:29:15.489345,pipeline_execution,Data Warehousing,493
EVT-0039-0045,CUST-0039,2026-04-27 04:50:33.323682,ai_model_run,Data Warehousing,4
EVT-0039-0046,CUST-0039,2026-05-10 02:30:18.547308,dashboard_query,Data Warehousing,246
EVT-0039-0047,CUST-0039,2026-04-04 16:15:38.698886,pipeline_execution,Analytics,362
EVT-0039-0048,CUST-0039,2026-02-19 02:39:19.786216,login,Data Warehousing,232
EVT-0039-0049,CUST-0039,2026-02-24 17:27:20.619713,dashboard_query,AI Workloads,453
EVT-0039-0050,CUST-0039,2026-05-06 09:38:45.366137,pipeline_execution,Data Engineering,256
EVT-0039-0051,CUST-0039,2026-03-24 00:38:58.479472,pipeline_execution,AI Workloads,198
EVT-0039-0052,CUST-0039,2026-05-01 12:15:18.932513,login,Data Warehousing,32
EVT-0039-0053,CUST-0039,2026-04-08 10:39:02.287087,pipeline_execution,Data Engineering,290
EVT-0039-0054,CUST-0039,2026-02-13 13:35:51.661997,ai_model_run,Data Engineering,280
EVT-0039-0055,CUST-0039,2026-02-28 23:18:29.077459,login,Machine Learning,240
EVT-0039-0056,CUST-0039,2026-02-17 23:54:49.106328,dashboard_query,Machine Learning,290
EVT-0039-0057,CUST-0039,2026-05-06 01:17:32.962985,pipeline_execution,Data Engineering,134
EVT-0039-0058,CUST-0039,2026-04-21 00:03:42.875591,ai_model_run,Data Engineering,293
EVT-0039-0059,CUST-0039,2026-03-25 17:37:23.157454,pipeline_execution,Machine Learning,375
EVT-0039-0060,CUST-0039,2026-03-10 00:39:36.866224,dashboard_query,Data Warehousing,419
EVT-0039-0061,CUST-0039,2026-04-22 02:38:04.258255,data_ingestion,AI Workloads,321
EVT-0039-0062,CUST-0039,2026-03-21 09:31:33.195492,login,Data Warehousing,10
EVT-0039-0063,CUST-0039,2026-04-05 16:10:01.825454,dashboard_query,AI Workloads,235
EVT-0039-0064,CUST-0039,2026-04-24 04:23:40.535937,data_ingestion,Data Warehousing,152
EVT-0039-0065,CUST-0039,2026-02-25 15:27:51.680280,ai_model_run,Analytics,92
EVT-0039-0066,CUST-0039,2026-03-14 14:33:38.824272,login,Analytics,461
EVT-0039-0067,CUST-0039,2026-04-17 23:21:08.213197,pipeline_execution,Analytics,196
EVT-0039-0068,CUST-0039,2026-03-01 14:40:40.507308,ai_model_run,AI Workloads,74
EVT-0039-0069,CUST-0039,2026-04-20 08:52:26.552082,dashboard_query,AI Workloads,312
EVT-0039-0070,CUST-0039,2026-03-14 22:58:49.306896,data_ingestion,Analytics,207
EVT-0039-0071,CUST-0039,2026-05-11 19:30:23.836454,ai_model_run,Data Engineering,277
EVT-0039-0072,CUST-0039,2026-04-10 08:23:04.343490,pipeline_execution,Data Engineering,206
EVT-0039-0073,CUST-0039,2026-04-11 16:26:08.125079,dashboard_query,Data Warehousing,84
EVT-0039-0074,CUST-0039,2026-03-12 09:23:26.405443,pipeline_execution,AI Workloads,136
EVT-0039-0075,CUST-0039,2026-04-16 23:53:18.677428,pipeline_execution,Data Engineering,303
EVT-0039-0076,CUST-0039,2026-04-27 14:23:15.114277,ai_model_run,Machine Learning,482
EVT-0039-0077,CUST-0039,2026-03-31 13:18:16.064272,pipeline_execution,AI Workloads,190
EVT-0039-0078,CUST-0039,2026-02-13 20:32:04.577633,pipeline_execution,Data Engineering,477
EVT-0039-0079,CUST-0039,2026-05-07 09:11:13.729656,ai_model_run,Machine Learning,180
EVT-0039-0080,CUST-0039,2026-05-09 22:40:20.347496,data_ingestion,Analytics,107
EVT-0039-0081,CUST-0039,2026-04-18 12:04:43.456207,data_ingestion,Analytics,323
EVT-0039-0082,CUST-0039,2026-04-10 20:55:20.817420,login,Analytics,200
EVT-0039-0083,CUST-0039,2026-05-07 01:45:08.430458,login,Data Engineering,147
EVT-0039-0084,CUST-0039,2026-05-06 12:24:50.038980,login,Machine Learning,94
EVT-0039-0085,CUST-0039,2026-02-16 20:04:53.402312,login,AI Workloads,116
EVT-0040-0000,CUST-0040,2026-03-26 09:25:04.519010,data_ingestion,Data Warehousing,496
EVT-0040-0001,CUST-0040,2026-05-10 06:24:46.351325,login,AI Workloads,320
EVT-0040-0002,CUST-0040,2026-04-24 02:25:31.419504,login,AI Workloads,299
EVT-0040-0003,CUST-0040,2026-03-06 10:25:27.399539,login,Analytics,305
EVT-0040-0004,CUST-0040,2026-03-04 22:59:26.913529,data_ingestion,Machine Learning,52
EVT-0040-0005,CUST-0040,2026-04-04 22:08:01.320112,dashboard_query,AI Workloads,155
EVT-0040-0006,CUST-0040,2026-03-09 20:59:56.021027,dashboard_query,Machine Learning,186
EVT-0040-0007,CUST-0040,2026-02-20 17:11:29.224167,pipeline_execution,Data Warehousing,353
EVT-0040-0008,CUST-0040,2026-03-18 18:00:15.784646,login,Data Warehousing,104
EVT-0040-0009,CUST-0040,2026-03-29 13:01:29.328443,pipeline_execution,Data Warehousing,235
EVT-0040-0010,CUST-0040,2026-03-04 20:42:46.425375,login,Machine Learning,364
EVT-0040-0011,CUST-0040,2026-05-09 21:05:07.123919,data_ingestion,Analytics,309
EVT-0040-0012,CUST-0040,2026-03-14 12:24:19.058820,pipeline_execution,Analytics,394
EVT-0040-0013,CUST-0040,2026-04-07 05:22:25.681454,login,Machine Learning,200
EVT-0040-0014,CUST-0040,2026-04-18 04:40:15.720063,data_ingestion,Data Engineering,468
EVT-0040-0015,CUST-0040,2026-02-16 03:25:42.249112,pipeline_execution,Data Engineering,48
EVT-0040-0016,CUST-0040,2026-04-15 20:35:12.926242,data_ingestion,AI Workloads,327
EVT-0040-0017,CUST-0040,2026-03-15 10:25:54.954179,ai_model_run,AI Workloads,484
EVT-0040-0018,CUST-0040,2026-02-16 07:22:11.122938,ai_model_run,AI Workloads,195
EVT-0040-0019,CUST-0040,2026-02-27 14:06:24.419512,login,Data Engineering,241
EVT-0040-0020,CUST-0040,2026-04-01 09:34:45.396964,data_ingestion,Data Engineering,89
EVT-0040-0021,CUST-0040,2026-02-19 16:40:57.874334,data_ingestion,AI Workloads,6
EVT-0040-0022,CUST-0040,2026-03-20 09:59:18.392082,pipeline_execution,AI Workloads,317
EVT-0040-0023,CUST-0040,2026-04-04 02:20:16.470407,ai_model_run,AI Workloads,18
EVT-0040-0024,CUST-0040,2026-03-21 17:54:19.657280,ai_model_run,Analytics,163
EVT-0040-0025,CUST-0040,2026-02-23 05:25:27.318707,login,Data Warehousing,47
EVT-0040-0026,CUST-0040,2026-03-21 16:13:31.073416,pipeline_execution,Data Warehousing,415
EVT-0040-0027,CUST-0040,2026-03-29 07:52:32.406596,pipeline_execution,Data Warehousing,411
EVT-0040-0028,CUST-0040,2026-03-22 08:25:34.905438,ai_model_run,Analytics,402
EVT-0040-0029,CUST-0040,2026-03-12 05:49:56.780287,ai_model_run,Data Warehousing,322
EVT-0040-0030,CUST-0040,2026-04-13 22:26:32.715238,pipeline_execution,Machine Learning,135
EVT-0040-0031,CUST-0040,2026-02-18 05:40:18.039147,login,Data Warehousing,398
EVT-0040-0032,CUST-0040,2026-03-19 04:37:09.627252,login,Data Engineering,332
EVT-0040-0033,CUST-0040,2026-04-03 12:21:26.331177,login,Machine Learning,173
EVT-0040-0034,CUST-0040,2026-04-14 06:49:24.049843,ai_model_run,Analytics,214
EVT-0040-0035,CUST-0040,2026-03-20 09:35:01.274417,data_ingestion,Machine Learning,111
EVT-0040-0036,CUST-0040,2026-04-08 19:19:39.924546,data_ingestion,Machine Learning,459
EVT-0040-0037,CUST-0040,2026-03-22 10:58:16.908087,ai_model_run,Machine Learning,268
EVT-0040-0038,CUST-0040,2026-05-11 11:39:51.497588,data_ingestion,Data Warehousing,40
EVT-0040-0039,CUST-0040,2026-02-18 03:45:19.102230,dashboard_query,Data Warehousing,282
EVT-0040-0040,CUST-0040,2026-02-13 20:02:04.523376,pipeline_execution,Analytics,380
EVT-0040-0041,CUST-0040,2026-04-14 06:38:30.771217,ai_model_run,Data Engineering,177
EVT-0040-0042,CUST-0040,2026-02-12 07:50:08.007426,pipeline_execution,Analytics,43
EVT-0040-0043,CUST-0040,2026-03-01 11:21:49.827386,data_ingestion,Data Warehousing,187
EVT-0040-0044,CUST-0040,2026-02-23 18:11:37.201484,login,AI Workloads,289
EVT-0040-0045,CUST-0040,2026-05-09 18:34:25.943148,pipeline_execution,AI Workloads,11
EVT-0040-0046,CUST-0040,2026-03-05 06:25:23.081036,ai_model_run,Data Warehousing,328
EVT-0040-0047,CUST-0040,2026-02-25 11:29:46.275915,data_ingestion,Data Engineering,383
EVT-0041-0000,CUST-0041,2026-03-28 19:21:48.779098,login,Machine Learning,176
EVT-0041-0001,CUST-0041,2026-03-13 14:37:21.909857,login,Machine Learning,410
EVT-0041-0002,CUST-0041,2026-03-10 06:16:35.340882,pipeline_execution,Data Engineering,31
EVT-0041-0003,CUST-0041,2026-04-10 16:38:47.163434,login,Data Warehousing,34
EVT-0041-0004,CUST-0041,2026-03-03 01:50:33.266623,data_ingestion,Data Engineering,391
EVT-0041-0005,CUST-0041,2026-03-22 20:22:36.629375,pipeline_execution,Data Warehousing,490
EVT-0041-0006,CUST-0041,2026-03-27 16:21:57.540640,pipeline_execution,Analytics,80
EVT-0041-0007,CUST-0041,2026-03-25 16:23:39.479766,dashboard_query,Machine Learning,453
EVT-0041-0008,CUST-0041,2026-03-06 17:52:07.682675,login,Analytics,499
EVT-0041-0009,CUST-0041,2026-04-17 19:40:54.943411,data_ingestion,Data Warehousing,41
EVT-0041-0010,CUST-0041,2026-02-19 15:58:47.965451,dashboard_query,Data Warehousing,452
EVT-0041-0011,CUST-0041,2026-03-18 06:20:03.292151,pipeline_execution,Data Engineering,182
EVT-0041-0012,CUST-0041,2026-03-15 14:57:09.737506,data_ingestion,AI Workloads,237
EVT-0041-0013,CUST-0041,2026-02-24 04:07:28.613167,data_ingestion,AI Workloads,191
EVT-0041-0014,CUST-0041,2026-02-26 14:17:38.239326,dashboard_query,Data Warehousing,57
EVT-0041-0015,CUST-0041,2026-04-10 15:21:10.755250,ai_model_run,Data Engineering,89
EVT-0041-0016,CUST-0041,2026-03-22 14:03:48.642998,ai_model_run,AI Workloads,499
EVT-0041-0017,CUST-0041,2026-04-06 16:51:32.335732,dashboard_query,Data Warehousing,99
EVT-0041-0018,CUST-0041,2026-02-12 13:28:53.028483,ai_model_run,Data Warehousing,90
EVT-0041-0019,CUST-0041,2026-02-11 03:02:26.549130,data_ingestion,Data Engineering,217
EVT-0041-0020,CUST-0041,2026-02-23 04:28:36.036482,pipeline_execution,AI Workloads,418
EVT-0041-0021,CUST-0041,2026-04-30 17:28:36.138682,ai_model_run,Data Engineering,404
EVT-0041-0022,CUST-0041,2026-02-28 16:43:26.496974,login,Machine Learning,442
EVT-0041-0023,CUST-0041,2026-03-11 17:58:05.787988,pipeline_execution,Machine Learning,81
EVT-0042-0000,CUST-0042,2026-03-23 12:04:26.237086,pipeline_execution,Data Engineering,493
EVT-0042-0001,CUST-0042,2026-02-20 09:30:17.920668,ai_model_run,Data Warehousing,54
EVT-0042-0002,CUST-0042,2026-04-04 16:41:37.973624,pipeline_execution,Data Warehousing,223
EVT-0042-0003,CUST-0042,2026-03-23 13:14:27.171740,login,Analytics,120
EVT-0042-0004,CUST-0042,2026-04-02 09:09:16.079689,pipeline_execution,Machine Learning,53
EVT-0042-0005,CUST-0042,2026-04-21 04:56:55.916417,dashboard_query,Data Engineering,61
EVT-0042-0006,CUST-0042,2026-02-27 13:29:52.843441,login,Data Warehousing,179
EVT-0042-0007,CUST-0042,2026-04-10 21:15:19.755487,ai_model_run,Data Engineering,319
EVT-0042-0008,CUST-0042,2026-04-17 11:52:24.021112,data_ingestion,Machine Learning,131
EVT-0042-0009,CUST-0042,2026-04-08 06:23:36.864349,dashboard_query,AI Workloads,299
EVT-0042-0010,CUST-0042,2026-05-01 18:12:23.159917,data_ingestion,Data Warehousing,65
EVT-0042-0011,CUST-0042,2026-03-12 15:50:50.347352,pipeline_execution,Analytics,425
EVT-0042-0012,CUST-0042,2026-03-06 16:32:52.262135,ai_model_run,AI Workloads,417
EVT-0042-0013,CUST-0042,2026-04-01 22:24:58.525113,dashboard_query,Data Engineering,460
EVT-0042-0014,CUST-0042,2026-03-19 20:42:07.399673,ai_model_run,Data Engineering,278
EVT-0042-0015,CUST-0042,2026-03-16 20:13:33.986186,ai_model_run,Machine Learning,112
EVT-0042-0016,CUST-0042,2026-03-17 02:20:30.738085,pipeline_execution,Data Warehousing,5
EVT-0042-0017,CUST-0042,2026-04-22 03:37:03.379051,data_ingestion,Machine Learning,488
EVT-0042-0018,CUST-0042,2026-05-06 11:27:23.728190,pipeline_execution,Analytics,246
EVT-0042-0019,CUST-0042,2026-04-25 22:17:46.327301,dashboard_query,Data Engineering,360
EVT-0042-0020,CUST-0042,2026-02-24 23:56:27.427701,pipeline_execution,Data Engineering,16
EVT-0042-0021,CUST-0042,2026-04-11 11:29:08.891388,ai_model_run,Analytics,432
EVT-0042-0022,CUST-0042,2026-02-20 17:54:31.575041,pipeline_execution,Machine Learning,3
EVT-0042-0023,CUST-0042,2026-04-01 20:20:26.683190,ai_model_run,Analytics,40
EVT-0042-0024,CUST-0042,2026-04-13 08:03:03.519702,dashboard_query,Machine Learning,298
EVT-0042-0025,CUST-0042,2026-02-16 18:07:23.415315,pipeline_execution,Data Engineering,194
EVT-0042-0026,CUST-0042,2026-03-03 18:49:05.132310,login,AI Workloads,351
EVT-0042-0027,CUST-0042,2026-04-06 21:08:24.078955,ai_model_run,Machine Learning,283
EVT-0042-0028,CUST-0042,2026-03-05 09:01:01.060703,data_ingestion,Data Engineering,348
EVT-0042-0029,CUST-0042,2026-03-11 12:15:33.445829,pipeline_execution,Data Engineering,315
EVT-0042-0030,CUST-0042,2026-04-04 21:07:07.468582,dashboard_query,Machine Learning,209
EVT-0042-0031,CUST-0042,2026-05-01 13:12:59.835715,data_ingestion,Data Warehousing,388
EVT-0042-0032,CUST-0042,2026-05-11 05:53:01.181713,data_ingestion,Data Warehousing,331
EVT-0042-0033,CUST-0042,2026-04-09 06:08:55.952323,dashboard_query,Data Engineering,307
EVT-0042-0034,CUST-0042,2026-04-04 08:37:25.449450,data_ingestion,Machine Learning,373
EVT-0042-0035,CUST-0042,2026-04-17 03:47:19.908165,data_ingestion,AI Workloads,351
EVT-0042-0036,CUST-0042,2026-02-17 08:01:45.597517,ai_model_run,Data Engineering,472
EVT-0042-0037,CUST-0042,2026-02-16 22:55:28.938395,pipeline_execution,Data Warehousing,330
EVT-0042-0038,CUST-0042,2026-03-08 01:16:11.522309,data_ingestion,AI Workloads,301
EVT-0042-0039,CUST-0042,2026-04-18 12:51:14.671761,dashboard_query,Data Warehousing,79
EVT-0042-0040,CUST-0042,2026-05-07 18:09:24.599449,pipeline_execution,Machine Learning,255
EVT-0042-0041,CUST-0042,2026-03-16 21:17:04.400189,data_ingestion,Data Warehousing,425
EVT-0042-0042,CUST-0042,2026-03-17 04:06:09.319498,login,AI Workloads,279
EVT-0042-0043,CUST-0042,2026-03-07 05:57:20.423376,pipeline_execution,Machine Learning,158
EVT-0042-0044,CUST-0042,2026-03-29 13:54:51.500846,data_ingestion,Data Warehousing,44
EVT-0042-0045,CUST-0042,2026-04-11 19:39:56.819520,ai_model_run,AI Workloads,215
EVT-0042-0046,CUST-0042,2026-04-14 04:16:06.501593,ai_model_run,Analytics,392
EVT-0042-0047,CUST-0042,2026-03-05 16:03:32.109663,dashboard_query,Analytics,225
EVT-0042-0048,CUST-0042,2026-04-07 20:43:33.533674,login,Machine Learning,92
EVT-0042-0049,CUST-0042,2026-04-21 16:34:25.862137,ai_model_run,Analytics,95
EVT-0043-0000,CUST-0043,2026-02-17 15:58:59.065482,login,AI Workloads,497
EVT-0043-0001,CUST-0043,2026-02-15 17:29:08.260030,ai_model_run,AI Workloads,210
EVT-0043-0002,CUST-0043,2026-04-01 13:54:08.665515,ai_model_run,AI Workloads,272
EVT-0043-0003,CUST-0043,2026-02-25 02:26:12.041022,ai_model_run,Analytics,212
EVT-0043-0004,CUST-0043,2026-02-16 11:17:38.705604,dashboard_query,Data Warehousing,11
EVT-0043-0005,CUST-0043,2026-02-16 21:12:57.675535,ai_model_run,AI Workloads,479
EVT-0043-0006,CUST-0043,2026-03-05 08:30:52.357071,data_ingestion,Analytics,140
EVT-0043-0007,CUST-0043,2026-02-21 12:11:38.541168,data_ingestion,Machine Learning,275
EVT-0043-0008,CUST-0043,2026-05-01 19:45:17.105626,dashboard_query,AI Workloads,459
EVT-0043-0009,CUST-0043,2026-03-11 07:10:23.630815,dashboard_query,Analytics,308
EVT-0043-0010,CUST-0043,2026-05-02 04:16:29.993746,login,Data Warehousing,274
EVT-0043-0011,CUST-0043,2026-03-01 21:17:52.326429,dashboard_query,AI Workloads,94
EVT-0043-0012,CUST-0043,2026-03-05 04:50:33.231663,pipeline_execution,AI Workloads,3
EVT-0043-0013,CUST-0043,2026-04-17 19:18:43.800940,dashboard_query,AI Workloads,263
EVT-0043-0014,CUST-0043,2026-03-13 07:39:17.934670,login,Data Warehousing,43
EVT-0043-0015,CUST-0043,2026-02-13 04:07:19.262370,dashboard_query,AI Workloads,408
EVT-0043-0016,CUST-0043,2026-02-28 01:34:26.516866,data_ingestion,Analytics,484
EVT-0043-0017,CUST-0043,2026-02-23 19:35:44.413344,data_ingestion,Data Engineering,37
EVT-0043-0018,CUST-0043,2026-04-14 17:31:17.093964,data_ingestion,Data Engineering,119
EVT-0043-0019,CUST-0043,2026-04-08 06:30:17.343702,dashboard_query,Data Engineering,305
EVT-0043-0020,CUST-0043,2026-03-09 21:43:25.648621,ai_model_run,AI Workloads,210
EVT-0043-0021,CUST-0043,2026-03-01 19:49:15.788352,pipeline_execution,AI Workloads,121
EVT-0043-0022,CUST-0043,2026-03-08 22:49:45.251750,ai_model_run,Analytics,410
EVT-0043-0023,CUST-0043,2026-04-05 19:22:16.702635,dashboard_query,AI Workloads,160
EVT-0043-0024,CUST-0043,2026-05-02 17:02:46.855565,ai_model_run,Analytics,326
EVT-0043-0025,CUST-0043,2026-03-22 19:04:14.870214,login,Data Engineering,257
EVT-0043-0026,CUST-0043,2026-03-21 15:58:47.917090,data_ingestion,Machine Learning,464
EVT-0043-0027,CUST-0043,2026-03-15 01:28:19.112213,data_ingestion,AI Workloads,56
EVT-0043-0028,CUST-0043,2026-04-20 11:28:53.778592,login,AI Workloads,492
EVT-0043-0029,CUST-0043,2026-04-05 23:14:46.813329,pipeline_execution,AI Workloads,114
EVT-0043-0030,CUST-0043,2026-02-11 05:50:34.345156,login,Machine Learning,11
EVT-0043-0031,CUST-0043,2026-03-20 03:42:42.073964,pipeline_execution,Machine Learning,67
EVT-0043-0032,CUST-0043,2026-03-11 02:56:10.499617,data_ingestion,Machine Learning,353
EVT-0043-0033,CUST-0043,2026-02-22 15:44:26.643450,ai_model_run,AI Workloads,134
EVT-0043-0034,CUST-0043,2026-02-17 02:07:50.990789,dashboard_query,Analytics,64
EVT-0043-0035,CUST-0043,2026-04-27 16:24:33.592695,login,Analytics,47
EVT-0043-0036,CUST-0043,2026-05-02 15:55:41.107827,ai_model_run,Data Warehousing,398
EVT-0043-0037,CUST-0043,2026-03-24 09:45:14.529067,pipeline_execution,Data Engineering,287
EVT-0043-0038,CUST-0043,2026-03-11 12:50:32.080310,pipeline_execution,AI Workloads,245
EVT-0043-0039,CUST-0043,2026-05-11 04:03:06.841981,login,Analytics,304
EVT-0043-0040,CUST-0043,2026-02-18 19:33:49.146195,pipeline_execution,Data Warehousing,210
EVT-0043-0041,CUST-0043,2026-05-02 06:53:10.693818,pipeline_execution,Machine Learning,115
EVT-0043-0042,CUST-0043,2026-04-02 23:56:14.399359,ai_model_run,AI Workloads,109
EVT-0043-0043,CUST-0043,2026-02-16 07:38:35.258428,ai_model_run,Data Engineering,300
EVT-0043-0044,CUST-0043,2026-03-08 03:26:55.635738,data_ingestion,Data Warehousing,315
EVT-0043-0045,CUST-0043,2026-04-30 08:42:39.793113,data_ingestion,Data Warehousing,157
EVT-0043-0046,CUST-0043,2026-03-12 17:15:49.042217,pipeline_execution,Analytics,380
EVT-0043-0047,CUST-0043,2026-02-26 01:52:19.062462,pipeline_execution,Data Engineering,234
EVT-0043-0048,CUST-0043,2026-04-30 15:21:47.496444,dashboard_query,Data Warehousing,472
EVT-0043-0049,CUST-0043,2026-04-25 10:19:02.118774,ai_model_run,Analytics,48
EVT-0043-0050,CUST-0043,2026-02-23 20:17:26.509936,pipeline_execution,Data Engineering,282
EVT-0043-0051,CUST-0043,2026-03-15 02:12:34.157834,login,Data Warehousing,417
EVT-0043-0052,CUST-0043,2026-05-07 19:20:52.563219,login,Data Engineering,138
EVT-0043-0053,CUST-0043,2026-04-20 04:44:09.265437,data_ingestion,Machine Learning,348
EVT-0043-0054,CUST-0043,2026-04-11 20:55:36.380423,data_ingestion,Data Engineering,48
EVT-0043-0055,CUST-0043,2026-03-08 21:59:46.654012,login,Data Warehousing,253
EVT-0043-0056,CUST-0043,2026-05-07 02:52:28.257728,pipeline_execution,Analytics,126
EVT-0043-0057,CUST-0043,2026-04-23 23:57:31.921117,ai_model_run,Machine Learning,186
EVT-0043-0058,CUST-0043,2026-04-15 14:37:14.666261,pipeline_execution,AI Workloads,118
EVT-0043-0059,CUST-0043,2026-02-14 14:32:02.572691,ai_model_run,Data Warehousing,329
EVT-0043-0060,CUST-0043,2026-02-14 09:35:01.308569,data_ingestion,Data Engineering,395
EVT-0043-0061,CUST-0043,2026-05-04 14:08:24.779964,ai_model_run,Data Warehousing,433
EVT-0043-0062,CUST-0043,2026-02-25 22:13:10.729411,dashboard_query,Analytics,239
EVT-0043-0063,CUST-0043,2026-03-22 21:29:47.194221,pipeline_execution,Analytics,362
EVT-0043-0064,CUST-0043,2026-03-09 23:27:58.664847,ai_model_run,Data Engineering,268
EVT-0043-0065,CUST-0043,2026-04-15 02:11:01.629520,pipeline_execution,Analytics,308
EVT-0043-0066,CUST-0043,2026-04-06 18:35:38.778576,dashboard_query,Analytics,55
EVT-0043-0067,CUST-0043,2026-03-20 12:59:22.536331,data_ingestion,Data Warehousing,180
EVT-0043-0068,CUST-0043,2026-03-10 22:11:50.969836,pipeline_execution,Data Warehousing,239
EVT-0044-0000,CUST-0044,2026-04-20 05:57:25.211911,data_ingestion,Analytics,136
EVT-0044-0001,CUST-0044,2026-03-08 18:06:45.455921,dashboard_query,AI Workloads,354
EVT-0044-0002,CUST-0044,2026-05-09 22:56:20.163474,data_ingestion,Machine Learning,441
EVT-0044-0003,CUST-0044,2026-04-12 08:48:03.087326,ai_model_run,Analytics,269
EVT-0044-0004,CUST-0044,2026-03-21 13:35:17.589439,data_ingestion,AI Workloads,313
EVT-0044-0005,CUST-0044,2026-05-01 18:33:47.821530,dashboard_query,Machine Learning,148
EVT-0044-0006,CUST-0044,2026-03-25 22:32:09.410367,dashboard_query,AI Workloads,402
EVT-0044-0007,CUST-0044,2026-03-14 02:57:44.264877,ai_model_run,Machine Learning,416
EVT-0044-0008,CUST-0044,2026-05-06 09:54:20.802170,data_ingestion,Data Warehousing,364
EVT-0044-0009,CUST-0044,2026-02-18 09:30:21.020659,ai_model_run,Data Warehousing,456
EVT-0044-0010,CUST-0044,2026-02-27 16:23:18.337700,pipeline_execution,Data Warehousing,125
EVT-0044-0011,CUST-0044,2026-04-26 00:12:05.000894,dashboard_query,Analytics,182
EVT-0044-0012,CUST-0044,2026-05-05 10:02:49.090378,pipeline_execution,Machine Learning,139
EVT-0044-0013,CUST-0044,2026-03-16 19:56:23.561996,ai_model_run,Data Engineering,187
EVT-0044-0014,CUST-0044,2026-03-30 21:34:41.266447,login,Machine Learning,415
EVT-0044-0015,CUST-0044,2026-05-07 00:31:26.154827,ai_model_run,Data Engineering,351
EVT-0044-0016,CUST-0044,2026-05-01 15:19:10.966840,dashboard_query,AI Workloads,467
EVT-0044-0017,CUST-0044,2026-02-23 23:02:08.650212,dashboard_query,Analytics,387
EVT-0044-0018,CUST-0044,2026-05-02 18:42:16.298770,pipeline_execution,Data Engineering,185
EVT-0044-0019,CUST-0044,2026-04-08 10:33:25.051462,ai_model_run,Data Warehousing,165
EVT-0044-0020,CUST-0044,2026-02-20 15:09:32.839596,ai_model_run,Machine Learning,281
EVT-0044-0021,CUST-0044,2026-02-19 06:11:33.420741,data_ingestion,AI Workloads,478
EVT-0044-0022,CUST-0044,2026-02-24 03:43:14.260488,pipeline_execution,AI Workloads,489
EVT-0044-0023,CUST-0044,2026-05-10 11:51:39.471369,pipeline_execution,Data Warehousing,189
EVT-0044-0024,CUST-0044,2026-03-03 04:46:02.213950,data_ingestion,Data Engineering,402
EVT-0044-0025,CUST-0044,2026-04-12 20:41:19.780875,pipeline_execution,AI Workloads,427
EVT-0044-0026,CUST-0044,2026-03-12 21:26:35.765581,data_ingestion,Data Engineering,299
EVT-0044-0027,CUST-0044,2026-03-29 23:43:44.637675,pipeline_execution,Data Engineering,128
EVT-0044-0028,CUST-0044,2026-04-07 08:43:10.740335,login,AI Workloads,127
EVT-0044-0029,CUST-0044,2026-05-07 05:54:21.546953,data_ingestion,Machine Learning,420
EVT-0044-0030,CUST-0044,2026-05-01 06:11:45.794568,data_ingestion,Machine Learning,488
EVT-0044-0031,CUST-0044,2026-03-17 01:28:57.338393,dashboard_query,Data Warehousing,292
EVT-0044-0032,CUST-0044,2026-04-24 19:21:34.358264,ai_model_run,AI Workloads,498
EVT-0044-0033,CUST-0044,2026-03-12 06:49:33.231670,dashboard_query,AI Workloads,382
EVT-0044-0034,CUST-0044,2026-04-25 05:57:21.613321,pipeline_execution,Data Engineering,289
EVT-0044-0035,CUST-0044,2026-02-18 20:38:37.156770,ai_model_run,Analytics,117
EVT-0044-0036,CUST-0044,2026-03-31 21:09:24.952186,data_ingestion,AI Workloads,165
EVT-0044-0037,CUST-0044,2026-02-27 07:50:01.721224,pipeline_execution,Analytics,353
EVT-0044-0038,CUST-0044,2026-04-09 11:02:53.615933,data_ingestion,Machine Learning,492
EVT-0044-0039,CUST-0044,2026-02-12 01:53:16.300708,login,Data Warehousing,486
EVT-0044-0040,CUST-0044,2026-04-02 14:41:53.533000,pipeline_execution,Data Warehousing,125
EVT-0044-0041,CUST-0044,2026-05-10 14:30:42.969659,pipeline_execution,AI Workloads,245
EVT-0044-0042,CUST-0044,2026-02-24 18:48:33.591399,data_ingestion,AI Workloads,262
EVT-0044-0043,CUST-0044,2026-05-03 16:36:16.041228,data_ingestion,Machine Learning,279
EVT-0044-0044,CUST-0044,2026-04-16 21:34:29.634775,login,Data Warehousing,183
EVT-0044-0045,CUST-0044,2026-02-27 05:14:01.016412,ai_model_run,Data Engineering,398
EVT-0044-0046,CUST-0044,2026-04-15 11:58:46.945479,login,Analytics,265
EVT-0044-0047,CUST-0044,2026-04-23 04:27:37.224477,login,Data Warehousing,263
EVT-0044-0048,CUST-0044,2026-04-03 16:25:05.402082,data_ingestion,Data Warehousing,351
EVT-0044-0049,CUST-0044,2026-02-15 09:25:38.216221,data_ingestion,Analytics,33
EVT-0044-0050,CUST-0044,2026-04-30 14:21:21.654075,pipeline_execution,Machine Learning,363
EVT-0044-0051,CUST-0044,2026-02-18 05:26:05.324058,login,Analytics,419
EVT-0044-0052,CUST-0044,2026-02-13 19:43:13.739211,ai_model_run,Data Warehousing,482
EVT-0044-0053,CUST-0044,2026-03-24 01:49:37.241959,ai_model_run,Data Engineering,264
EVT-0044-0054,CUST-0044,2026-05-09 01:47:25.071269,dashboard_query,Data Warehousing,71
EVT-0044-0055,CUST-0044,2026-03-15 05:40:12.173498,dashboard_query,Data Engineering,393
EVT-0044-0056,CUST-0044,2026-03-02 22:13:16.184809,login,Data Engineering,91
EVT-0044-0057,CUST-0044,2026-04-08 20:16:59.578420,login,Machine Learning,389
EVT-0044-0058,CUST-0044,2026-04-26 03:44:46.532009,data_ingestion,Data Warehousing,308
EVT-0044-0059,CUST-0044,2026-05-06 16:39:47.865709,ai_model_run,Analytics,454
EVT-0044-0060,CUST-0044,2026-04-29 19:46:37.300992,ai_model_run,Data Engineering,75
EVT-0044-0061,CUST-0044,2026-04-04 19:20:04.416975,login,AI Workloads,340
EVT-0044-0062,CUST-0044,2026-03-08 15:12:40.406567,data_ingestion,Data Engineering,329
EVT-0044-0063,CUST-0044,2026-04-25 10:00:22.823511,login,Analytics,54
EVT-0044-0064,CUST-0044,2026-04-17 16:24:34.324465,dashboard_query,Data Warehousing,429
EVT-0044-0065,CUST-0044,2026-02-28 15:03:45.784904,login,Data Engineering,122
EVT-0044-0066,CUST-0044,2026-02-20 18:18:12.738168,pipeline_execution,Data Engineering,254
EVT-0044-0067,CUST-0044,2026-04-16 00:07:27.854000,pipeline_execution,Analytics,455
EVT-0044-0068,CUST-0044,2026-03-31 05:58:09.947443,pipeline_execution,AI Workloads,460
EVT-0044-0069,CUST-0044,2026-03-03 11:37:11.267032,data_ingestion,Data Warehousing,340
EVT-0044-0070,CUST-0044,2026-02-23 13:43:45.043680,dashboard_query,Data Engineering,257
EVT-0044-0071,CUST-0044,2026-04-28 09:45:04.554565,data_ingestion,Analytics,143
EVT-0044-0072,CUST-0044,2026-04-23 20:08:21.702554,dashboard_query,AI Workloads,22
EVT-0044-0073,CUST-0044,2026-04-17 09:58:53.126374,login,AI Workloads,49
EVT-0044-0074,CUST-0044,2026-02-12 06:52:27.838535,dashboard_query,Machine Learning,360
EVT-0044-0075,CUST-0044,2026-03-05 10:36:09.247444,ai_model_run,AI Workloads,53
EVT-0044-0076,CUST-0044,2026-02-24 03:14:56.415873,data_ingestion,Data Engineering,162
EVT-0044-0077,CUST-0044,2026-03-12 06:37:14.829859,dashboard_query,Data Warehousing,205
EVT-0044-0078,CUST-0044,2026-03-01 05:16:11.732354,ai_model_run,Analytics,454
EVT-0044-0079,CUST-0044,2026-04-27 03:04:17.974187,login,Analytics,136
EVT-0044-0080,CUST-0044,2026-05-03 19:45:58.480747,dashboard_query,Analytics,369
EVT-0044-0081,CUST-0044,2026-03-13 03:30:49.936143,login,Data Engineering,43
EVT-0044-0082,CUST-0044,2026-03-05 05:51:37.108397,dashboard_query,Data Warehousing,359
EVT-0044-0083,CUST-0044,2026-03-20 12:42:01.274447,pipeline_execution,Machine Learning,82
EVT-0044-0084,CUST-0044,2026-02-24 05:46:45.357553,dashboard_query,Data Warehousing,328
EVT-0044-0085,CUST-0044,2026-03-16 05:12:24.897210,data_ingestion,Data Warehousing,394
EVT-0044-0086,CUST-0044,2026-05-01 07:33:53.407772,data_ingestion,Analytics,217
EVT-0044-0087,CUST-0044,2026-03-21 11:17:54.205275,pipeline_execution,Machine Learning,232
EVT-0044-0088,CUST-0044,2026-04-19 21:21:12.954864,login,AI Workloads,104
EVT-0044-0089,CUST-0044,2026-04-19 19:59:12.018550,dashboard_query,Machine Learning,106
EVT-0044-0090,CUST-0044,2026-04-19 16:56:00.248508,login,Data Warehousing,5
EVT-0044-0091,CUST-0044,2026-03-26 09:18:42.226270,dashboard_query,Analytics,416
EVT-0044-0092,CUST-0044,2026-02-27 07:04:51.703750,data_ingestion,Analytics,372
EVT-0045-0000,CUST-0045,2026-04-09 20:29:00.531806,login,AI Workloads,61
EVT-0045-0001,CUST-0045,2026-05-09 03:05:39.931683,dashboard_query,Data Engineering,133
EVT-0045-0002,CUST-0045,2026-02-14 16:53:07.243491,ai_model_run,AI Workloads,79
EVT-0045-0003,CUST-0045,2026-02-13 13:36:16.099209,data_ingestion,Machine Learning,343
EVT-0045-0004,CUST-0045,2026-03-18 22:25:45.397008,login,Machine Learning,26
EVT-0045-0005,CUST-0045,2026-04-17 06:00:45.375850,dashboard_query,Analytics,493
EVT-0045-0006,CUST-0045,2026-02-17 23:26:09.184084,pipeline_execution,Analytics,221
EVT-0045-0007,CUST-0045,2026-05-07 18:03:33.030233,data_ingestion,Analytics,421
EVT-0045-0008,CUST-0045,2026-03-06 03:19:01.147596,data_ingestion,Data Engineering,243
EVT-0045-0009,CUST-0045,2026-03-09 14:15:24.094306,dashboard_query,Data Engineering,54
EVT-0045-0010,CUST-0045,2026-04-08 21:43:23.912668,dashboard_query,AI Workloads,288
EVT-0045-0011,CUST-0045,2026-02-13 23:57:23.813221,dashboard_query,Machine Learning,41
EVT-0045-0012,CUST-0045,2026-03-11 00:55:30.985665,ai_model_run,Data Warehousing,447
EVT-0045-0013,CUST-0045,2026-02-10 22:26:40.449667,login,AI Workloads,359
EVT-0045-0014,CUST-0045,2026-04-22 11:44:06.491497,dashboard_query,Machine Learning,401
EVT-0045-0015,CUST-0045,2026-02-12 08:25:13.669055,login,Data Warehousing,288
EVT-0045-0016,CUST-0045,2026-05-01 07:19:39.550182,data_ingestion,Data Warehousing,224
EVT-0045-0017,CUST-0045,2026-05-11 07:22:16.327798,ai_model_run,Machine Learning,395
EVT-0045-0018,CUST-0045,2026-04-03 22:22:32.307282,data_ingestion,AI Workloads,347
EVT-0045-0019,CUST-0045,2026-03-08 20:10:44.127680,ai_model_run,AI Workloads,265
EVT-0045-0020,CUST-0045,2026-03-31 09:58:57.777102,ai_model_run,AI Workloads,91
EVT-0045-0021,CUST-0045,2026-04-04 01:01:02.979033,ai_model_run,AI Workloads,82
EVT-0045-0022,CUST-0045,2026-04-14 22:20:20.782347,login,Analytics,426
EVT-0045-0023,CUST-0045,2026-02-16 02:27:08.863399,data_ingestion,Machine Learning,93
EVT-0045-0024,CUST-0045,2026-04-14 05:08:41.293854,dashboard_query,Machine Learning,147
EVT-0045-0025,CUST-0045,2026-03-21 10:19:00.745938,login,AI Workloads,46
EVT-0045-0026,CUST-0045,2026-03-30 00:03:43.742912,ai_model_run,Data Engineering,240
EVT-0045-0027,CUST-0045,2026-05-08 11:38:54.858603,pipeline_execution,Data Engineering,345
EVT-0045-0028,CUST-0045,2026-03-17 00:56:52.155367,dashboard_query,Analytics,387
EVT-0045-0029,CUST-0045,2026-03-24 14:18:11.657584,dashboard_query,Machine Learning,279
EVT-0045-0030,CUST-0045,2026-05-09 09:21:24.325539,dashboard_query,Data Engineering,404
EVT-0045-0031,CUST-0045,2026-02-25 18:33:46.199770,login,Data Warehousing,477
EVT-0045-0032,CUST-0045,2026-05-03 05:21:41.166095,data_ingestion,Machine Learning,19
EVT-0045-0033,CUST-0045,2026-02-22 22:10:46.037287,ai_model_run,AI Workloads,43
EVT-0045-0034,CUST-0045,2026-04-14 18:05:07.474058,ai_model_run,Analytics,274
EVT-0045-0035,CUST-0045,2026-04-23 10:14:33.810176,ai_model_run,Data Warehousing,69
EVT-0045-0036,CUST-0045,2026-03-20 09:09:41.135365,pipeline_execution,AI Workloads,278
EVT-0045-0037,CUST-0045,2026-02-26 15:04:12.132722,pipeline_execution,Data Engineering,359
EVT-0045-0038,CUST-0045,2026-04-08 04:30:43.293062,pipeline_execution,Data Warehousing,482
EVT-0045-0039,CUST-0045,2026-02-12 12:03:05.234070,ai_model_run,Machine Learning,94
EVT-0045-0040,CUST-0045,2026-03-20 11:03:22.904071,ai_model_run,Machine Learning,287
EVT-0045-0041,CUST-0045,2026-04-24 21:00:45.607705,login,Machine Learning,424
EVT-0045-0042,CUST-0045,2026-05-04 04:45:16.702047,dashboard_query,Machine Learning,352
EVT-0045-0043,CUST-0045,2026-03-05 11:12:25.747774,login,Data Warehousing,290
EVT-0045-0044,CUST-0045,2026-04-07 10:33:30.601309,login,Analytics,416
EVT-0045-0045,CUST-0045,2026-05-02 13:12:23.497511,dashboard_query,Data Warehousing,403
EVT-0045-0046,CUST-0045,2026-04-17 23:49:20.895464,data_ingestion,Data Engineering,118
EVT-0045-0047,CUST-0045,2026-04-09 08:24:49.536083,ai_model_run,AI Workloads,463
EVT-0045-0048,CUST-0045,2026-03-02 00:29:28.905261,login,Machine Learning,245
EVT-0045-0049,CUST-0045,2026-04-20 09:53:36.082644,dashboard_query,Data Warehousing,67
EVT-0045-0050,CUST-0045,2026-04-28 08:18:10.418788,ai_model_run,Data Warehousing,151
EVT-0045-0051,CUST-0045,2026-04-17 07:19:40.966016,pipeline_execution,Data Warehousing,264
EVT-0045-0052,CUST-0045,2026-03-21 22:23:47.111634,data_ingestion,Machine Learning,405
EVT-0045-0053,CUST-0045,2026-04-09 13:11:46.049882,data_ingestion,AI Workloads,376
EVT-0045-0054,CUST-0045,2026-05-07 18:02:49.401798,data_ingestion,Data Engineering,302
EVT-0045-0055,CUST-0045,2026-04-27 15:43:05.043165,ai_model_run,Data Engineering,271
EVT-0045-0056,CUST-0045,2026-04-17 13:12:40.051641,ai_model_run,AI Workloads,230
EVT-0045-0057,CUST-0045,2026-04-24 11:54:36.990899,ai_model_run,Data Warehousing,400
EVT-0045-0058,CUST-0045,2026-05-01 09:51:40.048578,pipeline_execution,Analytics,78
EVT-0045-0059,CUST-0045,2026-03-28 10:25:06.822061,ai_model_run,AI Workloads,112
EVT-0045-0060,CUST-0045,2026-04-25 13:02:32.298330,login,Analytics,212
EVT-0045-0061,CUST-0045,2026-03-21 20:45:34.999261,login,Analytics,286
EVT-0045-0062,CUST-0045,2026-04-02 07:27:24.895320,ai_model_run,Data Warehousing,281
EVT-0045-0063,CUST-0045,2026-04-15 08:39:11.915411,pipeline_execution,Data Engineering,450
EVT-0045-0064,CUST-0045,2026-04-08 16:35:07.873678,pipeline_execution,AI Workloads,331
EVT-0045-0065,CUST-0045,2026-03-06 15:11:24.845228,data_ingestion,Data Warehousing,196
EVT-0045-0066,CUST-0045,2026-02-27 09:39:47.466488,pipeline_execution,Machine Learning,302
EVT-0045-0067,CUST-0045,2026-04-04 21:44:33.283072,login,Analytics,16
EVT-0045-0068,CUST-0045,2026-05-03 07:44:35.875564,pipeline_execution,AI Workloads,201
EVT-0045-0069,CUST-0045,2026-04-16 16:08:43.438380,dashboard_query,Analytics,245
EVT-0045-0070,CUST-0045,2026-04-30 04:03:59.199809,login,Analytics,221
EVT-0045-0071,CUST-0045,2026-04-12 04:05:16.625253,dashboard_query,AI Workloads,220
EVT-0045-0072,CUST-0045,2026-02-12 18:46:59.447491,ai_model_run,AI Workloads,172
EVT-0045-0073,CUST-0045,2026-03-25 12:05:25.843900,login,Machine Learning,91
EVT-0046-0000,CUST-0046,2026-03-11 04:01:41.280708,ai_model_run,Data Warehousing,19
EVT-0046-0001,CUST-0046,2026-02-19 13:50:45.268305,ai_model_run,Data Engineering,310
EVT-0046-0002,CUST-0046,2026-03-04 06:59:57.687619,pipeline_execution,Machine Learning,376
EVT-0046-0003,CUST-0046,2026-05-01 15:24:05.187722,ai_model_run,Analytics,344
EVT-0046-0004,CUST-0046,2026-03-09 19:52:42.557120,ai_model_run,AI Workloads,479
EVT-0046-0005,CUST-0046,2026-02-26 18:06:43.731684,pipeline_execution,Data Warehousing,138
EVT-0046-0006,CUST-0046,2026-03-23 08:08:20.226335,login,Analytics,352
EVT-0046-0007,CUST-0046,2026-03-23 11:02:29.431621,data_ingestion,Machine Learning,469
EVT-0046-0008,CUST-0046,2026-04-24 12:09:06.849989,ai_model_run,Analytics,146
EVT-0046-0009,CUST-0046,2026-03-14 00:21:10.328064,data_ingestion,AI Workloads,347
EVT-0046-0010,CUST-0046,2026-04-22 07:23:21.322488,pipeline_execution,Machine Learning,51
EVT-0046-0011,CUST-0046,2026-04-07 17:47:41.408668,ai_model_run,Analytics,362
EVT-0046-0012,CUST-0046,2026-02-12 00:23:21.942600,login,Machine Learning,463
EVT-0046-0013,CUST-0046,2026-05-08 23:29:46.449108,login,Analytics,361
EVT-0046-0014,CUST-0046,2026-03-03 22:41:57.385234,pipeline_execution,Data Engineering,285
EVT-0046-0015,CUST-0046,2026-02-27 23:33:06.627857,pipeline_execution,Data Engineering,82
EVT-0046-0016,CUST-0046,2026-02-21 02:55:15.778494,dashboard_query,Machine Learning,82
EVT-0046-0017,CUST-0046,2026-03-10 23:22:18.398790,ai_model_run,Data Engineering,181
EVT-0046-0018,CUST-0046,2026-02-25 00:09:02.640700,pipeline_execution,AI Workloads,39
EVT-0046-0019,CUST-0046,2026-05-03 23:30:25.749543,login,Data Engineering,331
EVT-0046-0020,CUST-0046,2026-04-07 11:40:19.975534,data_ingestion,AI Workloads,137
EVT-0046-0021,CUST-0046,2026-03-14 20:42:01.178795,ai_model_run,Data Warehousing,347
EVT-0046-0022,CUST-0046,2026-03-25 21:35:05.734720,login,Analytics,181
EVT-0046-0023,CUST-0046,2026-04-24 21:27:30.548571,login,Analytics,387
EVT-0046-0024,CUST-0046,2026-02-25 14:46:32.469379,dashboard_query,Data Warehousing,350
EVT-0046-0025,CUST-0046,2026-04-13 15:25:48.934120,dashboard_query,Machine Learning,222
EVT-0046-0026,CUST-0046,2026-03-01 22:10:26.830180,ai_model_run,Data Engineering,159
EVT-0046-0027,CUST-0046,2026-03-17 00:14:19.250159,ai_model_run,Data Engineering,128
EVT-0046-0028,CUST-0046,2026-03-30 07:44:17.514011,pipeline_execution,AI Workloads,417
EVT-0046-0029,CUST-0046,2026-03-24 16:02:58.692605,pipeline_execution,Data Engineering,446
EVT-0046-0030,CUST-0046,2026-04-02 02:26:41.065425,ai_model_run,AI Workloads,139
EVT-0046-0031,CUST-0046,2026-04-22 03:19:18.591028,dashboard_query,Data Warehousing,134
EVT-0046-0032,CUST-0046,2026-04-20 13:01:59.281239,data_ingestion,Analytics,196
EVT-0046-0033,CUST-0046,2026-03-11 13:34:23.277934,dashboard_query,Analytics,129
EVT-0046-0034,CUST-0046,2026-04-07 07:37:28.715006,dashboard_query,Analytics,61
EVT-0046-0035,CUST-0046,2026-03-07 05:57:40.831136,dashboard_query,Data Engineering,166
EVT-0046-0036,CUST-0046,2026-02-18 12:57:17.834265,pipeline_execution,Analytics,464
EVT-0046-0037,CUST-0046,2026-03-21 04:12:13.234292,data_ingestion,Data Engineering,252
EVT-0046-0038,CUST-0046,2026-04-14 22:23:07.129878,data_ingestion,Data Engineering,464
EVT-0046-0039,CUST-0046,2026-03-09 10:32:25.969562,ai_model_run,Data Engineering,148
EVT-0046-0040,CUST-0046,2026-05-05 06:54:42.037670,pipeline_execution,Machine Learning,417
EVT-0046-0041,CUST-0046,2026-03-13 03:19:53.896979,ai_model_run,Machine Learning,209
EVT-0046-0042,CUST-0046,2026-05-03 23:06:29.272638,ai_model_run,Data Warehousing,217
EVT-0046-0043,CUST-0046,2026-04-07 16:56:25.310431,login,AI Workloads,18
EVT-0046-0044,CUST-0046,2026-03-09 01:55:36.526935,ai_model_run,Analytics,209
EVT-0046-0045,CUST-0046,2026-02-11 04:23:55.821060,login,Machine Learning,39
EVT-0046-0046,CUST-0046,2026-04-21 06:51:49.661386,ai_model_run,Analytics,15
EVT-0046-0047,CUST-0046,2026-04-22 08:42:54.393389,ai_model_run,Data Warehousing,226
EVT-0046-0048,CUST-0046,2026-03-05 14:01:57.818364,data_ingestion,Analytics,262
EVT-0046-0049,CUST-0046,2026-04-24 18:36:43.084760,dashboard_query,Data Engineering,160
EVT-0046-0050,CUST-0046,2026-02-15 09:53:14.267560,ai_model_run,Analytics,297
EVT-0046-0051,CUST-0046,2026-04-09 21:11:26.189493,pipeline_execution,AI Workloads,183
EVT-0046-0052,CUST-0046,2026-04-24 14:30:14.702258,dashboard_query,AI Workloads,491
EVT-0046-0053,CUST-0046,2026-03-23 11:02:35.622556,login,Data Engineering,474
EVT-0046-0054,CUST-0046,2026-04-13 12:49:51.523376,pipeline_execution,Machine Learning,167
EVT-0046-0055,CUST-0046,2026-04-23 20:27:00.367640,ai_model_run,Analytics,342
EVT-0046-0056,CUST-0046,2026-04-09 01:56:44.536197,dashboard_query,Data Warehousing,52
EVT-0046-0057,CUST-0046,2026-03-16 00:17:22.163315,ai_model_run,AI Workloads,376
EVT-0046-0058,CUST-0046,2026-04-25 20:58:46.583485,pipeline_execution,AI Workloads,62
EVT-0046-0059,CUST-0046,2026-02-24 14:04:05.201202,dashboard_query,Data Warehousing,376
EVT-0046-0060,CUST-0046,2026-02-25 08:30:32.578394,pipeline_execution,AI Workloads,376
EVT-0046-0061,CUST-0046,2026-03-26 16:31:06.618525,login,Data Engineering,197
EVT-0046-0062,CUST-0046,2026-02-13 00:45:03.178882,ai_model_run,AI Workloads,247
EVT-0046-0063,CUST-0046,2026-03-02 06:31:42.987403,pipeline_execution,Analytics,243
EVT-0047-0000,CUST-0047,2026-04-26 14:18:07.210079,login,AI Workloads,86
EVT-0047-0001,CUST-0047,2026-03-24 14:58:07.939048,ai_model_run,Machine Learning,313
EVT-0047-0002,CUST-0047,2026-02-14 12:06:23.961030,pipeline_execution,Machine Learning,158
EVT-0047-0003,CUST-0047,2026-04-30 01:45:42.563756,dashboard_query,Analytics,290
EVT-0047-0004,CUST-0047,2026-05-01 00:43:29.070642,data_ingestion,Machine Learning,477
EVT-0047-0005,CUST-0047,2026-04-03 02:56:10.035809,pipeline_execution,Analytics,165
EVT-0047-0006,CUST-0047,2026-04-05 03:20:41.806859,ai_model_run,AI Workloads,354
EVT-0047-0007,CUST-0047,2026-04-28 06:30:19.302940,data_ingestion,Data Engineering,139
EVT-0047-0008,CUST-0047,2026-03-30 12:42:30.957553,ai_model_run,Machine Learning,335
EVT-0047-0009,CUST-0047,2026-03-03 07:45:31.091727,ai_model_run,Data Warehousing,472
EVT-0047-0010,CUST-0047,2026-03-30 23:59:57.641582,ai_model_run,AI Workloads,489
EVT-0047-0011,CUST-0047,2026-02-25 10:28:19.134245,ai_model_run,Data Warehousing,45
EVT-0047-0012,CUST-0047,2026-05-08 22:52:52.179891,login,Data Engineering,59
EVT-0047-0013,CUST-0047,2026-04-07 03:24:30.079272,data_ingestion,Data Engineering,345
EVT-0047-0014,CUST-0047,2026-03-15 01:25:37.461890,login,Data Engineering,310
EVT-0047-0015,CUST-0047,2026-02-22 18:42:21.430983,login,AI Workloads,388
EVT-0047-0016,CUST-0047,2026-03-12 07:28:04.472094,ai_model_run,Analytics,316
EVT-0047-0017,CUST-0047,2026-04-13 18:58:04.359354,pipeline_execution,Machine Learning,238
EVT-0047-0018,CUST-0047,2026-03-26 13:21:21.068322,login,AI Workloads,209
EVT-0047-0019,CUST-0047,2026-02-27 14:12:08.066447,dashboard_query,Analytics,231
EVT-0047-0020,CUST-0047,2026-03-15 11:06:20.062262,data_ingestion,Machine Learning,199
EVT-0047-0021,CUST-0047,2026-04-20 04:48:45.521544,dashboard_query,Machine Learning,15
EVT-0047-0022,CUST-0047,2026-02-18 14:43:18.335747,dashboard_query,Data Engineering,231
EVT-0047-0023,CUST-0047,2026-05-02 08:21:25.363069,login,Data Warehousing,274
EVT-0047-0024,CUST-0047,2026-02-25 09:19:49.803621,login,Data Warehousing,181
EVT-0047-0025,CUST-0047,2026-02-14 06:57:12.643010,pipeline_execution,AI Workloads,466
EVT-0047-0026,CUST-0047,2026-05-11 04:34:49.384080,login,Data Warehousing,444
EVT-0047-0027,CUST-0047,2026-03-23 06:55:52.731135,ai_model_run,Analytics,233
EVT-0047-0028,CUST-0047,2026-04-29 19:11:55.684597,data_ingestion,Data Warehousing,179
EVT-0047-0029,CUST-0047,2026-04-02 21:01:13.225551,data_ingestion,AI Workloads,14
EVT-0047-0030,CUST-0047,2026-05-07 13:42:29.557146,data_ingestion,Machine Learning,42
EVT-0047-0031,CUST-0047,2026-02-13 21:07:20.104267,ai_model_run,Analytics,401
EVT-0047-0032,CUST-0047,2026-03-03 20:07:52.261487,login,Analytics,459
EVT-0047-0033,CUST-0047,2026-05-06 18:33:00.352284,login,Analytics,119
EVT-0047-0034,CUST-0047,2026-02-26 20:00:16.672688,data_ingestion,Data Warehousing,196
EVT-0047-0035,CUST-0047,2026-03-05 08:11:51.493596,login,AI Workloads,285
EVT-0047-0036,CUST-0047,2026-05-01 03:39:35.444165,dashboard_query,Data Engineering,475
EVT-0047-0037,CUST-0047,2026-03-13 20:46:35.994030,login,Machine Learning,202
EVT-0047-0038,CUST-0047,2026-04-01 17:21:28.115042,data_ingestion,Machine Learning,282
EVT-0047-0039,CUST-0047,2026-03-10 12:55:22.055318,pipeline_execution,Data Warehousing,239
EVT-0047-0040,CUST-0047,2026-04-05 01:48:03.977510,ai_model_run,Machine Learning,186
EVT-0047-0041,CUST-0047,2026-04-23 02:40:18.379883,pipeline_execution,Data Engineering,474
EVT-0047-0042,CUST-0047,2026-04-08 08:04:40.185668,dashboard_query,Data Warehousing,176
EVT-0047-0043,CUST-0047,2026-02-25 09:49:47.130202,login,AI Workloads,475
EVT-0047-0044,CUST-0047,2026-02-11 15:32:38.943603,ai_model_run,Machine Learning,134
EVT-0047-0045,CUST-0047,2026-04-12 04:11:33.341460,pipeline_execution,Machine Learning,481
EVT-0047-0046,CUST-0047,2026-04-01 14:15:01.435789,dashboard_query,Data Warehousing,201
EVT-0047-0047,CUST-0047,2026-03-20 04:26:30.328664,dashboard_query,Data Engineering,69
EVT-0048-0000,CUST-0048,2026-02-18 09:15:35.708481,pipeline_execution,Data Warehousing,129
EVT-0048-0001,CUST-0048,2026-02-13 01:08:42.026600,pipeline_execution,Data Warehousing,480
EVT-0048-0002,CUST-0048,2026-03-19 14:29:41.348076,dashboard_query,Data Engineering,496
EVT-0048-0003,CUST-0048,2026-03-27 02:52:52.219939,data_ingestion,AI Workloads,302
EVT-0048-0004,CUST-0048,2026-05-11 16:12:35.989241,data_ingestion,Machine Learning,240
EVT-0048-0005,CUST-0048,2026-04-11 00:34:11.776071,login,Data Engineering,469
EVT-0048-0006,CUST-0048,2026-04-22 04:05:32.870961,ai_model_run,Data Engineering,499
EVT-0048-0007,CUST-0048,2026-05-07 07:21:55.283571,pipeline_execution,Analytics,153
EVT-0048-0008,CUST-0048,2026-03-05 14:42:45.708760,dashboard_query,AI Workloads,440
EVT-0048-0009,CUST-0048,2026-03-09 12:17:46.500303,ai_model_run,Analytics,486
EVT-0048-0010,CUST-0048,2026-04-21 04:18:39.792994,pipeline_execution,AI Workloads,154
EVT-0048-0011,CUST-0048,2026-04-12 02:02:36.674126,login,Machine Learning,399
EVT-0048-0012,CUST-0048,2026-03-05 21:39:47.902416,data_ingestion,AI Workloads,78
EVT-0048-0013,CUST-0048,2026-02-17 14:39:49.836225,dashboard_query,Machine Learning,24
EVT-0048-0014,CUST-0048,2026-04-24 05:32:24.667174,pipeline_execution,Analytics,448
EVT-0048-0015,CUST-0048,2026-02-23 09:58:00.514302,login,AI Workloads,368
EVT-0048-0016,CUST-0048,2026-04-19 23:05:00.098141,pipeline_execution,Machine Learning,91
EVT-0048-0017,CUST-0048,2026-04-01 16:34:38.879450,data_ingestion,Data Engineering,477
EVT-0048-0018,CUST-0048,2026-04-30 21:36:46.076153,dashboard_query,Data Warehousing,24
EVT-0048-0019,CUST-0048,2026-03-26 16:37:27.556353,ai_model_run,Machine Learning,378
EVT-0048-0020,CUST-0048,2026-04-05 05:02:26.520986,dashboard_query,Data Engineering,152
EVT-0048-0021,CUST-0048,2026-04-12 06:27:35.539213,login,Data Engineering,116
EVT-0048-0022,CUST-0048,2026-04-05 13:00:59.382064,dashboard_query,Analytics,499
EVT-0048-0023,CUST-0048,2026-04-17 06:10:44.851121,pipeline_execution,AI Workloads,311
EVT-0048-0024,CUST-0048,2026-02-18 08:39:52.555535,pipeline_execution,AI Workloads,463
EVT-0048-0025,CUST-0048,2026-04-26 21:10:58.239749,login,Data Warehousing,166
EVT-0048-0026,CUST-0048,2026-04-07 06:34:08.838359,dashboard_query,Data Engineering,275
EVT-0048-0027,CUST-0048,2026-04-17 11:48:50.656087,data_ingestion,Machine Learning,499
EVT-0048-0028,CUST-0048,2026-04-04 07:13:27.566561,login,Data Warehousing,497
EVT-0048-0029,CUST-0048,2026-03-22 18:11:33.141815,login,Analytics,449
EVT-0048-0030,CUST-0048,2026-03-16 06:23:09.296632,data_ingestion,Machine Learning,301
EVT-0048-0031,CUST-0048,2026-05-10 10:42:13.789465,dashboard_query,Data Engineering,279
EVT-0048-0032,CUST-0048,2026-04-23 10:45:59.564211,login,Machine Learning,16
EVT-0048-0033,CUST-0048,2026-04-15 00:53:09.177340,data_ingestion,AI Workloads,386
EVT-0048-0034,CUST-0048,2026-03-06 04:10:27.220974,data_ingestion,Machine Learning,78
EVT-0048-0035,CUST-0048,2026-05-02 23:52:51.485777,data_ingestion,Analytics,194
EVT-0048-0036,CUST-0048,2026-04-06 14:52:44.362639,pipeline_execution,Data Warehousing,25
EVT-0048-0037,CUST-0048,2026-02-24 11:56:31.698141,ai_model_run,Analytics,100
EVT-0048-0038,CUST-0048,2026-02-16 02:06:03.266587,data_ingestion,Machine Learning,287
EVT-0048-0039,CUST-0048,2026-03-22 16:29:12.422009,login,Data Engineering,312
EVT-0048-0040,CUST-0048,2026-04-18 14:28:00.963659,data_ingestion,AI Workloads,208
EVT-0048-0041,CUST-0048,2026-02-15 04:02:00.713581,ai_model_run,Data Warehousing,126
EVT-0048-0042,CUST-0048,2026-04-18 07:04:17.193466,data_ingestion,Analytics,165
EVT-0048-0043,CUST-0048,2026-03-08 21:00:31.745505,data_ingestion,AI Workloads,213
EVT-0048-0044,CUST-0048,2026-04-25 19:37:21.104517,pipeline_execution,Data Warehousing,62
EVT-0048-0045,CUST-0048,2026-02-19 21:25:46.365390,dashboard_query,AI Workloads,175
EVT-0048-0046,CUST-0048,2026-04-14 22:29:55.636971,dashboard_query,Data Engineering,148
EVT-0048-0047,CUST-0048,2026-03-25 14:37:41.506714,dashboard_query,Machine Learning,113
EVT-0048-0048,CUST-0048,2026-03-03 06:07:25.916793,login,Machine Learning,229
EVT-0049-0000,CUST-0049,2026-04-21 18:30:15.092057,pipeline_execution,AI Workloads,151
EVT-0049-0001,CUST-0049,2026-03-30 15:21:07.291526,login,Analytics,388
EVT-0049-0002,CUST-0049,2026-05-01 18:13:05.395424,pipeline_execution,Machine Learning,5
EVT-0049-0003,CUST-0049,2026-03-10 20:36:54.144230,login,Data Warehousing,499
EVT-0049-0004,CUST-0049,2026-03-28 03:20:19.041004,pipeline_execution,Machine Learning,432
EVT-0049-0005,CUST-0049,2026-04-19 16:12:23.118285,ai_model_run,Analytics,482
EVT-0049-0006,CUST-0049,2026-04-02 12:21:54.420573,login,Machine Learning,167
EVT-0049-0007,CUST-0049,2026-04-20 01:31:41.032827,pipeline_execution,AI Workloads,18
EVT-0049-0008,CUST-0049,2026-02-25 01:47:10.883408,login,Data Warehousing,401
EVT-0049-0009,CUST-0049,2026-03-20 11:05:31.699932,login,Machine Learning,39
EVT-0049-0010,CUST-0049,2026-03-20 01:23:30.387868,login,Data Warehousing,347
EVT-0049-0011,CUST-0049,2026-02-24 22:24:55.011604,login,Analytics,270
EVT-0049-0012,CUST-0049,2026-04-24 06:52:38.938823,ai_model_run,Data Engineering,388
EVT-0049-0013,CUST-0049,2026-03-11 16:04:29.862390,dashboard_query,Analytics,173
EVT-0049-0014,CUST-0049,2026-03-26 19:28:35.124369,ai_model_run,AI Workloads,164
EVT-0049-0015,CUST-0049,2026-04-19 03:32:21.220871,login,Analytics,41
EVT-0049-0016,CUST-0049,2026-04-08 19:38:59.738123,ai_model_run,Analytics,119
EVT-0049-0017,CUST-0049,2026-04-04 09:45:18.411470,dashboard_query,Analytics,27
EVT-0049-0018,CUST-0049,2026-04-04 16:42:09.714656,pipeline_execution,Analytics,468
EVT-0049-0019,CUST-0049,2026-03-25 23:22:37.389232,data_ingestion,Analytics,312
EVT-0049-0020,CUST-0049,2026-02-12 23:26:25.185144,data_ingestion,AI Workloads,314
EVT-0049-0021,CUST-0049,2026-04-01 05:38:36.482135,dashboard_query,AI Workloads,180
EVT-0049-0022,CUST-0049,2026-02-14 01:37:29.400557,pipeline_execution,AI Workloads,195
EVT-0049-0023,CUST-0049,2026-02-25 00:13:29.211149,ai_model_run,Analytics,445
EVT-0049-0024,CUST-0049,2026-04-07 13:03:23.438808,data_ingestion,Data Engineering,331
EVT-0049-0025,CUST-0049,2026-03-18 16:02:36.379415,ai_model_run,Data Engineering,315
EVT-0049-0026,CUST-0049,2026-05-01 23:41:21.820479,ai_model_run,Machine Learning,252
EVT-0049-0027,CUST-0049,2026-03-29 11:12:01.696252,login,Data Engineering,35
EVT-0049-0028,CUST-0049,2026-03-19 16:16:15.783311,pipeline_execution,Analytics,372
EVT-0049-0029,CUST-0049,2026-05-02 21:04:48.174773,dashboard_query,Data Engineering,379
EVT-0049-0030,CUST-0049,2026-04-19 12:23:29.809215,ai_model_run,Machine Learning,334
EVT-0049-0031,CUST-0049,2026-05-07 21:23:23.499781,login,AI Workloads,248
EVT-0050-0000,CUST-0050,2026-02-21 20:44:08.172029,pipeline_execution,Analytics,52
EVT-0050-0001,CUST-0050,2026-04-21 02:46:55.249401,pipeline_execution,Machine Learning,386
EVT-0050-0002,CUST-0050,2026-03-23 04:11:39.175323,login,Machine Learning,271
EVT-0050-0003,CUST-0050,2026-02-26 21:57:31.018862,ai_model_run,Machine Learning,147
EVT-0050-0004,CUST-0050,2026-04-02 16:08:00.005838,pipeline_execution,Machine Learning,239
EVT-0050-0005,CUST-0050,2026-04-28 19:34:28.875047,data_ingestion,Data Engineering,83
EVT-0050-0006,CUST-0050,2026-03-28 00:27:51.883328,data_ingestion,Data Engineering,489
EVT-0050-0007,CUST-0050,2026-02-16 11:00:53.358777,ai_model_run,Data Warehousing,249
EVT-0050-0008,CUST-0050,2026-03-23 03:45:30.100026,data_ingestion,Machine Learning,40
EVT-0050-0009,CUST-0050,2026-03-24 15:16:24.106777,login,Data Warehousing,92
EVT-0050-0010,CUST-0050,2026-03-23 14:43:34.801921,data_ingestion,Machine Learning,93
EVT-0050-0011,CUST-0050,2026-02-13 03:46:17.404400,dashboard_query,Machine Learning,446
EVT-0050-0012,CUST-0050,2026-04-11 21:34:18.879812,login,Machine Learning,266
EVT-0050-0013,CUST-0050,2026-03-30 18:24:57.371833,ai_model_run,Data Warehousing,384
EVT-0050-0014,CUST-0050,2026-03-21 06:27:57.295964,dashboard_query,Analytics,397
EVT-0050-0015,CUST-0050,2026-03-12 22:02:43.866014,ai_model_run,AI Workloads,369
EVT-0050-0016,CUST-0050,2026-03-23 13:39:19.729825,ai_model_run,Data Warehousing,421
EVT-0050-0017,CUST-0050,2026-04-05 18:52:35.107912,pipeline_execution,Machine Learning,368
EVT-0050-0018,CUST-0050,2026-03-01 17:19:46.975952,data_ingestion,AI Workloads,366
EVT-0050-0019,CUST-0050,2026-02-18 03:47:01.317675,pipeline_execution,Analytics,493
EVT-0051-0000,CUST-0051,2026-03-23 03:04:46.460634,data_ingestion,Data Warehousing,178
EVT-0051-0001,CUST-0051,2026-05-10 20:53:19.337208,ai_model_run,Data Engineering,28
EVT-0051-0002,CUST-0051,2026-04-24 01:43:58.949576,ai_model_run,Data Warehousing,37
EVT-0051-0003,CUST-0051,2026-04-22 08:32:06.713366,login,AI Workloads,379
EVT-0051-0004,CUST-0051,2026-03-23 06:03:57.244797,data_ingestion,Analytics,187
EVT-0051-0005,CUST-0051,2026-03-18 21:54:05.858855,dashboard_query,Data Warehousing,459
EVT-0051-0006,CUST-0051,2026-04-22 21:21:50.154773,ai_model_run,Data Warehousing,463
EVT-0051-0007,CUST-0051,2026-05-08 17:51:46.988741,login,Machine Learning,119
EVT-0051-0008,CUST-0051,2026-05-05 19:40:17.844087,dashboard_query,AI Workloads,347
EVT-0051-0009,CUST-0051,2026-03-30 08:34:00.403453,data_ingestion,Data Engineering,34
EVT-0051-0010,CUST-0051,2026-05-02 05:39:26.248989,login,Data Engineering,47
EVT-0051-0011,CUST-0051,2026-04-18 06:52:48.657271,data_ingestion,Data Warehousing,2
EVT-0051-0012,CUST-0051,2026-04-21 10:56:23.581368,login,AI Workloads,490
EVT-0051-0013,CUST-0051,2026-02-12 14:29:17.509639,ai_model_run,Data Engineering,270
EVT-0051-0014,CUST-0051,2026-02-18 14:26:16.303030,login,Data Warehousing,347
EVT-0051-0015,CUST-0051,2026-04-17 21:56:38.108785,login,Data Engineering,469
EVT-0051-0016,CUST-0051,2026-05-02 14:18:26.554102,dashboard_query,AI Workloads,445
EVT-0051-0017,CUST-0051,2026-03-19 16:48:49.126683,ai_model_run,Data Engineering,315
EVT-0051-0018,CUST-0051,2026-04-25 07:05:25.395788,pipeline_execution,Data Warehousing,189
EVT-0051-0019,CUST-0051,2026-03-22 14:44:19.273435,dashboard_query,Machine Learning,38
EVT-0051-0020,CUST-0051,2026-03-20 11:50:39.566424,data_ingestion,Data Engineering,497
EVT-0051-0021,CUST-0051,2026-04-15 08:56:34.026334,dashboard_query,Data Engineering,341
EVT-0051-0022,CUST-0051,2026-03-27 11:07:43.590461,ai_model_run,Analytics,98
EVT-0051-0023,CUST-0051,2026-04-19 11:57:40.911796,login,Machine Learning,166
EVT-0051-0024,CUST-0051,2026-03-17 19:33:59.631498,ai_model_run,Data Warehousing,54
EVT-0052-0000,CUST-0052,2026-02-28 06:11:56.493392,login,Data Warehousing,250
EVT-0052-0001,CUST-0052,2026-02-21 17:11:48.292795,data_ingestion,AI Workloads,187
EVT-0052-0002,CUST-0052,2026-02-13 18:48:45.340943,login,Data Engineering,262
EVT-0052-0003,CUST-0052,2026-03-11 03:29:47.584314,data_ingestion,AI Workloads,159
EVT-0052-0004,CUST-0052,2026-03-31 07:14:54.121340,pipeline_execution,AI Workloads,462
EVT-0052-0005,CUST-0052,2026-03-19 14:52:02.839015,pipeline_execution,AI Workloads,208
EVT-0052-0006,CUST-0052,2026-02-28 11:07:02.155291,dashboard_query,Data Warehousing,73
EVT-0052-0007,CUST-0052,2026-02-12 10:00:35.213310,pipeline_execution,AI Workloads,312
EVT-0052-0008,CUST-0052,2026-05-11 16:47:17.710687,ai_model_run,Machine Learning,85
EVT-0052-0009,CUST-0052,2026-03-03 02:01:16.651789,ai_model_run,AI Workloads,462
EVT-0052-0010,CUST-0052,2026-03-04 12:06:10.032703,data_ingestion,Data Engineering,101
EVT-0052-0011,CUST-0052,2026-04-01 22:00:44.874091,login,AI Workloads,413
EVT-0052-0012,CUST-0052,2026-03-01 19:14:18.375937,ai_model_run,Machine Learning,100
EVT-0052-0013,CUST-0052,2026-03-05 04:13:30.967063,pipeline_execution,AI Workloads,411
EVT-0052-0014,CUST-0052,2026-02-21 01:54:46.937448,dashboard_query,Data Warehousing,270
EVT-0052-0015,CUST-0052,2026-04-07 17:00:01.951757,data_ingestion,Machine Learning,290
EVT-0052-0016,CUST-0052,2026-03-29 05:53:36.060211,dashboard_query,Data Warehousing,361
EVT-0052-0017,CUST-0052,2026-05-01 23:15:20.671981,ai_model_run,Analytics,364
EVT-0052-0018,CUST-0052,2026-03-12 20:51:17.138134,data_ingestion,Data Engineering,382
EVT-0052-0019,CUST-0052,2026-02-28 09:49:54.620695,login,Data Engineering,263
EVT-0052-0020,CUST-0052,2026-04-12 04:36:29.055290,login,Analytics,312
EVT-0052-0021,CUST-0052,2026-05-01 16:46:18.619097,data_ingestion,AI Workloads,131
EVT-0052-0022,CUST-0052,2026-03-02 11:10:05.676150,ai_model_run,Data Warehousing,333
EVT-0052-0023,CUST-0052,2026-04-16 22:55:17.558558,pipeline_execution,AI Workloads,434
EVT-0052-0024,CUST-0052,2026-05-06 23:35:23.471173,login,Data Warehousing,37
EVT-0052-0025,CUST-0052,2026-03-20 12:32:24.726372,login,Machine Learning,317
EVT-0052-0026,CUST-0052,2026-03-27 00:55:28.388112,ai_model_run,Data Warehousing,14
EVT-0052-0027,CUST-0052,2026-02-22 01:50:51.692075,pipeline_execution,AI Workloads,135
EVT-0052-0028,CUST-0052,2026-03-15 08:02:06.263043,ai_model_run,Machine Learning,305
EVT-0052-0029,CUST-0052,2026-03-21 16:28:00.485943,dashboard_query,Analytics,105
EVT-0052-0030,CUST-0052,2026-02-14 05:09:30.519526,ai_model_run,Data Warehousing,179
EVT-0052-0031,CUST-0052,2026-04-19 04:37:22.309649,login,Analytics,214
EVT-0052-0032,CUST-0052,2026-02-22 12:18:22.037647,pipeline_execution,Analytics,294
EVT-0052-0033,CUST-0052,2026-03-31 05:32:39.229148,data_ingestion,Machine Learning,334
EVT-0052-0034,CUST-0052,2026-04-02 03:58:32.146891,pipeline_execution,Data Engineering,294
EVT-0052-0035,CUST-0052,2026-04-20 05:51:01.833086,dashboard_query,Data Engineering,293
EVT-0052-0036,CUST-0052,2026-05-05 04:54:27.030374,pipeline_execution,Data Warehousing,179
EVT-0052-0037,CUST-0052,2026-04-17 13:16:20.828457,ai_model_run,Analytics,433
EVT-0052-0038,CUST-0052,2026-02-16 11:21:52.515346,ai_model_run,Data Engineering,60
EVT-0052-0039,CUST-0052,2026-02-23 10:23:21.160698,data_ingestion,Data Warehousing,315
EVT-0052-0040,CUST-0052,2026-04-12 20:10:43.074441,data_ingestion,AI Workloads,61
EVT-0052-0041,CUST-0052,2026-04-20 23:30:46.696213,dashboard_query,Analytics,304
EVT-0052-0042,CUST-0052,2026-03-20 00:08:06.792987,dashboard_query,Machine Learning,149
EVT-0052-0043,CUST-0052,2026-04-28 06:14:21.967701,dashboard_query,Machine Learning,210
EVT-0052-0044,CUST-0052,2026-03-27 04:49:20.510501,ai_model_run,Data Engineering,206
EVT-0052-0045,CUST-0052,2026-03-20 20:44:15.173007,login,Analytics,80
EVT-0052-0046,CUST-0052,2026-05-01 13:06:13.157735,pipeline_execution,AI Workloads,288
EVT-0052-0047,CUST-0052,2026-03-12 04:54:08.460630,ai_model_run,Analytics,383
EVT-0052-0048,CUST-0052,2026-05-02 22:25:06.724543,ai_model_run,Data Warehousing,56
EVT-0052-0049,CUST-0052,2026-04-02 18:03:33.650500,login,Data Warehousing,199
EVT-0052-0050,CUST-0052,2026-03-04 14:27:19.195062,ai_model_run,Machine Learning,172
EVT-0052-0051,CUST-0052,2026-02-13 23:09:18.798375,dashboard_query,AI Workloads,309
EVT-0052-0052,CUST-0052,2026-03-13 16:38:47.107110,login,AI Workloads,44
EVT-0052-0053,CUST-0052,2026-05-11 18:42:44.689984,login,Data Warehousing,127
EVT-0052-0054,CUST-0052,2026-03-20 07:51:11.368644,dashboard_query,Data Warehousing,389
EVT-0053-0000,CUST-0053,2026-04-08 16:39:25.142687,login,Machine Learning,234
EVT-0053-0001,CUST-0053,2026-02-21 14:57:39.304360,login,Data Warehousing,380
EVT-0053-0002,CUST-0053,2026-03-23 14:56:46.239734,pipeline_execution,Analytics,470
EVT-0053-0003,CUST-0053,2026-03-16 19:53:32.569887,data_ingestion,Data Warehousing,430
EVT-0053-0004,CUST-0053,2026-04-17 09:57:13.889702,pipeline_execution,Analytics,47
EVT-0053-0005,CUST-0053,2026-03-19 15:17:06.161167,dashboard_query,AI Workloads,271
EVT-0053-0006,CUST-0053,2026-04-02 01:31:40.815086,data_ingestion,Data Warehousing,153
EVT-0053-0007,CUST-0053,2026-03-19 17:41:59.213902,pipeline_execution,Data Warehousing,385
EVT-0053-0008,CUST-0053,2026-03-28 22:23:24.459043,dashboard_query,AI Workloads,327
EVT-0053-0009,CUST-0053,2026-02-11 07:11:04.943406,ai_model_run,Machine Learning,283
EVT-0053-0010,CUST-0053,2026-04-19 04:19:36.141018,dashboard_query,AI Workloads,469
EVT-0053-0011,CUST-0053,2026-02-18 10:08:15.384695,login,AI Workloads,323
EVT-0053-0012,CUST-0053,2026-02-17 22:18:32.718153,data_ingestion,Machine Learning,173
EVT-0053-0013,CUST-0053,2026-03-15 08:05:04.988255,ai_model_run,Data Engineering,500
EVT-0053-0014,CUST-0053,2026-03-27 15:30:17.386093,ai_model_run,Analytics,241
EVT-0053-0015,CUST-0053,2026-03-18 16:46:35.848733,pipeline_execution,Analytics,277
EVT-0053-0016,CUST-0053,2026-02-20 06:35:12.326622,data_ingestion,Analytics,487
EVT-0053-0017,CUST-0053,2026-03-25 11:06:53.269752,login,Data Engineering,177
EVT-0053-0018,CUST-0053,2026-02-23 02:39:08.161315,ai_model_run,Data Warehousing,124
EVT-0053-0019,CUST-0053,2026-02-15 05:54:22.836119,login,Data Warehousing,66
EVT-0053-0020,CUST-0053,2026-02-11 14:28:49.636902,data_ingestion,Machine Learning,143
EVT-0053-0021,CUST-0053,2026-02-24 20:44:53.887664,login,Data Engineering,284
EVT-0053-0022,CUST-0053,2026-05-11 03:53:26.994778,dashboard_query,AI Workloads,307
EVT-0053-0023,CUST-0053,2026-05-09 05:59:59.027122,data_ingestion,Machine Learning,200
EVT-0053-0024,CUST-0053,2026-02-15 03:11:31.072161,login,Data Warehousing,462
EVT-0053-0025,CUST-0053,2026-02-28 05:11:33.837768,login,Analytics,499
EVT-0053-0026,CUST-0053,2026-05-03 05:16:54.952368,dashboard_query,Data Engineering,245
EVT-0053-0027,CUST-0053,2026-03-09 23:05:01.988892,ai_model_run,Data Engineering,20
EVT-0053-0028,CUST-0053,2026-03-28 02:59:47.221175,pipeline_execution,AI Workloads,287
EVT-0053-0029,CUST-0053,2026-05-11 20:35:48.141873,ai_model_run,Data Warehousing,276
EVT-0053-0030,CUST-0053,2026-02-21 01:41:00.818099,data_ingestion,Analytics,334
EVT-0053-0031,CUST-0053,2026-05-03 17:17:45.382077,login,AI Workloads,112
EVT-0053-0032,CUST-0053,2026-04-24 20:24:57.600881,pipeline_execution,Data Engineering,360
EVT-0053-0033,CUST-0053,2026-02-25 22:44:32.823349,pipeline_execution,Data Engineering,400
EVT-0053-0034,CUST-0053,2026-02-28 05:56:54.725872,data_ingestion,Data Engineering,16
EVT-0053-0035,CUST-0053,2026-04-12 16:56:52.940501,data_ingestion,AI Workloads,339
EVT-0053-0036,CUST-0053,2026-02-24 15:11:01.136720,data_ingestion,Analytics,143
EVT-0053-0037,CUST-0053,2026-02-27 03:30:03.392763,ai_model_run,Data Engineering,233
EVT-0053-0038,CUST-0053,2026-03-21 00:58:53.381656,pipeline_execution,AI Workloads,469
EVT-0053-0039,CUST-0053,2026-04-06 07:17:48.863163,dashboard_query,Analytics,380
EVT-0053-0040,CUST-0053,2026-02-14 16:25:47.450896,pipeline_execution,Data Warehousing,428
EVT-0053-0041,CUST-0053,2026-02-22 16:39:36.721573,login,Data Engineering,80
EVT-0053-0042,CUST-0053,2026-03-20 09:21:25.524720,login,Analytics,276
EVT-0053-0043,CUST-0053,2026-03-22 21:58:21.978135,pipeline_execution,AI Workloads,372
EVT-0053-0044,CUST-0053,2026-02-27 10:52:28.639482,dashboard_query,AI Workloads,176
EVT-0053-0045,CUST-0053,2026-04-09 16:19:01.589106,login,AI Workloads,365
EVT-0053-0046,CUST-0053,2026-02-17 02:17:55.566678,dashboard_query,Analytics,255
EVT-0053-0047,CUST-0053,2026-05-11 11:26:45.542642,pipeline_execution,Data Warehousing,331
EVT-0053-0048,CUST-0053,2026-03-19 02:35:18.921460,ai_model_run,Analytics,211
EVT-0053-0049,CUST-0053,2026-03-28 18:19:12.776735,ai_model_run,Data Engineering,183
EVT-0053-0050,CUST-0053,2026-05-11 08:01:36.429886,dashboard_query,Data Warehousing,332
EVT-0053-0051,CUST-0053,2026-04-03 12:14:43.674206,dashboard_query,Analytics,162
EVT-0053-0052,CUST-0053,2026-02-16 18:21:08.354489,login,Analytics,288
EVT-0053-0053,CUST-0053,2026-04-30 07:18:38.231444,data_ingestion,AI Workloads,44
EVT-0053-0054,CUST-0053,2026-03-08 03:40:52.395196,data_ingestion,AI Workloads,334
EVT-0053-0055,CUST-0053,2026-05-03 19:59:05.524204,ai_model_run,Machine Learning,424
EVT-0053-0056,CUST-0053,2026-04-14 11:46:53.247355,ai_model_run,AI Workloads,443
EVT-0053-0057,CUST-0053,2026-04-11 18:57:18.465064,login,Data Engineering,406
EVT-0053-0058,CUST-0053,2026-03-03 18:58:35.065546,data_ingestion,Data Engineering,91
EVT-0054-0000,CUST-0054,2026-03-14 04:07:03.242396,dashboard_query,Machine Learning,44
EVT-0054-0001,CUST-0054,2026-04-27 11:00:43.285159,dashboard_query,AI Workloads,481
EVT-0054-0002,CUST-0054,2026-04-09 22:54:08.302797,ai_model_run,AI Workloads,385
EVT-0054-0003,CUST-0054,2026-02-17 23:01:14.246236,login,Machine Learning,226
EVT-0054-0004,CUST-0054,2026-04-21 06:09:38.745888,data_ingestion,Machine Learning,390
EVT-0054-0005,CUST-0054,2026-03-29 12:54:55.176075,dashboard_query,Data Warehousing,414
EVT-0054-0006,CUST-0054,2026-03-25 07:54:30.741645,data_ingestion,AI Workloads,274
EVT-0054-0007,CUST-0054,2026-02-27 09:15:00.497335,data_ingestion,Data Engineering,122
EVT-0054-0008,CUST-0054,2026-04-08 08:51:53.733750,pipeline_execution,AI Workloads,179
EVT-0054-0009,CUST-0054,2026-05-03 03:44:32.819885,login,Machine Learning,437
EVT-0054-0010,CUST-0054,2026-03-09 01:22:12.100992,ai_model_run,AI Workloads,432
EVT-0054-0011,CUST-0054,2026-03-22 03:59:50.458776,dashboard_query,Machine Learning,451
EVT-0054-0012,CUST-0054,2026-02-23 12:52:34.658317,data_ingestion,Machine Learning,110
EVT-0054-0013,CUST-0054,2026-03-03 22:52:09.654356,data_ingestion,Data Warehousing,370
EVT-0054-0014,CUST-0054,2026-02-24 09:42:13.553055,ai_model_run,Data Engineering,141
EVT-0054-0015,CUST-0054,2026-04-15 17:54:40.432957,login,Analytics,144
EVT-0054-0016,CUST-0054,2026-03-15 20:03:07.346064,ai_model_run,AI Workloads,198
EVT-0054-0017,CUST-0054,2026-03-31 20:24:14.888131,ai_model_run,Machine Learning,188
EVT-0054-0018,CUST-0054,2026-02-21 17:59:01.222877,ai_model_run,AI Workloads,279
EVT-0054-0019,CUST-0054,2026-03-30 03:46:21.663448,data_ingestion,AI Workloads,81
EVT-0054-0020,CUST-0054,2026-04-25 05:12:43.021401,login,Analytics,329
EVT-0054-0021,CUST-0054,2026-03-20 20:11:25.637275,ai_model_run,Analytics,446
EVT-0054-0022,CUST-0054,2026-02-19 19:06:35.523741,pipeline_execution,AI Workloads,211
EVT-0054-0023,CUST-0054,2026-02-18 07:47:23.076287,dashboard_query,Analytics,127
EVT-0054-0024,CUST-0054,2026-02-13 21:52:17.380493,ai_model_run,Data Warehousing,306
EVT-0054-0025,CUST-0054,2026-04-03 02:43:05.175972,dashboard_query,Analytics,13
EVT-0054-0026,CUST-0054,2026-04-03 09:02:46.643004,data_ingestion,Data Warehousing,443
EVT-0054-0027,CUST-0054,2026-04-10 11:03:10.160446,dashboard_query,Data Warehousing,152
EVT-0054-0028,CUST-0054,2026-04-28 20:57:05.597188,ai_model_run,Analytics,427
EVT-0054-0029,CUST-0054,2026-05-09 18:26:38.863294,login,Analytics,14
EVT-0054-0030,CUST-0054,2026-02-24 12:01:22.516384,pipeline_execution,Machine Learning,334
EVT-0054-0031,CUST-0054,2026-04-14 04:51:46.356520,dashboard_query,Data Engineering,418
EVT-0054-0032,CUST-0054,2026-05-10 04:44:08.489025,ai_model_run,Analytics,5
EVT-0054-0033,CUST-0054,2026-03-07 13:59:32.347925,pipeline_execution,Analytics,334
EVT-0054-0034,CUST-0054,2026-05-11 21:36:28.049946,login,Data Warehousing,171
EVT-0054-0035,CUST-0054,2026-03-03 22:21:45.211144,pipeline_execution,Machine Learning,348
EVT-0054-0036,CUST-0054,2026-03-13 04:08:49.229582,login,AI Workloads,250
EVT-0054-0037,CUST-0054,2026-03-11 14:59:38.254342,data_ingestion,Data Warehousing,231
EVT-0054-0038,CUST-0054,2026-02-25 19:15:55.034126,login,Data Warehousing,243
EVT-0054-0039,CUST-0054,2026-05-03 11:55:25.002090,data_ingestion,Machine Learning,410
EVT-0054-0040,CUST-0054,2026-02-23 12:15:58.272215,pipeline_execution,Analytics,23
EVT-0054-0041,CUST-0054,2026-04-25 18:31:50.098494,login,Machine Learning,184
EVT-0054-0042,CUST-0054,2026-04-02 12:14:54.416750,data_ingestion,Analytics,244
EVT-0054-0043,CUST-0054,2026-02-27 23:26:25.188169,data_ingestion,Machine Learning,171
EVT-0054-0044,CUST-0054,2026-04-05 01:56:48.670878,login,Data Engineering,129
EVT-0054-0045,CUST-0054,2026-04-13 22:08:39.800355,login,Data Engineering,103
EVT-0054-0046,CUST-0054,2026-03-11 20:14:51.146334,dashboard_query,Machine Learning,212
EVT-0054-0047,CUST-0054,2026-03-31 10:37:14.304576,ai_model_run,AI Workloads,155
EVT-0054-0048,CUST-0054,2026-04-25 05:56:33.839699,ai_model_run,Data Warehousing,139
EVT-0054-0049,CUST-0054,2026-04-05 03:28:58.209904,ai_model_run,Analytics,273
EVT-0054-0050,CUST-0054,2026-03-09 00:03:02.141325,dashboard_query,Analytics,171
EVT-0054-0051,CUST-0054,2026-03-03 19:45:52.435679,ai_model_run,Machine Learning,131
EVT-0054-0052,CUST-0054,2026-03-22 13:06:15.394317,login,Data Engineering,134
EVT-0054-0053,CUST-0054,2026-04-05 08:40:44.555751,login,AI Workloads,245
EVT-0054-0054,CUST-0054,2026-03-03 14:56:32.343070,ai_model_run,Machine Learning,351
EVT-0054-0055,CUST-0054,2026-04-24 15:27:15.946666,ai_model_run,Data Engineering,42
EVT-0054-0056,CUST-0054,2026-04-05 03:36:27.517639,ai_model_run,Analytics,366
EVT-0054-0057,CUST-0054,2026-02-19 00:53:59.815417,dashboard_query,AI Workloads,99
EVT-0054-0058,CUST-0054,2026-04-25 05:34:31.135743,login,Machine Learning,72
EVT-0054-0059,CUST-0054,2026-03-03 23:17:49.915286,ai_model_run,AI Workloads,454
EVT-0054-0060,CUST-0054,2026-03-23 19:21:29.025375,login,Analytics,366
EVT-0054-0061,CUST-0054,2026-02-13 01:40:55.783905,login,AI Workloads,341
EVT-0054-0062,CUST-0054,2026-03-23 17:47:33.247239,pipeline_execution,Data Warehousing,406
EVT-0054-0063,CUST-0054,2026-04-26 15:00:49.230455,ai_model_run,Data Engineering,426
EVT-0054-0064,CUST-0054,2026-03-25 13:01:50.979655,ai_model_run,Machine Learning,123
EVT-0054-0065,CUST-0054,2026-03-15 06:21:42.511077,login,Machine Learning,204
EVT-0054-0066,CUST-0054,2026-03-09 20:22:26.335811,ai_model_run,AI Workloads,13
EVT-0054-0067,CUST-0054,2026-05-08 03:10:23.672210,login,AI Workloads,328
EVT-0054-0068,CUST-0054,2026-02-13 08:27:34.771926,ai_model_run,Analytics,268
EVT-0054-0069,CUST-0054,2026-04-04 06:33:24.210462,data_ingestion,Machine Learning,159
EVT-0054-0070,CUST-0054,2026-04-30 12:21:43.506599,data_ingestion,Data Engineering,366
EVT-0054-0071,CUST-0054,2026-02-23 17:34:52.394743,dashboard_query,Data Engineering,107
EVT-0054-0072,CUST-0054,2026-02-17 22:58:04.436501,dashboard_query,AI Workloads,209
EVT-0054-0073,CUST-0054,2026-05-02 19:33:15.431121,dashboard_query,AI Workloads,327
EVT-0054-0074,CUST-0054,2026-03-29 12:46:27.566216,dashboard_query,Data Engineering,386
EVT-0054-0075,CUST-0054,2026-02-19 12:15:31.240916,login,AI Workloads,125
EVT-0054-0076,CUST-0054,2026-05-05 23:14:00.688156,data_ingestion,Data Warehousing,408
EVT-0054-0077,CUST-0054,2026-05-03 03:18:42.091669,pipeline_execution,Data Engineering,72
EVT-0054-0078,CUST-0054,2026-03-23 07:47:40.571005,ai_model_run,Machine Learning,324
EVT-0054-0079,CUST-0054,2026-03-03 08:34:06.714562,ai_model_run,AI Workloads,182
EVT-0054-0080,CUST-0054,2026-03-18 20:10:17.390448,ai_model_run,Analytics,154
EVT-0055-0000,CUST-0055,2026-02-23 17:37:29.132774,ai_model_run,AI Workloads,162
EVT-0055-0001,CUST-0055,2026-04-27 08:22:16.550811,ai_model_run,Data Warehousing,184
EVT-0055-0002,CUST-0055,2026-02-20 12:42:23.574318,data_ingestion,AI Workloads,344
EVT-0055-0003,CUST-0055,2026-02-15 09:10:09.365827,ai_model_run,Data Warehousing,243
EVT-0055-0004,CUST-0055,2026-04-03 00:04:14.691762,dashboard_query,Data Engineering,356
EVT-0055-0005,CUST-0055,2026-04-01 11:50:51.351592,dashboard_query,Machine Learning,406
EVT-0055-0006,CUST-0055,2026-03-31 00:03:49.674037,dashboard_query,AI Workloads,359
EVT-0055-0007,CUST-0055,2026-03-07 12:51:53.992567,ai_model_run,Data Engineering,300
EVT-0055-0008,CUST-0055,2026-02-14 03:41:34.862219,pipeline_execution,Data Warehousing,390
EVT-0055-0009,CUST-0055,2026-04-18 19:24:55.206260,ai_model_run,AI Workloads,417
EVT-0055-0010,CUST-0055,2026-02-19 12:14:21.450128,login,Data Warehousing,499
EVT-0055-0011,CUST-0055,2026-02-15 11:26:53.043828,dashboard_query,Analytics,211
EVT-0055-0012,CUST-0055,2026-02-17 12:56:48.255558,data_ingestion,Data Warehousing,181
EVT-0055-0013,CUST-0055,2026-04-15 13:03:39.654924,dashboard_query,Data Warehousing,166
EVT-0055-0014,CUST-0055,2026-05-02 22:56:02.923944,pipeline_execution,Analytics,367
EVT-0055-0015,CUST-0055,2026-02-13 12:21:32.847519,dashboard_query,Data Warehousing,188
EVT-0055-0016,CUST-0055,2026-04-22 18:38:56.105044,pipeline_execution,Machine Learning,88
EVT-0055-0017,CUST-0055,2026-04-19 11:14:05.228206,data_ingestion,Data Engineering,313
EVT-0055-0018,CUST-0055,2026-03-18 07:14:39.640213,login,Analytics,156
EVT-0055-0019,CUST-0055,2026-04-25 12:23:52.654846,ai_model_run,Analytics,93
EVT-0055-0020,CUST-0055,2026-02-13 23:31:03.278677,ai_model_run,Analytics,383
EVT-0055-0021,CUST-0055,2026-04-19 23:23:37.892178,pipeline_execution,Machine Learning,153
EVT-0055-0022,CUST-0055,2026-04-15 19:46:30.744456,data_ingestion,Data Warehousing,286
EVT-0055-0023,CUST-0055,2026-04-16 11:18:17.681837,login,Analytics,390
EVT-0055-0024,CUST-0055,2026-04-16 05:56:42.109457,ai_model_run,Data Engineering,199
EVT-0055-0025,CUST-0055,2026-03-22 05:01:01.562179,ai_model_run,AI Workloads,410
EVT-0055-0026,CUST-0055,2026-04-11 17:39:26.899901,login,Analytics,477
EVT-0055-0027,CUST-0055,2026-02-13 09:45:33.782608,data_ingestion,Analytics,416
EVT-0055-0028,CUST-0055,2026-04-16 12:35:47.956137,login,AI Workloads,303
EVT-0055-0029,CUST-0055,2026-04-17 21:32:51.226696,data_ingestion,Machine Learning,129
EVT-0055-0030,CUST-0055,2026-04-02 12:43:44.824164,dashboard_query,Data Warehousing,378
EVT-0055-0031,CUST-0055,2026-04-03 06:27:39.897827,pipeline_execution,Data Warehousing,31
EVT-0055-0032,CUST-0055,2026-04-05 13:45:27.094103,pipeline_execution,Analytics,73
EVT-0055-0033,CUST-0055,2026-04-21 21:39:58.622256,pipeline_execution,Data Warehousing,224
EVT-0055-0034,CUST-0055,2026-04-22 01:30:37.924644,data_ingestion,Data Engineering,493
EVT-0055-0035,CUST-0055,2026-03-05 09:09:47.892658,ai_model_run,Data Warehousing,310
EVT-0055-0036,CUST-0055,2026-02-17 09:57:02.893617,dashboard_query,Data Warehousing,401
EVT-0055-0037,CUST-0055,2026-04-21 17:45:24.059903,pipeline_execution,Analytics,447
EVT-0055-0038,CUST-0055,2026-04-29 11:10:22.660595,dashboard_query,Data Engineering,87
EVT-0055-0039,CUST-0055,2026-03-29 00:07:34.151817,ai_model_run,AI Workloads,254
EVT-0055-0040,CUST-0055,2026-03-17 17:33:06.424383,dashboard_query,Data Engineering,135
EVT-0055-0041,CUST-0055,2026-03-12 07:29:20.474195,login,Machine Learning,263
EVT-0055-0042,CUST-0055,2026-03-19 17:13:07.680236,data_ingestion,Machine Learning,278
EVT-0055-0043,CUST-0055,2026-04-08 00:37:57.907174,login,Data Engineering,404
EVT-0055-0044,CUST-0055,2026-04-20 18:40:23.304355,dashboard_query,AI Workloads,92
EVT-0055-0045,CUST-0055,2026-03-01 14:23:58.235129,dashboard_query,Machine Learning,1
EVT-0055-0046,CUST-0055,2026-02-15 18:12:26.875151,pipeline_execution,Data Engineering,9
EVT-0055-0047,CUST-0055,2026-04-02 20:34:22.726149,pipeline_execution,Analytics,211
EVT-0055-0048,CUST-0055,2026-02-13 05:09:26.112039,dashboard_query,Analytics,89
EVT-0055-0049,CUST-0055,2026-02-14 23:55:38.076539,data_ingestion,Data Engineering,86
EVT-0055-0050,CUST-0055,2026-03-08 11:58:37.509992,data_ingestion,Machine Learning,156
EVT-0055-0051,CUST-0055,2026-04-30 02:35:19.329271,login,Machine Learning,88
EVT-0055-0052,CUST-0055,2026-04-24 14:17:32.886996,data_ingestion,AI Workloads,327
EVT-0055-0053,CUST-0055,2026-02-16 23:46:14.174673,dashboard_query,AI Workloads,238
EVT-0055-0054,CUST-0055,2026-05-10 02:30:56.207229,dashboard_query,Data Warehousing,377
EVT-0055-0055,CUST-0055,2026-02-18 07:57:33.136543,pipeline_execution,Data Warehousing,58
EVT-0055-0056,CUST-0055,2026-05-07 22:43:57.334000,dashboard_query,Data Warehousing,350
EVT-0055-0057,CUST-0055,2026-03-04 07:20:18.813915,pipeline_execution,Data Engineering,343
EVT-0055-0058,CUST-0055,2026-04-05 17:05:04.856708,login,Analytics,367
EVT-0055-0059,CUST-0055,2026-04-04 14:19:29.007581,dashboard_query,Analytics,489
EVT-0055-0060,CUST-0055,2026-04-03 08:20:23.362041,data_ingestion,AI Workloads,409
EVT-0055-0061,CUST-0055,2026-05-11 06:01:31.306194,dashboard_query,Data Engineering,11
EVT-0055-0062,CUST-0055,2026-05-02 11:03:50.325765,login,Data Warehousing,107
EVT-0055-0063,CUST-0055,2026-05-01 01:10:17.656577,ai_model_run,Machine Learning,322
EVT-0055-0064,CUST-0055,2026-03-18 13:36:20.075311,pipeline_execution,AI Workloads,252
EVT-0055-0065,CUST-0055,2026-04-24 06:06:29.076219,login,Machine Learning,326
EVT-0055-0066,CUST-0055,2026-04-14 00:19:54.586618,ai_model_run,Data Engineering,310
EVT-0056-0000,CUST-0056,2026-04-19 10:20:58.549850,dashboard_query,Data Warehousing,17
EVT-0056-0001,CUST-0056,2026-03-09 03:52:47.266013,ai_model_run,AI Workloads,437
EVT-0056-0002,CUST-0056,2026-04-02 05:05:00.703585,pipeline_execution,Data Warehousing,92
EVT-0056-0003,CUST-0056,2026-02-19 17:27:13.985432,data_ingestion,AI Workloads,88
EVT-0056-0004,CUST-0056,2026-04-30 21:56:20.007906,data_ingestion,AI Workloads,4
EVT-0056-0005,CUST-0056,2026-04-15 16:18:51.445097,login,Machine Learning,444
EVT-0056-0006,CUST-0056,2026-02-16 15:53:49.980718,ai_model_run,Data Warehousing,166
EVT-0056-0007,CUST-0056,2026-04-25 20:01:01.302830,login,AI Workloads,114
EVT-0056-0008,CUST-0056,2026-05-09 13:31:05.742142,data_ingestion,Data Engineering,77
EVT-0056-0009,CUST-0056,2026-03-26 00:44:26.843429,login,Data Engineering,198
EVT-0056-0010,CUST-0056,2026-03-09 12:16:31.671069,dashboard_query,AI Workloads,460
EVT-0056-0011,CUST-0056,2026-03-26 05:13:35.501140,ai_model_run,Data Warehousing,39
EVT-0056-0012,CUST-0056,2026-04-05 16:07:29.988664,dashboard_query,Data Engineering,139
EVT-0056-0013,CUST-0056,2026-02-20 15:20:31.358328,login,Data Warehousing,140
EVT-0056-0014,CUST-0056,2026-04-24 19:30:40.453466,dashboard_query,Data Engineering,204
EVT-0056-0015,CUST-0056,2026-03-28 22:34:19.527551,data_ingestion,Analytics,308
EVT-0056-0016,CUST-0056,2026-04-05 20:58:35.314290,dashboard_query,Analytics,493
EVT-0056-0017,CUST-0056,2026-05-05 22:55:01.999788,dashboard_query,Machine Learning,78
EVT-0056-0018,CUST-0056,2026-05-01 21:36:45.127587,ai_model_run,Analytics,24
EVT-0056-0019,CUST-0056,2026-03-09 16:12:27.763536,login,AI Workloads,471
EVT-0056-0020,CUST-0056,2026-02-27 01:17:45.887609,pipeline_execution,Analytics,205
EVT-0056-0021,CUST-0056,2026-04-15 03:12:21.301344,pipeline_execution,AI Workloads,193
EVT-0056-0022,CUST-0056,2026-04-01 18:48:13.885210,pipeline_execution,Data Engineering,123
EVT-0056-0023,CUST-0056,2026-03-16 06:56:52.671413,ai_model_run,AI Workloads,272
EVT-0056-0024,CUST-0056,2026-03-31 09:05:09.828425,dashboard_query,Data Engineering,341
EVT-0056-0025,CUST-0056,2026-03-28 04:32:56.514115,ai_model_run,Machine Learning,24
EVT-0056-0026,CUST-0056,2026-02-25 12:10:56.170098,ai_model_run,Machine Learning,207
EVT-0056-0027,CUST-0056,2026-03-13 04:34:04.283097,pipeline_execution,Machine Learning,192
EVT-0056-0028,CUST-0056,2026-04-23 20:20:52.569675,data_ingestion,Machine Learning,26
EVT-0056-0029,CUST-0056,2026-03-29 23:44:43.822955,pipeline_execution,Machine Learning,49
EVT-0056-0030,CUST-0056,2026-03-25 06:59:40.027641,data_ingestion,Data Warehousing,281
EVT-0056-0031,CUST-0056,2026-04-04 03:54:42.863090,pipeline_execution,Analytics,138
EVT-0056-0032,CUST-0056,2026-02-13 23:09:34.593469,pipeline_execution,Machine Learning,110
EVT-0056-0033,CUST-0056,2026-05-02 10:22:39.512333,pipeline_execution,Machine Learning,157
EVT-0056-0034,CUST-0056,2026-04-11 16:41:45.928825,data_ingestion,Data Engineering,348
EVT-0056-0035,CUST-0056,2026-04-30 22:02:26.938656,data_ingestion,Data Engineering,448
EVT-0056-0036,CUST-0056,2026-04-18 12:01:53.184080,pipeline_execution,Analytics,212
EVT-0056-0037,CUST-0056,2026-03-27 05:47:45.618980,dashboard_query,Data Engineering,200
EVT-0056-0038,CUST-0056,2026-04-14 18:21:36.513514,login,Data Warehousing,208
EVT-0056-0039,CUST-0056,2026-03-26 14:46:47.808735,pipeline_execution,Data Engineering,182
EVT-0056-0040,CUST-0056,2026-04-22 11:37:17.867304,dashboard_query,Data Warehousing,239
EVT-0056-0041,CUST-0056,2026-05-05 19:42:00.603193,login,Data Engineering,420
EVT-0056-0042,CUST-0056,2026-03-01 13:42:44.135950,dashboard_query,Analytics,86
EVT-0056-0043,CUST-0056,2026-03-25 05:58:02.094258,ai_model_run,Data Engineering,43
EVT-0056-0044,CUST-0056,2026-02-13 04:53:33.398135,data_ingestion,Analytics,261
EVT-0056-0045,CUST-0056,2026-04-19 12:52:51.547836,dashboard_query,Data Warehousing,142
EVT-0056-0046,CUST-0056,2026-04-23 23:35:35.216239,data_ingestion,Data Warehousing,339
EVT-0056-0047,CUST-0056,2026-03-11 16:40:51.156869,dashboard_query,AI Workloads,289
EVT-0056-0048,CUST-0056,2026-04-29 06:06:53.380756,dashboard_query,Data Warehousing,45
EVT-0056-0049,CUST-0056,2026-02-23 14:10:37.537205,ai_model_run,Machine Learning,39
EVT-0056-0050,CUST-0056,2026-04-20 18:49:35.629691,data_ingestion,Data Warehousing,246
EVT-0056-0051,CUST-0056,2026-05-07 18:05:28.590388,pipeline_execution,Analytics,419
EVT-0056-0052,CUST-0056,2026-03-12 12:48:58.627859,dashboard_query,Analytics,82
EVT-0056-0053,CUST-0056,2026-05-09 02:49:06.224617,pipeline_execution,AI Workloads,383
EVT-0056-0054,CUST-0056,2026-03-17 16:04:28.372757,login,Machine Learning,349
EVT-0056-0055,CUST-0056,2026-03-15 11:49:29.142639,data_ingestion,Data Engineering,45
EVT-0056-0056,CUST-0056,2026-02-11 00:04:07.418048,pipeline_execution,Machine Learning,348
EVT-0056-0057,CUST-0056,2026-02-12 17:31:00.453831,login,Machine Learning,123
EVT-0056-0058,CUST-0056,2026-03-10 11:37:05.376831,ai_model_run,Data Engineering,207
EVT-0056-0059,CUST-0056,2026-05-02 03:48:16.747598,ai_model_run,Data Engineering,60
EVT-0056-0060,CUST-0056,2026-03-24 13:53:38.101108,ai_model_run,Data Warehousing,478
EVT-0056-0061,CUST-0056,2026-04-06 14:29:45.139291,dashboard_query,Data Warehousing,27
EVT-0056-0062,CUST-0056,2026-04-18 10:38:00.312079,dashboard_query,Data Warehousing,65
EVT-0056-0063,CUST-0056,2026-03-12 17:42:48.003294,login,Machine Learning,249
EVT-0056-0064,CUST-0056,2026-02-11 10:05:31.327135,data_ingestion,Data Warehousing,168
EVT-0056-0065,CUST-0056,2026-05-09 22:19:25.496008,data_ingestion,Machine Learning,174
EVT-0056-0066,CUST-0056,2026-03-08 11:26:23.118948,pipeline_execution,Machine Learning,355
EVT-0056-0067,CUST-0056,2026-03-30 05:15:30.830030,ai_model_run,Analytics,108
EVT-0056-0068,CUST-0056,2026-04-22 16:32:19.069151,data_ingestion,Data Engineering,311
EVT-0056-0069,CUST-0056,2026-03-03 13:22:47.885062,pipeline_execution,Machine Learning,189
EVT-0056-0070,CUST-0056,2026-02-19 15:17:18.097601,pipeline_execution,AI Workloads,207
EVT-0056-0071,CUST-0056,2026-02-25 03:39:40.934392,dashboard_query,Machine Learning,107
EVT-0056-0072,CUST-0056,2026-02-18 06:41:10.827011,ai_model_run,Analytics,473
EVT-0056-0073,CUST-0056,2026-04-12 11:33:56.890641,pipeline_execution,AI Workloads,273
EVT-0056-0074,CUST-0056,2026-02-27 04:10:10.084401,pipeline_execution,Machine Learning,345
EVT-0056-0075,CUST-0056,2026-02-23 20:35:41.962306,dashboard_query,AI Workloads,470
EVT-0056-0076,CUST-0056,2026-03-19 15:13:03.097373,ai_model_run,Analytics,45
EVT-0056-0077,CUST-0056,2026-04-24 10:11:19.325310,login,Data Warehousing,122
EVT-0056-0078,CUST-0056,2026-03-23 09:43:32.093663,data_ingestion,Data Warehousing,114
EVT-0056-0079,CUST-0056,2026-02-25 05:22:09.115525,data_ingestion,AI Workloads,168
EVT-0057-0000,CUST-0057,2026-03-15 21:30:34.194452,login,Machine Learning,416
EVT-0057-0001,CUST-0057,2026-02-21 23:48:16.279745,ai_model_run,Machine Learning,36
EVT-0057-0002,CUST-0057,2026-03-18 02:18:22.307835,data_ingestion,Data Warehousing,150
EVT-0057-0003,CUST-0057,2026-04-29 01:45:05.947670,pipeline_execution,Machine Learning,340
EVT-0057-0004,CUST-0057,2026-05-11 01:59:01.572038,login,Data Engineering,234
EVT-0057-0005,CUST-0057,2026-03-18 02:43:03.099152,data_ingestion,Data Engineering,151
EVT-0057-0006,CUST-0057,2026-04-01 17:32:17.104740,dashboard_query,Machine Learning,226
EVT-0057-0007,CUST-0057,2026-04-15 05:20:10.563091,ai_model_run,Machine Learning,289
EVT-0057-0008,CUST-0057,2026-04-29 03:50:49.939817,pipeline_execution,Data Warehousing,12
EVT-0057-0009,CUST-0057,2026-04-23 09:52:03.087522,login,Analytics,106
EVT-0057-0010,CUST-0057,2026-04-27 23:55:42.059214,login,Analytics,174
EVT-0057-0011,CUST-0057,2026-03-24 04:38:28.619472,dashboard_query,AI Workloads,109
EVT-0057-0012,CUST-0057,2026-02-15 01:35:14.185128,data_ingestion,Data Engineering,115
EVT-0057-0013,CUST-0057,2026-02-19 17:42:38.647603,data_ingestion,Data Engineering,341
EVT-0057-0014,CUST-0057,2026-02-15 20:17:15.655528,pipeline_execution,Analytics,339
EVT-0057-0015,CUST-0057,2026-03-26 05:32:39.642588,dashboard_query,Data Warehousing,10
EVT-0057-0016,CUST-0057,2026-03-28 03:23:27.277102,login,Data Warehousing,4
EVT-0057-0017,CUST-0057,2026-03-27 19:08:06.395419,ai_model_run,Data Warehousing,123
EVT-0057-0018,CUST-0057,2026-03-04 12:51:47.150442,dashboard_query,AI Workloads,53
EVT-0057-0019,CUST-0057,2026-03-01 15:18:52.763965,dashboard_query,Data Engineering,179
EVT-0057-0020,CUST-0057,2026-03-22 09:37:43.046947,dashboard_query,Data Warehousing,151
EVT-0057-0021,CUST-0057,2026-04-17 23:53:33.363793,login,Analytics,414
EVT-0057-0022,CUST-0057,2026-03-22 08:05:57.693650,dashboard_query,Data Engineering,126
EVT-0057-0023,CUST-0057,2026-05-06 10:02:10.728620,dashboard_query,Data Engineering,230
EVT-0057-0024,CUST-0057,2026-03-15 05:48:24.365970,dashboard_query,Analytics,2
EVT-0057-0025,CUST-0057,2026-03-30 22:53:23.146175,dashboard_query,Machine Learning,126
EVT-0057-0026,CUST-0057,2026-03-26 08:48:20.657778,login,Analytics,338
EVT-0057-0027,CUST-0057,2026-03-23 10:45:50.785184,dashboard_query,Machine Learning,393
EVT-0057-0028,CUST-0057,2026-02-20 08:52:52.677260,pipeline_execution,Machine Learning,327
EVT-0057-0029,CUST-0057,2026-04-28 12:47:11.193019,dashboard_query,Machine Learning,417
EVT-0057-0030,CUST-0057,2026-04-20 03:19:10.143947,pipeline_execution,AI Workloads,421
EVT-0057-0031,CUST-0057,2026-03-27 17:01:48.768996,dashboard_query,Machine Learning,393
EVT-0057-0032,CUST-0057,2026-02-28 13:16:29.886272,ai_model_run,Data Engineering,457
EVT-0057-0033,CUST-0057,2026-04-13 23:08:04.636367,data_ingestion,Data Engineering,453
EVT-0057-0034,CUST-0057,2026-03-01 15:50:00.878543,login,Analytics,329
EVT-0057-0035,CUST-0057,2026-05-11 02:11:01.694743,ai_model_run,AI Workloads,169
EVT-0057-0036,CUST-0057,2026-05-09 17:49:35.773701,data_ingestion,Analytics,52
EVT-0057-0037,CUST-0057,2026-02-19 05:12:15.107067,dashboard_query,Machine Learning,117
EVT-0057-0038,CUST-0057,2026-05-09 19:56:42.489699,data_ingestion,Data Engineering,18
EVT-0057-0039,CUST-0057,2026-03-10 00:08:14.588169,pipeline_execution,AI Workloads,212
EVT-0057-0040,CUST-0057,2026-05-08 10:38:30.104447,login,Analytics,194
EVT-0057-0041,CUST-0057,2026-04-24 04:46:55.149541,pipeline_execution,Machine Learning,322
EVT-0057-0042,CUST-0057,2026-03-30 05:33:39.421414,data_ingestion,Data Engineering,125
EVT-0057-0043,CUST-0057,2026-04-16 01:46:11.561179,ai_model_run,Data Engineering,144
EVT-0057-0044,CUST-0057,2026-04-14 11:42:52.214760,dashboard_query,AI Workloads,291
EVT-0058-0000,CUST-0058,2026-02-13 20:25:47.869875,dashboard_query,Data Warehousing,151
EVT-0058-0001,CUST-0058,2026-03-12 22:06:01.980612,pipeline_execution,Data Engineering,105
EVT-0058-0002,CUST-0058,2026-04-27 23:23:02.696587,login,Machine Learning,80
EVT-0058-0003,CUST-0058,2026-03-30 00:44:19.725055,pipeline_execution,Data Engineering,468
EVT-0058-0004,CUST-0058,2026-04-11 08:22:55.315492,pipeline_execution,Data Engineering,100
EVT-0058-0005,CUST-0058,2026-03-22 05:47:29.629545,ai_model_run,Data Warehousing,476
EVT-0058-0006,CUST-0058,2026-02-27 02:13:12.746276,ai_model_run,AI Workloads,57
EVT-0058-0007,CUST-0058,2026-03-31 22:24:13.422506,pipeline_execution,Analytics,331
EVT-0058-0008,CUST-0058,2026-05-05 17:38:59.867754,pipeline_execution,Analytics,169
EVT-0058-0009,CUST-0058,2026-02-22 23:56:00.554334,ai_model_run,Analytics,253
EVT-0058-0010,CUST-0058,2026-05-11 14:46:22.976339,data_ingestion,Machine Learning,148
EVT-0058-0011,CUST-0058,2026-03-15 17:07:51.046613,login,Data Warehousing,406
EVT-0058-0012,CUST-0058,2026-02-25 00:54:11.858530,pipeline_execution,Data Warehousing,221
EVT-0058-0013,CUST-0058,2026-03-07 00:36:43.079867,dashboard_query,Data Warehousing,338
EVT-0058-0014,CUST-0058,2026-02-27 23:27:52.699860,dashboard_query,Data Warehousing,363
EVT-0058-0015,CUST-0058,2026-02-19 23:18:10.729725,dashboard_query,AI Workloads,62
EVT-0058-0016,CUST-0058,2026-02-28 01:53:58.722084,data_ingestion,Machine Learning,119
EVT-0058-0017,CUST-0058,2026-03-03 04:26:51.392671,dashboard_query,Analytics,144
EVT-0058-0018,CUST-0058,2026-03-25 23:25:41.387102,ai_model_run,Machine Learning,394
EVT-0058-0019,CUST-0058,2026-02-22 11:40:30.481913,data_ingestion,Analytics,318
EVT-0058-0020,CUST-0058,2026-05-04 17:03:00.436303,data_ingestion,Analytics,316
EVT-0058-0021,CUST-0058,2026-03-18 01:04:53.035743,data_ingestion,Data Warehousing,173
EVT-0058-0022,CUST-0058,2026-04-03 20:37:43.080976,ai_model_run,Analytics,423
EVT-0058-0023,CUST-0058,2026-04-01 07:47:11.382605,ai_model_run,Machine Learning,232
EVT-0058-0024,CUST-0058,2026-02-19 03:55:19.948522,data_ingestion,AI Workloads,266
EVT-0058-0025,CUST-0058,2026-03-21 15:17:15.183657,ai_model_run,Data Engineering,26
EVT-0058-0026,CUST-0058,2026-04-18 18:52:49.793420,login,AI Workloads,34
EVT-0058-0027,CUST-0058,2026-04-01 16:21:36.205689,pipeline_execution,Data Warehousing,189
EVT-0058-0028,CUST-0058,2026-03-28 22:42:25.013620,ai_model_run,AI Workloads,223
EVT-0058-0029,CUST-0058,2026-04-19 10:50:06.992297,pipeline_execution,Data Engineering,299
EVT-0058-0030,CUST-0058,2026-03-07 15:28:30.533693,ai_model_run,Data Engineering,437
EVT-0058-0031,CUST-0058,2026-02-15 02:18:46.689685,pipeline_execution,Data Engineering,20
EVT-0058-0032,CUST-0058,2026-03-01 22:48:09.217064,data_ingestion,AI Workloads,321
EVT-0058-0033,CUST-0058,2026-02-25 15:06:01.260455,pipeline_execution,Data Engineering,267
EVT-0058-0034,CUST-0058,2026-04-28 22:16:30.792750,login,Data Warehousing,61
EVT-0059-0000,CUST-0059,2026-05-06 00:51:08.307528,login,Analytics,384
EVT-0059-0001,CUST-0059,2026-04-18 11:45:48.848802,data_ingestion,Machine Learning,208
EVT-0059-0002,CUST-0059,2026-04-25 00:29:17.396696,dashboard_query,Machine Learning,265
EVT-0059-0003,CUST-0059,2026-04-11 16:26:28.507696,login,AI Workloads,162
EVT-0059-0004,CUST-0059,2026-03-30 20:31:08.151560,login,AI Workloads,124
EVT-0059-0005,CUST-0059,2026-03-26 13:18:28.494026,login,Analytics,474
EVT-0059-0006,CUST-0059,2026-03-17 16:35:51.011478,pipeline_execution,AI Workloads,364
EVT-0059-0007,CUST-0059,2026-04-10 09:23:31.495402,pipeline_execution,Data Warehousing,280
EVT-0059-0008,CUST-0059,2026-02-18 06:25:19.201199,ai_model_run,Data Warehousing,58
EVT-0059-0009,CUST-0059,2026-03-02 00:17:38.966366,data_ingestion,Machine Learning,493
EVT-0059-0010,CUST-0059,2026-03-13 20:30:22.877705,ai_model_run,AI Workloads,441
EVT-0059-0011,CUST-0059,2026-03-30 17:06:36.594087,dashboard_query,AI Workloads,197
EVT-0059-0012,CUST-0059,2026-03-14 03:08:51.054029,dashboard_query,Data Engineering,297
EVT-0059-0013,CUST-0059,2026-05-07 22:28:29.365556,data_ingestion,Analytics,309
EVT-0059-0014,CUST-0059,2026-04-28 02:34:51.613406,data_ingestion,Analytics,119
EVT-0059-0015,CUST-0059,2026-04-08 06:25:38.481961,pipeline_execution,Analytics,328
EVT-0059-0016,CUST-0059,2026-03-20 14:00:47.080127,pipeline_execution,AI Workloads,138
EVT-0059-0017,CUST-0059,2026-04-09 02:37:54.823494,login,Data Warehousing,208
EVT-0059-0018,CUST-0059,2026-04-26 21:06:06.126205,pipeline_execution,Analytics,132
EVT-0059-0019,CUST-0059,2026-04-07 20:18:20.950597,dashboard_query,Machine Learning,133
EVT-0059-0020,CUST-0059,2026-04-05 03:32:24.450601,login,Data Warehousing,94
EVT-0059-0021,CUST-0059,2026-04-29 14:32:02.564921,pipeline_execution,Data Warehousing,491
EVT-0059-0022,CUST-0059,2026-04-28 05:46:54.021534,data_ingestion,Machine Learning,126
EVT-0059-0023,CUST-0059,2026-04-29 22:07:57.600112,login,AI Workloads,480
EVT-0059-0024,CUST-0059,2026-03-29 09:17:24.783533,ai_model_run,Data Engineering,133
EVT-0059-0025,CUST-0059,2026-05-08 13:55:26.120315,dashboard_query,Machine Learning,145
EVT-0059-0026,CUST-0059,2026-04-02 06:40:19.392961,data_ingestion,AI Workloads,484
EVT-0059-0027,CUST-0059,2026-04-03 20:37:22.147808,login,Analytics,360
EVT-0059-0028,CUST-0059,2026-04-08 16:36:15.712039,dashboard_query,Analytics,217
EVT-0059-0029,CUST-0059,2026-04-13 07:26:44.947856,ai_model_run,AI Workloads,107
EVT-0059-0030,CUST-0059,2026-02-12 23:45:00.594203,pipeline_execution,Data Warehousing,485
EVT-0059-0031,CUST-0059,2026-04-16 20:48:31.265263,data_ingestion,Data Engineering,474
EVT-0059-0032,CUST-0059,2026-04-09 09:09:09.061793,ai_model_run,Machine Learning,106
EVT-0059-0033,CUST-0059,2026-05-01 09:43:54.101255,login,Data Warehousing,255
EVT-0059-0034,CUST-0059,2026-04-26 10:45:00.024789,dashboard_query,Data Warehousing,36
EVT-0059-0035,CUST-0059,2026-03-22 02:29:39.546702,pipeline_execution,Machine Learning,379
EVT-0059-0036,CUST-0059,2026-03-28 13:58:49.930359,data_ingestion,Machine Learning,72
EVT-0059-0037,CUST-0059,2026-03-26 10:28:03.079556,data_ingestion,Analytics,471
EVT-0059-0038,CUST-0059,2026-02-12 08:14:32.605188,dashboard_query,Data Warehousing,343
EVT-0059-0039,CUST-0059,2026-05-11 16:21:33.657539,pipeline_execution,Machine Learning,151
EVT-0059-0040,CUST-0059,2026-04-20 13:28:14.927535,data_ingestion,Data Warehousing,73
EVT-0059-0041,CUST-0059,2026-03-24 22:11:31.211996,pipeline_execution,Data Engineering,256
EVT-0059-0042,CUST-0059,2026-03-13 12:31:02.330465,login,Analytics,31
EVT-0059-0043,CUST-0059,2026-03-03 09:14:08.369392,ai_model_run,Machine Learning,215
EVT-0059-0044,CUST-0059,2026-03-23 20:08:15.539220,login,AI Workloads,317
EVT-0059-0045,CUST-0059,2026-04-22 07:26:13.765800,ai_model_run,Machine Learning,6
EVT-0059-0046,CUST-0059,2026-02-27 16:36:25.807445,data_ingestion,Data Engineering,390
EVT-0059-0047,CUST-0059,2026-04-08 04:56:29.459979,login,Machine Learning,250
EVT-0059-0048,CUST-0059,2026-03-05 00:20:57.685566,ai_model_run,AI Workloads,283
EVT-0059-0049,CUST-0059,2026-02-25 20:53:32.497251,ai_model_run,Machine Learning,298
EVT-0059-0050,CUST-0059,2026-04-12 08:17:46.654030,ai_model_run,AI Workloads,149
EVT-0059-0051,CUST-0059,2026-05-03 09:10:52.902062,pipeline_execution,Data Warehousing,285
EVT-0059-0052,CUST-0059,2026-05-09 13:16:23.984812,dashboard_query,Analytics,118
EVT-0059-0053,CUST-0059,2026-03-22 03:19:34.882307,login,Machine Learning,381
EVT-0059-0054,CUST-0059,2026-03-01 13:55:57.167541,pipeline_execution,Data Warehousing,180
EVT-0059-0055,CUST-0059,2026-05-11 11:00:10.827526,data_ingestion,Data Warehousing,441
EVT-0059-0056,CUST-0059,2026-03-04 21:27:35.570358,pipeline_execution,Data Warehousing,342
EVT-0059-0057,CUST-0059,2026-03-14 15:24:42.276003,dashboard_query,Analytics,80
EVT-0059-0058,CUST-0059,2026-05-02 08:15:42.620148,ai_model_run,Data Warehousing,385
EVT-0059-0059,CUST-0059,2026-04-27 22:44:47.202540,pipeline_execution,Machine Learning,375
EVT-0059-0060,CUST-0059,2026-03-14 04:55:40.741588,data_ingestion,Data Warehousing,356
EVT-0059-0061,CUST-0059,2026-02-28 20:46:11.185359,ai_model_run,AI Workloads,70
EVT-0059-0062,CUST-0059,2026-03-04 14:18:41.423341,data_ingestion,Machine Learning,449
EVT-0059-0063,CUST-0059,2026-03-20 20:30:28.423523,data_ingestion,Machine Learning,274
EVT-0059-0064,CUST-0059,2026-03-22 15:37:44.553450,ai_model_run,Data Engineering,196
EVT-0059-0065,CUST-0059,2026-04-11 18:46:20.456342,ai_model_run,Machine Learning,17
EVT-0059-0066,CUST-0059,2026-04-14 02:05:40.621785,dashboard_query,Data Warehousing,88
EVT-0059-0067,CUST-0059,2026-02-19 11:54:25.321912,data_ingestion,Data Warehousing,213
EVT-0059-0068,CUST-0059,2026-04-16 16:16:21.906878,data_ingestion,Data Engineering,288
EVT-0059-0069,CUST-0059,2026-04-13 02:50:26.861005,dashboard_query,Data Engineering,197
EVT-0059-0070,CUST-0059,2026-02-24 03:02:28.684510,ai_model_run,AI Workloads,103
EVT-0059-0071,CUST-0059,2026-04-14 09:37:31.267448,pipeline_execution,Data Engineering,355
EVT-0059-0072,CUST-0059,2026-02-16 07:41:46.585932,dashboard_query,Analytics,9
EVT-0059-0073,CUST-0059,2026-03-11 16:01:31.082758,pipeline_execution,Analytics,297
EVT-0059-0074,CUST-0059,2026-04-13 19:54:26.910840,pipeline_execution,Data Warehousing,331
EVT-0059-0075,CUST-0059,2026-02-25 19:47:44.304016,dashboard_query,Data Engineering,481
EVT-0059-0076,CUST-0059,2026-03-02 18:06:09.021267,dashboard_query,Data Warehousing,276
EVT-0059-0077,CUST-0059,2026-04-26 07:13:20.052637,ai_model_run,Data Warehousing,188
EVT-0059-0078,CUST-0059,2026-03-26 14:36:04.933248,ai_model_run,AI Workloads,267
EVT-0059-0079,CUST-0059,2026-02-18 21:46:24.204187,login,AI Workloads,259
EVT-0059-0080,CUST-0059,2026-04-27 14:28:36.220988,pipeline_execution,Analytics,494
EVT-0059-0081,CUST-0059,2026-03-24 22:32:29.667917,dashboard_query,Analytics,293
EVT-0059-0082,CUST-0059,2026-02-12 12:48:34.684929,login,AI Workloads,391
EVT-0059-0083,CUST-0059,2026-04-03 11:43:50.411419,pipeline_execution,Data Warehousing,490
EVT-0059-0084,CUST-0059,2026-04-29 16:09:36.624941,dashboard_query,Analytics,51
EVT-0059-0085,CUST-0059,2026-04-20 16:11:46.344892,login,Analytics,277
EVT-0059-0086,CUST-0059,2026-02-13 19:51:53.627550,dashboard_query,Data Warehousing,170
EVT-0059-0087,CUST-0059,2026-03-12 10:07:47.321810,login,Data Warehousing,38
EVT-0059-0088,CUST-0059,2026-05-10 12:05:27.023877,ai_model_run,AI Workloads,495
EVT-0059-0089,CUST-0059,2026-04-24 15:06:47.966423,dashboard_query,Machine Learning,227
EVT-0059-0090,CUST-0059,2026-02-22 21:43:38.845475,ai_model_run,Data Engineering,132
EVT-0060-0000,CUST-0060,2026-05-01 04:45:09.425830,dashboard_query,Data Engineering,210
EVT-0060-0001,CUST-0060,2026-03-25 15:57:10.252740,pipeline_execution,Data Warehousing,249
EVT-0060-0002,CUST-0060,2026-02-17 12:59:36.661093,ai_model_run,Analytics,121
EVT-0060-0003,CUST-0060,2026-03-08 07:52:53.759624,dashboard_query,AI Workloads,361
EVT-0060-0004,CUST-0060,2026-03-09 21:23:05.729241,data_ingestion,Machine Learning,127
EVT-0060-0005,CUST-0060,2026-04-05 08:07:55.763951,ai_model_run,Machine Learning,208
EVT-0060-0006,CUST-0060,2026-04-03 22:58:39.529094,data_ingestion,Data Engineering,206
EVT-0060-0007,CUST-0060,2026-05-10 14:53:17.431518,pipeline_execution,AI Workloads,3
EVT-0060-0008,CUST-0060,2026-04-17 05:59:43.830419,dashboard_query,Data Warehousing,184
EVT-0060-0009,CUST-0060,2026-04-03 18:25:34.912502,pipeline_execution,Analytics,43
EVT-0060-0010,CUST-0060,2026-04-02 07:36:44.908301,pipeline_execution,Machine Learning,373
EVT-0060-0011,CUST-0060,2026-04-17 01:25:25.908497,dashboard_query,Data Warehousing,323
EVT-0060-0012,CUST-0060,2026-02-18 13:14:22.670228,login,Data Engineering,419
EVT-0060-0013,CUST-0060,2026-03-12 09:54:14.344398,ai_model_run,Machine Learning,410
EVT-0060-0014,CUST-0060,2026-03-31 22:31:31.709659,data_ingestion,AI Workloads,184
EVT-0060-0015,CUST-0060,2026-02-26 12:36:44.159716,data_ingestion,Data Engineering,101
EVT-0060-0016,CUST-0060,2026-02-21 23:42:35.228179,pipeline_execution,Data Engineering,482
EVT-0060-0017,CUST-0060,2026-04-02 23:48:50.247958,login,Analytics,12
EVT-0060-0018,CUST-0060,2026-04-02 20:09:04.099008,ai_model_run,Data Warehousing,463
EVT-0060-0019,CUST-0060,2026-05-11 04:09:54.958839,data_ingestion,Analytics,123
EVT-0060-0020,CUST-0060,2026-05-01 05:00:50.136733,ai_model_run,Data Engineering,13
EVT-0060-0021,CUST-0060,2026-02-22 07:24:41.371160,ai_model_run,Analytics,368
EVT-0060-0022,CUST-0060,2026-03-08 03:01:29.970868,login,Data Warehousing,296
EVT-0060-0023,CUST-0060,2026-03-25 08:43:47.419745,data_ingestion,AI Workloads,491
EVT-0060-0024,CUST-0060,2026-02-22 08:08:14.854191,data_ingestion,Data Engineering,315
EVT-0060-0025,CUST-0060,2026-03-24 19:37:12.924045,login,AI Workloads,126
EVT-0060-0026,CUST-0060,2026-02-20 12:59:05.963527,dashboard_query,Machine Learning,199
EVT-0060-0027,CUST-0060,2026-03-14 18:57:24.660773,login,Analytics,394
EVT-0060-0028,CUST-0060,2026-04-05 02:27:22.000472,dashboard_query,AI Workloads,50
EVT-0060-0029,CUST-0060,2026-04-11 03:26:45.852829,pipeline_execution,Data Warehousing,494
EVT-0060-0030,CUST-0060,2026-03-05 22:33:11.383734,pipeline_execution,Data Warehousing,307
EVT-0060-0031,CUST-0060,2026-04-05 01:03:43.716481,login,AI Workloads,225
EVT-0060-0032,CUST-0060,2026-03-21 16:38:46.228516,dashboard_query,Data Engineering,391
EVT-0060-0033,CUST-0060,2026-02-26 06:04:58.611345,pipeline_execution,AI Workloads,419
EVT-0060-0034,CUST-0060,2026-02-16 15:37:31.443842,data_ingestion,Analytics,48
EVT-0060-0035,CUST-0060,2026-02-22 23:26:56.028836,dashboard_query,Data Engineering,19
EVT-0060-0036,CUST-0060,2026-03-29 08:41:11.425452,ai_model_run,Machine Learning,135
EVT-0060-0037,CUST-0060,2026-02-14 11:18:06.257833,ai_model_run,Analytics,365
EVT-0060-0038,CUST-0060,2026-04-01 05:48:29.000346,data_ingestion,Data Engineering,251
EVT-0060-0039,CUST-0060,2026-03-30 11:36:53.664349,login,AI Workloads,389
EVT-0060-0040,CUST-0060,2026-04-01 02:17:15.719906,dashboard_query,Analytics,349
EVT-0060-0041,CUST-0060,2026-04-08 00:45:07.229160,ai_model_run,AI Workloads,172
EVT-0060-0042,CUST-0060,2026-02-13 02:53:12.025895,login,Data Engineering,184
EVT-0060-0043,CUST-0060,2026-03-01 13:23:16.873826,data_ingestion,Data Engineering,423
EVT-0060-0044,CUST-0060,2026-04-08 20:36:16.011613,login,Data Warehousing,154
EVT-0060-0045,CUST-0060,2026-03-09 04:07:39.713866,login,AI Workloads,76
EVT-0060-0046,CUST-0060,2026-03-08 20:42:13.738743,data_ingestion,Data Warehousing,461
EVT-0060-0047,CUST-0060,2026-05-08 15:34:52.122170,pipeline_execution,Data Engineering,108
EVT-0061-0000,CUST-0061,2026-04-20 16:09:17.142895,login,AI Workloads,312
EVT-0061-0001,CUST-0061,2026-05-01 21:15:51.694249,login,Analytics,364
EVT-0061-0002,CUST-0061,2026-04-14 12:22:29.880318,login,Analytics,104
EVT-0061-0003,CUST-0061,2026-03-10 14:29:05.491394,dashboard_query,Data Warehousing,412
EVT-0061-0004,CUST-0061,2026-05-11 11:48:02.766690,login,Data Engineering,75
EVT-0061-0005,CUST-0061,2026-04-06 08:25:55.487516,login,Data Warehousing,323
EVT-0061-0006,CUST-0061,2026-03-19 06:40:27.075222,login,Data Engineering,213
EVT-0061-0007,CUST-0061,2026-04-11 10:11:11.133461,ai_model_run,Analytics,72
EVT-0061-0008,CUST-0061,2026-02-24 21:46:27.264448,ai_model_run,Machine Learning,482
EVT-0061-0009,CUST-0061,2026-03-12 01:13:08.541382,dashboard_query,Data Engineering,243
EVT-0061-0010,CUST-0061,2026-02-27 07:26:12.724927,data_ingestion,Analytics,226
EVT-0061-0011,CUST-0061,2026-03-14 20:05:55.325567,login,Machine Learning,31
EVT-0061-0012,CUST-0061,2026-04-07 20:04:20.914837,login,Data Warehousing,108
EVT-0061-0013,CUST-0061,2026-02-15 15:13:10.760608,pipeline_execution,Analytics,296
EVT-0061-0014,CUST-0061,2026-02-24 20:05:04.987787,ai_model_run,Data Warehousing,68
EVT-0061-0015,CUST-0061,2026-05-01 15:19:01.911561,data_ingestion,Data Engineering,340
EVT-0061-0016,CUST-0061,2026-04-01 17:47:29.231320,data_ingestion,Data Engineering,29
EVT-0061-0017,CUST-0061,2026-03-17 21:28:07.014237,data_ingestion,AI Workloads,408
EVT-0061-0018,CUST-0061,2026-03-15 07:16:09.564556,login,Data Engineering,14
EVT-0061-0019,CUST-0061,2026-05-01 05:30:07.482948,data_ingestion,Machine Learning,227
EVT-0062-0000,CUST-0062,2026-03-16 17:14:17.705574,login,AI Workloads,179
EVT-0062-0001,CUST-0062,2026-04-29 02:36:28.093623,ai_model_run,Data Engineering,91
EVT-0062-0002,CUST-0062,2026-04-16 01:27:11.049455,data_ingestion,Data Warehousing,42
EVT-0062-0003,CUST-0062,2026-03-07 00:10:08.498643,login,Data Warehousing,469
EVT-0062-0004,CUST-0062,2026-04-21 08:23:13.334150,ai_model_run,Analytics,133
EVT-0062-0005,CUST-0062,2026-04-12 23:59:55.950943,dashboard_query,Machine Learning,153
EVT-0062-0006,CUST-0062,2026-04-29 02:53:48.679753,dashboard_query,AI Workloads,211
EVT-0062-0007,CUST-0062,2026-04-15 01:06:28.500073,ai_model_run,Analytics,211
EVT-0062-0008,CUST-0062,2026-02-28 04:13:39.435247,pipeline_execution,Data Engineering,325
EVT-0062-0009,CUST-0062,2026-04-14 12:31:38.951772,dashboard_query,Analytics,235
EVT-0062-0010,CUST-0062,2026-03-06 17:17:59.178349,dashboard_query,Data Warehousing,338
EVT-0062-0011,CUST-0062,2026-04-24 23:06:59.678407,data_ingestion,AI Workloads,459
EVT-0062-0012,CUST-0062,2026-04-01 23:20:08.558196,login,Data Warehousing,6
EVT-0062-0013,CUST-0062,2026-03-28 22:39:03.581651,dashboard_query,Data Engineering,106
EVT-0062-0014,CUST-0062,2026-03-27 00:49:56.584527,pipeline_execution,Data Engineering,236
EVT-0062-0015,CUST-0062,2026-04-29 07:32:44.421114,data_ingestion,AI Workloads,329
EVT-0062-0016,CUST-0062,2026-04-15 06:34:08.520133,login,Data Warehousing,68
EVT-0062-0017,CUST-0062,2026-02-15 17:24:41.671575,login,Machine Learning,306
EVT-0062-0018,CUST-0062,2026-02-18 06:06:07.065008,data_ingestion,Machine Learning,192
EVT-0062-0019,CUST-0062,2026-04-15 22:07:50.537750,ai_model_run,Machine Learning,72
EVT-0062-0020,CUST-0062,2026-04-22 16:54:20.666569,ai_model_run,Data Warehousing,376
EVT-0062-0021,CUST-0062,2026-03-05 14:50:46.937099,dashboard_query,Analytics,208
EVT-0062-0022,CUST-0062,2026-03-23 03:15:03.847592,ai_model_run,Data Warehousing,202
EVT-0062-0023,CUST-0062,2026-04-23 19:41:05.573152,ai_model_run,Machine Learning,106
EVT-0062-0024,CUST-0062,2026-03-03 13:58:15.640853,dashboard_query,Machine Learning,131
EVT-0062-0025,CUST-0062,2026-05-09 18:12:17.299994,login,Data Engineering,199
EVT-0062-0026,CUST-0062,2026-03-20 04:02:50.354888,pipeline_execution,Machine Learning,234
EVT-0062-0027,CUST-0062,2026-04-11 08:54:22.792239,login,AI Workloads,479
EVT-0062-0028,CUST-0062,2026-03-08 08:45:16.946698,pipeline_execution,Data Engineering,289
EVT-0062-0029,CUST-0062,2026-02-13 20:28:50.721028,pipeline_execution,Data Engineering,233
EVT-0062-0030,CUST-0062,2026-04-08 06:55:11.197610,pipeline_execution,Data Warehousing,437
EVT-0062-0031,CUST-0062,2026-03-29 12:31:25.540411,pipeline_execution,Analytics,125
EVT-0062-0032,CUST-0062,2026-02-22 06:38:55.136813,ai_model_run,Data Engineering,83
EVT-0062-0033,CUST-0062,2026-02-23 10:24:29.959584,data_ingestion,Analytics,317
EVT-0062-0034,CUST-0062,2026-04-19 19:08:03.992638,dashboard_query,Data Engineering,284
EVT-0062-0035,CUST-0062,2026-03-30 15:42:25.948491,dashboard_query,Machine Learning,439
EVT-0062-0036,CUST-0062,2026-03-01 19:16:25.172045,ai_model_run,Analytics,224
EVT-0062-0037,CUST-0062,2026-05-07 19:32:32.290962,data_ingestion,AI Workloads,46
EVT-0062-0038,CUST-0062,2026-05-10 08:51:42.035096,ai_model_run,AI Workloads,12
EVT-0062-0039,CUST-0062,2026-04-23 10:02:55.953791,dashboard_query,Machine Learning,94
EVT-0062-0040,CUST-0062,2026-05-01 10:02:17.674547,login,Data Warehousing,104
EVT-0062-0041,CUST-0062,2026-02-18 15:15:46.410712,login,Analytics,423
EVT-0062-0042,CUST-0062,2026-03-16 10:01:30.920914,dashboard_query,AI Workloads,258
EVT-0062-0043,CUST-0062,2026-03-22 16:44:51.566390,ai_model_run,Data Engineering,447
EVT-0062-0044,CUST-0062,2026-05-05 05:00:40.518216,data_ingestion,Analytics,33
EVT-0062-0045,CUST-0062,2026-03-19 17:35:06.055105,dashboard_query,Analytics,440
EVT-0062-0046,CUST-0062,2026-03-13 20:02:12.868328,data_ingestion,AI Workloads,427
EVT-0062-0047,CUST-0062,2026-04-16 21:03:31.197088,dashboard_query,AI Workloads,406
EVT-0062-0048,CUST-0062,2026-04-24 16:48:35.998720,dashboard_query,Data Warehousing,239
EVT-0062-0049,CUST-0062,2026-02-18 11:10:13.427356,data_ingestion,Analytics,142
EVT-0062-0050,CUST-0062,2026-03-21 07:50:32.854435,pipeline_execution,Machine Learning,272
EVT-0062-0051,CUST-0062,2026-04-14 00:06:50.764308,pipeline_execution,Data Engineering,405
EVT-0062-0052,CUST-0062,2026-05-10 07:12:48.346847,pipeline_execution,Data Warehousing,418
EVT-0062-0053,CUST-0062,2026-03-24 08:50:29.780494,pipeline_execution,Machine Learning,159
EVT-0062-0054,CUST-0062,2026-03-27 08:33:00.839972,data_ingestion,Machine Learning,331
EVT-0062-0055,CUST-0062,2026-04-29 07:51:36.147446,login,Data Warehousing,378
EVT-0062-0056,CUST-0062,2026-02-26 22:35:41.159274,pipeline_execution,Data Engineering,102
EVT-0062-0057,CUST-0062,2026-04-04 16:35:13.140198,ai_model_run,Data Warehousing,311
EVT-0062-0058,CUST-0062,2026-04-21 14:14:58.185531,data_ingestion,Data Warehousing,154
EVT-0062-0059,CUST-0062,2026-05-07 04:43:21.809289,ai_model_run,Data Warehousing,21
EVT-0062-0060,CUST-0062,2026-04-27 21:56:16.313213,pipeline_execution,Analytics,125
EVT-0062-0061,CUST-0062,2026-03-27 10:51:50.747199,dashboard_query,Data Engineering,165
EVT-0062-0062,CUST-0062,2026-05-10 18:54:25.575737,data_ingestion,Data Engineering,459
EVT-0062-0063,CUST-0062,2026-04-09 22:56:09.704221,login,Data Engineering,500
EVT-0062-0064,CUST-0062,2026-05-05 23:50:29.475391,pipeline_execution,Data Engineering,360
EVT-0062-0065,CUST-0062,2026-05-04 04:24:02.811883,ai_model_run,Data Warehousing,456
EVT-0062-0066,CUST-0062,2026-03-02 07:34:31.562669,ai_model_run,AI Workloads,227
EVT-0062-0067,CUST-0062,2026-04-22 18:31:04.451956,data_ingestion,Analytics,47
EVT-0062-0068,CUST-0062,2026-03-16 16:18:29.247348,data_ingestion,Analytics,43
EVT-0062-0069,CUST-0062,2026-04-28 08:16:25.505304,dashboard_query,AI Workloads,70
EVT-0062-0070,CUST-0062,2026-03-08 19:41:04.478031,dashboard_query,Data Warehousing,470
EVT-0062-0071,CUST-0062,2026-02-11 15:25:36.248856,data_ingestion,AI Workloads,333
EVT-0062-0072,CUST-0062,2026-04-13 00:19:09.822116,pipeline_execution,Analytics,389
EVT-0062-0073,CUST-0062,2026-02-19 14:16:28.536656,login,Data Engineering,172
EVT-0062-0074,CUST-0062,2026-05-01 04:50:49.293503,data_ingestion,Data Warehousing,146
EVT-0062-0075,CUST-0062,2026-03-06 14:34:28.643506,login,Data Warehousing,209
EVT-0062-0076,CUST-0062,2026-05-05 01:34:39.535388,ai_model_run,Analytics,497
EVT-0062-0077,CUST-0062,2026-03-25 07:34:19.370507,login,Data Engineering,460
EVT-0062-0078,CUST-0062,2026-03-31 16:43:28.307295,ai_model_run,Data Warehousing,384
EVT-0062-0079,CUST-0062,2026-04-17 10:01:28.303725,pipeline_execution,Data Warehousing,269
EVT-0062-0080,CUST-0062,2026-03-11 22:16:34.029349,data_ingestion,Data Warehousing,458
EVT-0062-0081,CUST-0062,2026-03-03 22:04:25.076299,login,AI Workloads,23
EVT-0062-0082,CUST-0062,2026-02-19 02:34:20.717022,ai_model_run,Data Engineering,231
EVT-0062-0083,CUST-0062,2026-04-23 19:06:37.952131,pipeline_execution,Machine Learning,39
EVT-0062-0084,CUST-0062,2026-03-11 11:26:15.760616,data_ingestion,AI Workloads,385
EVT-0062-0085,CUST-0062,2026-05-05 09:37:35.523986,login,Data Engineering,82
EVT-0062-0086,CUST-0062,2026-05-08 23:43:49.152713,login,Data Engineering,357
EVT-0062-0087,CUST-0062,2026-04-20 08:45:32.205540,pipeline_execution,Data Warehousing,318
EVT-0062-0088,CUST-0062,2026-03-23 15:12:57.739107,pipeline_execution,Data Engineering,488
EVT-0062-0089,CUST-0062,2026-04-23 17:13:09.801824,dashboard_query,Data Engineering,313
EVT-0062-0090,CUST-0062,2026-04-09 02:28:18.417279,pipeline_execution,Data Warehousing,375
EVT-0062-0091,CUST-0062,2026-02-23 14:22:53.160101,login,Data Warehousing,56
EVT-0063-0000,CUST-0063,2026-03-08 17:55:38.428935,data_ingestion,AI Workloads,247
EVT-0063-0001,CUST-0063,2026-04-18 02:32:41.887307,data_ingestion,Data Warehousing,402
EVT-0063-0002,CUST-0063,2026-03-02 18:52:44.060052,data_ingestion,Analytics,297
EVT-0063-0003,CUST-0063,2026-04-16 01:39:14.102710,data_ingestion,Machine Learning,195
EVT-0063-0004,CUST-0063,2026-04-21 04:20:06.141903,login,Data Warehousing,194
EVT-0063-0005,CUST-0063,2026-04-03 16:26:23.698622,pipeline_execution,Machine Learning,181
EVT-0063-0006,CUST-0063,2026-03-18 01:06:35.121490,data_ingestion,Data Engineering,366
EVT-0063-0007,CUST-0063,2026-04-23 21:49:40.889249,login,Machine Learning,25
EVT-0063-0008,CUST-0063,2026-02-20 11:45:58.073897,data_ingestion,Machine Learning,193
EVT-0063-0009,CUST-0063,2026-03-23 06:57:03.222806,dashboard_query,Data Warehousing,449
EVT-0063-0010,CUST-0063,2026-04-12 04:50:05.653257,data_ingestion,Data Engineering,115
EVT-0063-0011,CUST-0063,2026-04-13 09:46:27.592741,dashboard_query,Data Engineering,72
EVT-0063-0012,CUST-0063,2026-02-24 18:22:54.176754,ai_model_run,Analytics,407
EVT-0063-0013,CUST-0063,2026-03-03 12:21:17.612974,ai_model_run,Machine Learning,169
EVT-0063-0014,CUST-0063,2026-04-12 19:34:52.173545,data_ingestion,AI Workloads,241
EVT-0063-0015,CUST-0063,2026-05-01 06:46:07.833709,pipeline_execution,Machine Learning,15
EVT-0063-0016,CUST-0063,2026-04-09 00:08:22.520770,dashboard_query,AI Workloads,93
EVT-0063-0017,CUST-0063,2026-02-25 06:15:21.419994,data_ingestion,Analytics,371
EVT-0063-0018,CUST-0063,2026-04-02 17:30:52.400766,dashboard_query,Data Warehousing,304
EVT-0063-0019,CUST-0063,2026-04-30 23:01:22.334844,dashboard_query,Machine Learning,397
EVT-0063-0020,CUST-0063,2026-03-06 05:34:54.931967,data_ingestion,Data Engineering,478
EVT-0063-0021,CUST-0063,2026-04-24 19:22:24.099190,pipeline_execution,Machine Learning,481
EVT-0063-0022,CUST-0063,2026-04-07 14:02:03.892484,login,Analytics,342
EVT-0063-0023,CUST-0063,2026-03-24 02:58:07.937769,ai_model_run,Machine Learning,338
EVT-0063-0024,CUST-0063,2026-05-07 06:13:13.091374,ai_model_run,Data Warehousing,230
EVT-0063-0025,CUST-0063,2026-04-29 15:19:07.828652,dashboard_query,Machine Learning,245
EVT-0063-0026,CUST-0063,2026-03-21 02:14:29.084757,pipeline_execution,Data Warehousing,21
EVT-0063-0027,CUST-0063,2026-04-13 16:38:09.306351,pipeline_execution,AI Workloads,121
EVT-0063-0028,CUST-0063,2026-05-01 04:37:42.351608,data_ingestion,Data Warehousing,41
EVT-0063-0029,CUST-0063,2026-05-09 09:36:07.711222,pipeline_execution,Analytics,54
EVT-0063-0030,CUST-0063,2026-03-11 07:32:36.903729,pipeline_execution,Machine Learning,413
EVT-0063-0031,CUST-0063,2026-05-02 17:31:47.717991,login,Machine Learning,219
EVT-0063-0032,CUST-0063,2026-04-21 17:57:31.916087,login,AI Workloads,119
EVT-0063-0033,CUST-0063,2026-02-27 00:04:23.301730,data_ingestion,Data Warehousing,357
EVT-0063-0034,CUST-0063,2026-03-28 21:59:04.805527,ai_model_run,Data Engineering,153
EVT-0063-0035,CUST-0063,2026-04-24 18:20:05.009442,login,Analytics,148
EVT-0063-0036,CUST-0063,2026-03-17 22:14:48.544909,pipeline_execution,Data Engineering,459
EVT-0063-0037,CUST-0063,2026-04-20 08:18:36.629967,login,Data Warehousing,488
EVT-0063-0038,CUST-0063,2026-04-06 14:35:17.023448,pipeline_execution,Data Warehousing,345
EVT-0063-0039,CUST-0063,2026-05-05 16:00:05.235811,ai_model_run,AI Workloads,289
EVT-0063-0040,CUST-0063,2026-02-20 08:30:15.664262,pipeline_execution,AI Workloads,178
EVT-0063-0041,CUST-0063,2026-03-09 22:41:36.098092,ai_model_run,Analytics,437
EVT-0063-0042,CUST-0063,2026-03-18 20:27:21.641752,login,Machine Learning,11
EVT-0063-0043,CUST-0063,2026-02-26 19:43:12.521223,dashboard_query,Data Warehousing,238
EVT-0063-0044,CUST-0063,2026-03-13 13:50:22.536408,dashboard_query,Machine Learning,318
EVT-0063-0045,CUST-0063,2026-02-21 17:18:20.681984,login,Data Warehousing,107
EVT-0063-0046,CUST-0063,2026-02-26 04:06:30.321763,data_ingestion,Analytics,231
EVT-0063-0047,CUST-0063,2026-03-12 01:48:49.312584,ai_model_run,AI Workloads,494
EVT-0063-0048,CUST-0063,2026-04-25 02:03:09.707801,data_ingestion,Data Engineering,116
EVT-0063-0049,CUST-0063,2026-04-18 09:13:01.727643,pipeline_execution,Machine Learning,114
EVT-0063-0050,CUST-0063,2026-04-09 02:24:07.357822,data_ingestion,Data Engineering,202
EVT-0063-0051,CUST-0063,2026-04-08 15:10:25.132005,pipeline_execution,AI Workloads,424
EVT-0063-0052,CUST-0063,2026-04-04 05:48:28.321587,dashboard_query,Machine Learning,290
EVT-0063-0053,CUST-0063,2026-03-29 11:55:13.455292,dashboard_query,AI Workloads,494
EVT-0063-0054,CUST-0063,2026-03-04 18:20:59.812368,pipeline_execution,Data Engineering,349
EVT-0063-0055,CUST-0063,2026-03-16 11:21:51.288965,ai_model_run,AI Workloads,99
EVT-0063-0056,CUST-0063,2026-03-02 14:45:44.304785,pipeline_execution,Data Warehousing,488
EVT-0063-0057,CUST-0063,2026-05-07 16:32:57.715024,data_ingestion,Machine Learning,480
EVT-0063-0058,CUST-0063,2026-03-07 20:01:30.418078,dashboard_query,AI Workloads,31
EVT-0063-0059,CUST-0063,2026-04-26 18:17:28.788888,dashboard_query,AI Workloads,277
EVT-0063-0060,CUST-0063,2026-04-16 20:34:37.839587,dashboard_query,Analytics,245
EVT-0063-0061,CUST-0063,2026-04-22 21:57:30.870657,login,Data Engineering,398
EVT-0063-0062,CUST-0063,2026-04-11 17:01:58.880157,pipeline_execution,Data Engineering,173
EVT-0063-0063,CUST-0063,2026-03-27 06:16:48.779212,login,Analytics,202
EVT-0063-0064,CUST-0063,2026-02-27 03:48:25.694534,pipeline_execution,Analytics,390
EVT-0063-0065,CUST-0063,2026-05-06 19:47:41.493004,login,Machine Learning,145
EVT-0063-0066,CUST-0063,2026-04-13 15:05:12.711352,dashboard_query,AI Workloads,414
EVT-0063-0067,CUST-0063,2026-05-07 18:45:14.672702,data_ingestion,Data Engineering,47
EVT-0063-0068,CUST-0063,2026-04-04 23:41:40.492426,login,Machine Learning,215
EVT-0063-0069,CUST-0063,2026-04-09 11:14:27.038557,data_ingestion,Analytics,354
EVT-0063-0070,CUST-0063,2026-04-28 14:40:19.797951,data_ingestion,Machine Learning,2
EVT-0063-0071,CUST-0063,2026-05-08 23:57:17.984417,pipeline_execution,Analytics,135
EVT-0063-0072,CUST-0063,2026-02-25 16:07:15.713809,login,Data Warehousing,119
EVT-0063-0073,CUST-0063,2026-02-18 20:42:13.660512,dashboard_query,Analytics,367
EVT-0063-0074,CUST-0063,2026-04-13 13:52:57.829839,login,Analytics,43
EVT-0063-0075,CUST-0063,2026-04-10 08:14:48.269285,login,Data Warehousing,354
EVT-0063-0076,CUST-0063,2026-05-08 17:38:40.552474,login,Data Engineering,396
EVT-0063-0077,CUST-0063,2026-02-25 03:07:24.530478,data_ingestion,Data Warehousing,373
EVT-0063-0078,CUST-0063,2026-03-02 22:32:37.900175,data_ingestion,Data Engineering,348
EVT-0063-0079,CUST-0063,2026-03-28 22:32:23.067367,login,Analytics,200
EVT-0063-0080,CUST-0063,2026-04-28 00:05:52.552413,login,Data Warehousing,232
EVT-0063-0081,CUST-0063,2026-05-09 21:28:09.243496,data_ingestion,Data Engineering,450
EVT-0063-0082,CUST-0063,2026-03-30 17:37:51.451870,ai_model_run,AI Workloads,79
EVT-0063-0083,CUST-0063,2026-02-21 05:35:53.076959,ai_model_run,Analytics,56
EVT-0064-0000,CUST-0064,2026-03-22 06:20:47.656599,pipeline_execution,Machine Learning,333
EVT-0064-0001,CUST-0064,2026-02-27 15:48:48.247108,pipeline_execution,Data Engineering,454
EVT-0064-0002,CUST-0064,2026-03-16 20:27:54.873809,data_ingestion,AI Workloads,451
EVT-0064-0003,CUST-0064,2026-04-04 19:27:56.660756,data_ingestion,Data Engineering,339
EVT-0064-0004,CUST-0064,2026-04-26 19:25:52.158390,dashboard_query,Data Engineering,69
EVT-0064-0005,CUST-0064,2026-04-29 09:28:39.953580,ai_model_run,Machine Learning,198
EVT-0064-0006,CUST-0064,2026-02-22 01:51:58.017144,pipeline_execution,Data Warehousing,76
EVT-0064-0007,CUST-0064,2026-02-26 08:15:01.228337,ai_model_run,Data Warehousing,304
EVT-0064-0008,CUST-0064,2026-02-27 10:32:50.530302,data_ingestion,AI Workloads,277
EVT-0064-0009,CUST-0064,2026-02-11 14:53:41.320142,login,Data Engineering,27
EVT-0064-0010,CUST-0064,2026-04-24 11:57:32.938544,ai_model_run,Data Engineering,226
EVT-0064-0011,CUST-0064,2026-02-17 22:22:02.437789,login,Data Engineering,82
EVT-0064-0012,CUST-0064,2026-02-14 07:39:29.741251,dashboard_query,AI Workloads,338
EVT-0064-0013,CUST-0064,2026-04-14 10:56:57.049554,data_ingestion,Machine Learning,436
EVT-0064-0014,CUST-0064,2026-05-09 04:23:06.828277,login,Data Warehousing,142
EVT-0064-0015,CUST-0064,2026-03-22 16:04:32.544148,login,Analytics,467
EVT-0064-0016,CUST-0064,2026-05-11 04:00:30.326672,dashboard_query,AI Workloads,196
EVT-0064-0017,CUST-0064,2026-03-03 14:19:46.211593,login,Data Warehousing,377
EVT-0064-0018,CUST-0064,2026-04-16 00:53:05.268853,ai_model_run,Machine Learning,346
EVT-0064-0019,CUST-0064,2026-03-29 10:20:52.002135,ai_model_run,Machine Learning,269
EVT-0064-0020,CUST-0064,2026-02-15 06:32:42.780004,login,Data Engineering,242
EVT-0065-0000,CUST-0065,2026-03-02 21:45:40.427191,login,Data Warehousing,463
EVT-0065-0001,CUST-0065,2026-05-05 10:23:30.141655,data_ingestion,Data Warehousing,445
EVT-0065-0002,CUST-0065,2026-02-13 23:59:16.963992,dashboard_query,Machine Learning,478
EVT-0065-0003,CUST-0065,2026-04-24 16:07:07.996933,data_ingestion,Data Engineering,195
EVT-0065-0004,CUST-0065,2026-04-24 20:03:16.799922,ai_model_run,Analytics,287
EVT-0065-0005,CUST-0065,2026-03-26 14:24:32.224259,ai_model_run,Machine Learning,8
EVT-0065-0006,CUST-0065,2026-03-08 10:54:58.470728,login,AI Workloads,494
EVT-0065-0007,CUST-0065,2026-04-13 14:01:16.367341,ai_model_run,Data Engineering,323
EVT-0065-0008,CUST-0065,2026-04-30 11:46:13.382200,ai_model_run,Data Warehousing,287
EVT-0065-0009,CUST-0065,2026-03-31 13:29:34.566481,pipeline_execution,AI Workloads,356
EVT-0065-0010,CUST-0065,2026-04-05 23:33:03.663386,dashboard_query,Data Warehousing,94
EVT-0065-0011,CUST-0065,2026-02-28 14:01:08.453889,ai_model_run,AI Workloads,142
EVT-0065-0012,CUST-0065,2026-03-15 13:36:11.975232,login,Data Warehousing,103
EVT-0065-0013,CUST-0065,2026-03-12 15:49:43.235627,data_ingestion,Data Warehousing,388
EVT-0065-0014,CUST-0065,2026-05-06 14:58:51.124438,ai_model_run,Machine Learning,378
EVT-0065-0015,CUST-0065,2026-05-03 17:49:33.802927,data_ingestion,Machine Learning,98
EVT-0065-0016,CUST-0065,2026-03-08 10:22:47.794030,dashboard_query,AI Workloads,275
EVT-0065-0017,CUST-0065,2026-02-13 13:57:27.657177,ai_model_run,AI Workloads,24
EVT-0065-0018,CUST-0065,2026-03-03 12:58:54.807949,pipeline_execution,Analytics,463
EVT-0065-0019,CUST-0065,2026-05-04 11:40:27.878162,login,Data Warehousing,129
EVT-0065-0020,CUST-0065,2026-02-16 13:46:05.148445,data_ingestion,AI Workloads,306
EVT-0065-0021,CUST-0065,2026-04-22 11:42:52.015695,login,Data Warehousing,195
EVT-0065-0022,CUST-0065,2026-02-17 05:46:09.625973,dashboard_query,Machine Learning,16
EVT-0065-0023,CUST-0065,2026-03-12 10:55:56.227023,pipeline_execution,Analytics,93
EVT-0065-0024,CUST-0065,2026-04-06 19:28:43.137454,data_ingestion,AI Workloads,74
EVT-0065-0025,CUST-0065,2026-04-05 00:38:33.597351,dashboard_query,Machine Learning,19
EVT-0065-0026,CUST-0065,2026-04-26 00:44:39.191130,login,AI Workloads,246
EVT-0065-0027,CUST-0065,2026-03-08 00:27:46.029094,pipeline_execution,Data Engineering,219
EVT-0065-0028,CUST-0065,2026-03-01 01:02:39.537159,dashboard_query,Data Engineering,143
EVT-0065-0029,CUST-0065,2026-03-08 10:24:52.714300,data_ingestion,Machine Learning,467
EVT-0065-0030,CUST-0065,2026-03-16 23:58:13.137861,login,Analytics,179
EVT-0065-0031,CUST-0065,2026-02-19 00:48:25.163658,data_ingestion,Machine Learning,246
EVT-0065-0032,CUST-0065,2026-02-28 11:54:59.760499,data_ingestion,Data Warehousing,377
EVT-0065-0033,CUST-0065,2026-02-18 04:49:37.772531,dashboard_query,Machine Learning,50
EVT-0065-0034,CUST-0065,2026-04-09 18:07:56.790709,dashboard_query,Machine Learning,450
EVT-0065-0035,CUST-0065,2026-02-12 09:31:33.020286,dashboard_query,Data Warehousing,205
EVT-0065-0036,CUST-0065,2026-04-22 21:39:18.492924,dashboard_query,Data Warehousing,381
EVT-0065-0037,CUST-0065,2026-03-19 03:27:22.484310,login,Machine Learning,59
EVT-0065-0038,CUST-0065,2026-02-26 04:29:25.083107,login,AI Workloads,357
EVT-0065-0039,CUST-0065,2026-04-17 18:43:01.558884,pipeline_execution,Data Engineering,104
EVT-0065-0040,CUST-0065,2026-02-13 16:46:57.858370,ai_model_run,Data Engineering,256
EVT-0065-0041,CUST-0065,2026-04-15 00:34:37.835121,pipeline_execution,Analytics,69
EVT-0065-0042,CUST-0065,2026-04-27 06:10:09.091813,data_ingestion,Machine Learning,46
EVT-0065-0043,CUST-0065,2026-05-04 18:29:56.587797,data_ingestion,Data Engineering,498
EVT-0065-0044,CUST-0065,2026-04-24 20:55:44.808758,login,Data Warehousing,102
EVT-0065-0045,CUST-0065,2026-03-08 18:34:30.911824,dashboard_query,Analytics,181
EVT-0065-0046,CUST-0065,2026-04-02 14:08:00.773476,login,AI Workloads,190
EVT-0065-0047,CUST-0065,2026-04-28 16:10:26.672393,dashboard_query,Data Warehousing,206
EVT-0065-0048,CUST-0065,2026-04-16 19:52:17.521261,login,Data Warehousing,31
EVT-0065-0049,CUST-0065,2026-03-02 19:40:20.671663,dashboard_query,Machine Learning,23
EVT-0065-0050,CUST-0065,2026-03-17 04:24:18.749556,dashboard_query,AI Workloads,474
EVT-0065-0051,CUST-0065,2026-03-23 01:49:23.987398,login,Machine Learning,41
EVT-0065-0052,CUST-0065,2026-03-21 00:41:16.421657,data_ingestion,Data Warehousing,334
EVT-0065-0053,CUST-0065,2026-04-08 03:08:47.090751,login,Machine Learning,151
EVT-0065-0054,CUST-0065,2026-03-08 12:13:38.100037,dashboard_query,Data Engineering,32
EVT-0065-0055,CUST-0065,2026-02-12 02:04:29.773623,dashboard_query,Data Engineering,375
EVT-0065-0056,CUST-0065,2026-04-20 03:21:05.485923,data_ingestion,AI Workloads,184
EVT-0065-0057,CUST-0065,2026-03-03 10:52:54.504297,pipeline_execution,Machine Learning,234
EVT-0065-0058,CUST-0065,2026-03-03 19:46:38.337290,dashboard_query,Data Warehousing,60
EVT-0065-0059,CUST-0065,2026-04-14 14:55:54.577428,dashboard_query,Analytics,163
EVT-0065-0060,CUST-0065,2026-03-18 06:20:24.782196,pipeline_execution,Data Warehousing,135
EVT-0065-0061,CUST-0065,2026-03-24 23:27:54.909295,ai_model_run,Analytics,349
EVT-0065-0062,CUST-0065,2026-02-18 15:53:24.327990,pipeline_execution,AI Workloads,257
EVT-0065-0063,CUST-0065,2026-05-04 09:02:59.620916,pipeline_execution,Analytics,322
EVT-0065-0064,CUST-0065,2026-04-26 16:55:11.250524,ai_model_run,AI Workloads,219
EVT-0065-0065,CUST-0065,2026-05-07 13:35:25.940213,login,AI Workloads,156
EVT-0065-0066,CUST-0065,2026-03-31 19:51:40.818227,pipeline_execution,Analytics,123
EVT-0065-0067,CUST-0065,2026-03-10 14:53:45.565778,dashboard_query,Data Engineering,392
EVT-0065-0068,CUST-0065,2026-04-17 02:42:31.223548,dashboard_query,Data Warehousing,134
EVT-0065-0069,CUST-0065,2026-03-03 00:00:18.168110,ai_model_run,Machine Learning,454
EVT-0065-0070,CUST-0065,2026-04-13 03:08:45.054371,ai_model_run,Data Engineering,194
EVT-0065-0071,CUST-0065,2026-02-25 11:57:19.260377,ai_model_run,Analytics,101
EVT-0065-0072,CUST-0065,2026-05-07 03:57:04.462080,pipeline_execution,Data Warehousing,183
EVT-0065-0073,CUST-0065,2026-02-23 19:51:20.879242,ai_model_run,Analytics,281
EVT-0065-0074,CUST-0065,2026-05-03 01:34:43.195097,data_ingestion,Data Warehousing,375
EVT-0065-0075,CUST-0065,2026-05-08 11:03:52.863491,dashboard_query,Data Engineering,60
EVT-0065-0076,CUST-0065,2026-04-01 13:46:49.547479,login,Machine Learning,158
EVT-0065-0077,CUST-0065,2026-04-15 06:34:13.746661,pipeline_execution,Data Engineering,259
EVT-0065-0078,CUST-0065,2026-04-22 00:27:12.833036,data_ingestion,Analytics,14
EVT-0066-0000,CUST-0066,2026-05-04 23:22:27.830518,dashboard_query,Analytics,448
EVT-0066-0001,CUST-0066,2026-04-14 00:42:05.256248,pipeline_execution,Analytics,121
EVT-0066-0002,CUST-0066,2026-03-04 00:09:25.857658,ai_model_run,Analytics,102
EVT-0066-0003,CUST-0066,2026-04-17 15:16:02.718107,ai_model_run,Machine Learning,91
EVT-0066-0004,CUST-0066,2026-04-27 03:27:22.305139,data_ingestion,Data Engineering,291
EVT-0066-0005,CUST-0066,2026-02-24 07:41:19.911763,ai_model_run,Analytics,91
EVT-0066-0006,CUST-0066,2026-04-07 08:16:39.051333,data_ingestion,Data Engineering,442
EVT-0066-0007,CUST-0066,2026-03-15 17:56:20.053526,dashboard_query,Data Engineering,412
EVT-0066-0008,CUST-0066,2026-04-13 13:24:00.327286,pipeline_execution,Data Engineering,349
EVT-0066-0009,CUST-0066,2026-04-10 14:17:32.500174,ai_model_run,Data Warehousing,142
EVT-0066-0010,CUST-0066,2026-05-08 02:27:55.226728,ai_model_run,AI Workloads,74
EVT-0066-0011,CUST-0066,2026-04-30 00:27:22.730718,dashboard_query,Machine Learning,248
EVT-0066-0012,CUST-0066,2026-05-10 08:43:45.967980,ai_model_run,Analytics,331
EVT-0066-0013,CUST-0066,2026-04-16 16:09:00.612258,data_ingestion,Machine Learning,311
EVT-0066-0014,CUST-0066,2026-03-06 04:59:27.123177,login,Data Warehousing,179
EVT-0066-0015,CUST-0066,2026-04-24 13:41:23.006376,dashboard_query,Data Engineering,303
EVT-0066-0016,CUST-0066,2026-03-23 23:46:34.291575,ai_model_run,Machine Learning,65
EVT-0066-0017,CUST-0066,2026-05-08 11:50:55.357774,pipeline_execution,Machine Learning,477
EVT-0066-0018,CUST-0066,2026-02-24 15:54:11.347685,data_ingestion,Analytics,461
EVT-0066-0019,CUST-0066,2026-03-25 22:33:22.815160,data_ingestion,Data Engineering,49
EVT-0066-0020,CUST-0066,2026-02-23 06:21:26.405809,pipeline_execution,Data Engineering,301
EVT-0066-0021,CUST-0066,2026-04-25 15:22:16.232908,data_ingestion,Data Engineering,199
EVT-0066-0022,CUST-0066,2026-03-31 04:14:05.078640,dashboard_query,Analytics,447
EVT-0066-0023,CUST-0066,2026-04-23 00:59:11.745483,dashboard_query,Data Engineering,379
EVT-0066-0024,CUST-0066,2026-02-22 13:42:40.229841,login,Data Warehousing,205
EVT-0066-0025,CUST-0066,2026-04-22 03:08:07.333199,ai_model_run,Analytics,40
EVT-0066-0026,CUST-0066,2026-04-05 15:13:09.026982,pipeline_execution,Data Warehousing,454
EVT-0066-0027,CUST-0066,2026-02-17 13:06:45.582153,data_ingestion,Analytics,203
EVT-0066-0028,CUST-0066,2026-04-14 21:42:34.856429,dashboard_query,Data Warehousing,302
EVT-0066-0029,CUST-0066,2026-03-13 19:26:21.481230,dashboard_query,Analytics,450
EVT-0066-0030,CUST-0066,2026-03-21 12:49:35.717554,pipeline_execution,AI Workloads,81
EVT-0066-0031,CUST-0066,2026-02-14 13:39:30.104533,pipeline_execution,Data Engineering,158
EVT-0066-0032,CUST-0066,2026-03-13 19:34:40.179854,login,Data Engineering,116
EVT-0066-0033,CUST-0066,2026-02-13 11:49:03.458775,login,Data Engineering,256
EVT-0066-0034,CUST-0066,2026-02-19 00:11:35.734436,pipeline_execution,Machine Learning,12
EVT-0066-0035,CUST-0066,2026-03-30 11:18:52.120342,login,Data Engineering,423
EVT-0066-0036,CUST-0066,2026-02-13 03:36:43.956254,ai_model_run,AI Workloads,437
EVT-0066-0037,CUST-0066,2026-04-30 11:45:42.884352,dashboard_query,Data Engineering,454
EVT-0066-0038,CUST-0066,2026-04-24 00:44:51.653832,ai_model_run,Analytics,91
EVT-0066-0039,CUST-0066,2026-03-18 00:19:19.586767,ai_model_run,Machine Learning,499
EVT-0066-0040,CUST-0066,2026-03-09 18:29:34.970364,pipeline_execution,Data Warehousing,279
EVT-0066-0041,CUST-0066,2026-03-22 06:06:37.549429,ai_model_run,Data Engineering,257
EVT-0066-0042,CUST-0066,2026-03-30 08:49:28.976060,ai_model_run,Data Warehousing,386
EVT-0066-0043,CUST-0066,2026-05-05 11:50:55.630187,dashboard_query,Analytics,277
EVT-0066-0044,CUST-0066,2026-05-08 11:02:42.638362,pipeline_execution,Data Engineering,264
EVT-0066-0045,CUST-0066,2026-03-21 14:33:21.714348,pipeline_execution,AI Workloads,82
EVT-0066-0046,CUST-0066,2026-03-23 01:10:51.974512,ai_model_run,Machine Learning,326
EVT-0066-0047,CUST-0066,2026-03-03 12:28:48.343368,dashboard_query,Data Engineering,97
EVT-0066-0048,CUST-0066,2026-04-19 14:45:30.380910,ai_model_run,Analytics,422
EVT-0066-0049,CUST-0066,2026-04-10 15:24:08.121125,ai_model_run,Data Engineering,410
EVT-0066-0050,CUST-0066,2026-03-13 01:04:09.185233,pipeline_execution,Data Engineering,189
EVT-0066-0051,CUST-0066,2026-04-26 22:08:18.950990,pipeline_execution,Data Engineering,409
EVT-0066-0052,CUST-0066,2026-05-10 16:29:36.037904,login,Analytics,7
EVT-0066-0053,CUST-0066,2026-04-20 19:08:01.515294,ai_model_run,Data Engineering,319
EVT-0066-0054,CUST-0066,2026-04-03 21:53:37.575406,ai_model_run,Data Warehousing,208
EVT-0066-0055,CUST-0066,2026-04-19 21:23:24.803716,login,AI Workloads,272
EVT-0066-0056,CUST-0066,2026-05-01 13:15:38.735781,login,Data Engineering,183
EVT-0066-0057,CUST-0066,2026-03-12 19:15:49.191090,data_ingestion,Data Warehousing,71
EVT-0066-0058,CUST-0066,2026-03-28 07:59:40.176087,login,Machine Learning,438
EVT-0066-0059,CUST-0066,2026-04-22 00:32:37.380486,ai_model_run,AI Workloads,15
EVT-0066-0060,CUST-0066,2026-03-16 11:14:19.605506,pipeline_execution,Data Warehousing,346
EVT-0066-0061,CUST-0066,2026-02-16 03:34:46.525699,login,AI Workloads,458
EVT-0066-0062,CUST-0066,2026-04-18 05:12:47.019104,pipeline_execution,Data Warehousing,46
EVT-0066-0063,CUST-0066,2026-03-19 04:50:37.568422,data_ingestion,AI Workloads,378
EVT-0066-0064,CUST-0066,2026-02-23 23:59:55.048723,ai_model_run,Data Warehousing,350
EVT-0066-0065,CUST-0066,2026-04-05 00:55:57.569067,pipeline_execution,Data Engineering,219
EVT-0067-0000,CUST-0067,2026-03-14 09:45:22.937154,dashboard_query,Data Engineering,385
EVT-0067-0001,CUST-0067,2026-02-26 19:06:23.126399,data_ingestion,Data Engineering,445
EVT-0067-0002,CUST-0067,2026-03-20 01:28:21.113067,dashboard_query,Analytics,214
EVT-0067-0003,CUST-0067,2026-03-20 21:42:09.080885,pipeline_execution,Data Engineering,362
EVT-0067-0004,CUST-0067,2026-02-16 09:04:03.118617,ai_model_run,Analytics,371
EVT-0067-0005,CUST-0067,2026-02-21 03:55:09.530668,pipeline_execution,Machine Learning,464
EVT-0067-0006,CUST-0067,2026-02-11 00:24:36.778845,pipeline_execution,Data Warehousing,123
EVT-0067-0007,CUST-0067,2026-03-14 16:15:48.130003,pipeline_execution,Data Engineering,287
EVT-0067-0008,CUST-0067,2026-02-13 14:59:49.973923,login,Data Engineering,390
EVT-0067-0009,CUST-0067,2026-04-28 01:22:36.675588,dashboard_query,Data Engineering,48
EVT-0067-0010,CUST-0067,2026-04-02 07:38:57.438544,dashboard_query,Data Warehousing,77
EVT-0067-0011,CUST-0067,2026-02-25 22:44:33.266293,login,Analytics,333
EVT-0067-0012,CUST-0067,2026-03-30 23:00:22.763924,ai_model_run,Analytics,267
EVT-0067-0013,CUST-0067,2026-05-08 08:38:25.558790,dashboard_query,AI Workloads,93
EVT-0067-0014,CUST-0067,2026-03-26 04:01:22.146591,dashboard_query,Data Warehousing,86
EVT-0067-0015,CUST-0067,2026-03-12 03:00:05.913726,dashboard_query,Analytics,4
EVT-0067-0016,CUST-0067,2026-02-15 19:40:39.754374,login,Data Warehousing,242
EVT-0067-0017,CUST-0067,2026-04-04 20:33:59.309754,login,AI Workloads,24
EVT-0067-0018,CUST-0067,2026-04-01 00:54:47.266210,pipeline_execution,Machine Learning,292
EVT-0067-0019,CUST-0067,2026-03-23 07:12:08.774067,ai_model_run,AI Workloads,152
EVT-0067-0020,CUST-0067,2026-03-06 21:31:51.415462,login,Analytics,39
EVT-0067-0021,CUST-0067,2026-04-17 22:26:54.370846,pipeline_execution,Data Warehousing,223
EVT-0067-0022,CUST-0067,2026-04-08 23:33:08.372394,dashboard_query,Data Warehousing,435
EVT-0067-0023,CUST-0067,2026-04-27 20:36:44.069343,data_ingestion,AI Workloads,208
EVT-0067-0024,CUST-0067,2026-04-05 19:37:00.990920,dashboard_query,AI Workloads,129
EVT-0067-0025,CUST-0067,2026-04-22 17:06:16.472854,ai_model_run,AI Workloads,343
EVT-0067-0026,CUST-0067,2026-04-28 09:30:53.841457,data_ingestion,AI Workloads,412
EVT-0067-0027,CUST-0067,2026-03-08 03:29:52.821184,data_ingestion,Data Warehousing,7
EVT-0067-0028,CUST-0067,2026-04-17 07:39:12.848405,data_ingestion,Analytics,440
EVT-0067-0029,CUST-0067,2026-05-06 19:52:37.729655,dashboard_query,Data Warehousing,467
EVT-0067-0030,CUST-0067,2026-04-23 16:00:32.178084,pipeline_execution,AI Workloads,435
EVT-0067-0031,CUST-0067,2026-04-10 05:15:58.720950,pipeline_execution,Data Warehousing,76
EVT-0067-0032,CUST-0067,2026-03-01 20:46:53.870263,login,Data Warehousing,238
EVT-0067-0033,CUST-0067,2026-03-17 00:05:04.228666,login,Analytics,426
EVT-0067-0034,CUST-0067,2026-05-06 15:24:57.773807,login,AI Workloads,379
EVT-0067-0035,CUST-0067,2026-04-24 20:12:43.875067,pipeline_execution,Analytics,221
EVT-0067-0036,CUST-0067,2026-02-13 23:11:16.390589,data_ingestion,Data Warehousing,446
EVT-0067-0037,CUST-0067,2026-05-09 00:11:46.539879,pipeline_execution,Machine Learning,343
EVT-0067-0038,CUST-0067,2026-02-22 10:39:52.144896,dashboard_query,Machine Learning,135
EVT-0067-0039,CUST-0067,2026-04-24 13:44:59.997990,dashboard_query,Data Warehousing,356
EVT-0067-0040,CUST-0067,2026-03-27 00:54:07.774303,pipeline_execution,Data Engineering,486
EVT-0067-0041,CUST-0067,2026-04-21 12:45:39.102029,data_ingestion,Analytics,213
EVT-0067-0042,CUST-0067,2026-04-10 07:56:53.173554,ai_model_run,Analytics,437
EVT-0067-0043,CUST-0067,2026-03-21 03:07:09.033885,dashboard_query,Data Engineering,17
EVT-0067-0044,CUST-0067,2026-02-18 23:26:57.047338,data_ingestion,Analytics,206
EVT-0067-0045,CUST-0067,2026-04-25 23:13:33.703431,dashboard_query,AI Workloads,262
EVT-0067-0046,CUST-0067,2026-03-01 15:18:55.000954,data_ingestion,Analytics,236
EVT-0067-0047,CUST-0067,2026-02-16 21:51:55.555026,login,AI Workloads,241
EVT-0067-0048,CUST-0067,2026-03-26 08:20:00.642690,pipeline_execution,Machine Learning,476
EVT-0067-0049,CUST-0067,2026-04-12 03:29:43.183937,pipeline_execution,Data Engineering,65
EVT-0067-0050,CUST-0067,2026-04-13 23:30:07.881450,login,Data Engineering,440
EVT-0068-0000,CUST-0068,2026-03-29 06:05:23.748407,pipeline_execution,Analytics,378
EVT-0068-0001,CUST-0068,2026-03-26 23:51:34.051434,ai_model_run,Machine Learning,411
EVT-0068-0002,CUST-0068,2026-03-18 21:18:38.374196,pipeline_execution,Data Warehousing,215
EVT-0068-0003,CUST-0068,2026-03-10 04:56:25.700462,ai_model_run,Machine Learning,365
EVT-0068-0004,CUST-0068,2026-04-26 16:09:47.404517,pipeline_execution,AI Workloads,193
EVT-0068-0005,CUST-0068,2026-03-20 02:52:08.608930,pipeline_execution,Analytics,494
EVT-0068-0006,CUST-0068,2026-02-18 17:56:40.322533,login,Data Warehousing,16
EVT-0068-0007,CUST-0068,2026-03-09 18:15:38.849490,data_ingestion,Analytics,205
EVT-0068-0008,CUST-0068,2026-03-15 19:32:00.427545,data_ingestion,Data Warehousing,298
EVT-0068-0009,CUST-0068,2026-05-01 01:09:12.730464,data_ingestion,Data Warehousing,385
EVT-0068-0010,CUST-0068,2026-04-10 06:30:12.863175,login,Machine Learning,189
EVT-0068-0011,CUST-0068,2026-02-17 16:08:53.224416,ai_model_run,Machine Learning,318
EVT-0068-0012,CUST-0068,2026-05-04 10:48:59.372212,data_ingestion,Analytics,390
EVT-0068-0013,CUST-0068,2026-04-20 02:47:03.810977,login,Analytics,253
EVT-0068-0014,CUST-0068,2026-04-16 13:32:08.534886,dashboard_query,Analytics,420
EVT-0068-0015,CUST-0068,2026-03-21 13:19:22.904868,login,Machine Learning,275
EVT-0068-0016,CUST-0068,2026-05-02 02:01:04.575828,pipeline_execution,AI Workloads,199
EVT-0068-0017,CUST-0068,2026-05-07 18:47:03.055556,login,Data Engineering,168
EVT-0068-0018,CUST-0068,2026-03-25 01:43:27.970719,dashboard_query,Data Warehousing,106
EVT-0068-0019,CUST-0068,2026-04-26 22:33:33.536989,login,Machine Learning,57
EVT-0068-0020,CUST-0068,2026-05-11 09:12:55.918865,dashboard_query,Analytics,270
EVT-0068-0021,CUST-0068,2026-03-03 05:28:10.694332,login,Machine Learning,203
EVT-0068-0022,CUST-0068,2026-05-10 22:50:14.563944,ai_model_run,Machine Learning,490
EVT-0068-0023,CUST-0068,2026-05-07 00:43:09.047809,ai_model_run,Machine Learning,24
EVT-0068-0024,CUST-0068,2026-03-23 13:59:36.431241,dashboard_query,Machine Learning,388
EVT-0068-0025,CUST-0068,2026-03-19 23:23:26.223724,pipeline_execution,Machine Learning,30
EVT-0069-0000,CUST-0069,2026-04-07 23:58:44.884649,dashboard_query,Data Warehousing,407
EVT-0069-0001,CUST-0069,2026-05-04 00:48:28.436668,pipeline_execution,Data Warehousing,257
EVT-0069-0002,CUST-0069,2026-04-12 04:48:06.977178,ai_model_run,Data Warehousing,415
EVT-0069-0003,CUST-0069,2026-05-01 20:23:08.141923,data_ingestion,Analytics,427
EVT-0069-0004,CUST-0069,2026-02-23 14:19:30.394172,data_ingestion,Analytics,261
EVT-0069-0005,CUST-0069,2026-04-11 14:36:30.413952,pipeline_execution,AI Workloads,425
EVT-0069-0006,CUST-0069,2026-02-17 16:45:09.883690,dashboard_query,Data Engineering,441
EVT-0069-0007,CUST-0069,2026-05-08 06:11:02.764983,dashboard_query,Data Warehousing,129
EVT-0069-0008,CUST-0069,2026-03-21 23:02:35.591219,data_ingestion,Data Engineering,237
EVT-0069-0009,CUST-0069,2026-03-07 08:49:33.415650,ai_model_run,Data Engineering,245
EVT-0069-0010,CUST-0069,2026-03-22 16:25:44.645409,login,Data Warehousing,32
EVT-0069-0011,CUST-0069,2026-04-06 00:06:39.729793,login,Machine Learning,182
EVT-0069-0012,CUST-0069,2026-04-09 00:56:24.293479,dashboard_query,Data Warehousing,201
EVT-0069-0013,CUST-0069,2026-04-23 22:53:12.670891,data_ingestion,AI Workloads,255
EVT-0069-0014,CUST-0069,2026-03-28 01:49:04.224178,ai_model_run,Machine Learning,449
EVT-0069-0015,CUST-0069,2026-04-18 17:08:10.312752,ai_model_run,Data Engineering,210
EVT-0069-0016,CUST-0069,2026-04-11 07:02:05.657799,dashboard_query,Machine Learning,403
EVT-0069-0017,CUST-0069,2026-02-18 12:19:43.373844,login,Machine Learning,141
EVT-0069-0018,CUST-0069,2026-05-07 22:53:55.031949,pipeline_execution,Analytics,480
EVT-0069-0019,CUST-0069,2026-05-08 15:12:21.128455,dashboard_query,AI Workloads,428
EVT-0069-0020,CUST-0069,2026-02-17 14:12:39.138599,dashboard_query,Data Engineering,181
EVT-0069-0021,CUST-0069,2026-04-26 13:51:27.030293,login,AI Workloads,122
EVT-0069-0022,CUST-0069,2026-05-03 02:11:01.089089,ai_model_run,Machine Learning,315
EVT-0069-0023,CUST-0069,2026-03-10 12:25:40.980439,data_ingestion,Machine Learning,472
EVT-0069-0024,CUST-0069,2026-04-09 13:22:11.519743,dashboard_query,Analytics,266
EVT-0069-0025,CUST-0069,2026-04-14 18:51:28.792288,login,Analytics,253
EVT-0069-0026,CUST-0069,2026-04-27 07:11:43.530210,dashboard_query,AI Workloads,302
EVT-0069-0027,CUST-0069,2026-03-13 16:44:34.149248,pipeline_execution,Analytics,6
EVT-0069-0028,CUST-0069,2026-04-18 08:34:20.206004,ai_model_run,AI Workloads,441
EVT-0069-0029,CUST-0069,2026-05-03 16:41:54.675571,ai_model_run,Machine Learning,250
EVT-0069-0030,CUST-0069,2026-04-17 21:06:42.085181,pipeline_execution,AI Workloads,120
EVT-0069-0031,CUST-0069,2026-03-20 13:01:09.406969,ai_model_run,AI Workloads,440
EVT-0069-0032,CUST-0069,2026-03-23 08:50:38.556173,login,Data Engineering,317
EVT-0069-0033,CUST-0069,2026-02-13 06:39:37.170780,ai_model_run,Data Warehousing,64
EVT-0069-0034,CUST-0069,2026-03-10 17:20:53.659508,pipeline_execution,Analytics,68
EVT-0069-0035,CUST-0069,2026-02-20 16:11:49.916098,dashboard_query,Machine Learning,302
EVT-0069-0036,CUST-0069,2026-04-30 16:13:08.475069,login,Analytics,138
EVT-0069-0037,CUST-0069,2026-05-05 21:22:47.496656,ai_model_run,Data Engineering,467
EVT-0069-0038,CUST-0069,2026-05-09 01:33:21.851266,login,Data Engineering,287
EVT-0069-0039,CUST-0069,2026-03-15 01:50:26.098319,dashboard_query,AI Workloads,267
EVT-0069-0040,CUST-0069,2026-04-18 20:08:22.363133,data_ingestion,Data Warehousing,37
EVT-0069-0041,CUST-0069,2026-04-11 16:34:18.426920,pipeline_execution,Data Engineering,58
EVT-0069-0042,CUST-0069,2026-05-11 21:05:22.165188,data_ingestion,Machine Learning,377
EVT-0069-0043,CUST-0069,2026-02-15 18:16:40.933355,data_ingestion,Analytics,204
EVT-0069-0044,CUST-0069,2026-05-07 05:34:35.963126,ai_model_run,Machine Learning,323
EVT-0069-0045,CUST-0069,2026-02-28 05:36:09.824129,ai_model_run,Data Engineering,1
EVT-0069-0046,CUST-0069,2026-03-19 01:36:27.199207,login,Data Engineering,241
EVT-0069-0047,CUST-0069,2026-03-01 13:04:14.931502,dashboard_query,Data Warehousing,465
EVT-0069-0048,CUST-0069,2026-05-04 01:29:05.910106,login,Analytics,193
EVT-0069-0049,CUST-0069,2026-02-20 04:09:36.640167,pipeline_execution,Machine Learning,481
EVT-0069-0050,CUST-0069,2026-04-07 01:52:41.223349,dashboard_query,Analytics,412
EVT-0069-0051,CUST-0069,2026-03-17 10:25:52.999485,ai_model_run,Data Warehousing,476
EVT-0069-0052,CUST-0069,2026-04-30 16:34:18.968938,pipeline_execution,Machine Learning,283
EVT-0069-0053,CUST-0069,2026-04-30 02:06:46.403841,data_ingestion,Analytics,211
EVT-0069-0054,CUST-0069,2026-04-02 18:51:28.310211,login,Analytics,499
EVT-0069-0055,CUST-0069,2026-04-15 06:09:54.507082,pipeline_execution,Machine Learning,454
EVT-0069-0056,CUST-0069,2026-05-02 16:58:38.957383,data_ingestion,Machine Learning,322
EVT-0069-0057,CUST-0069,2026-04-28 09:05:15.436069,pipeline_execution,Data Warehousing,222
EVT-0069-0058,CUST-0069,2026-04-05 16:35:29.312717,dashboard_query,Data Engineering,301
EVT-0069-0059,CUST-0069,2026-02-23 00:19:43.444439,pipeline_execution,Data Engineering,317
EVT-0069-0060,CUST-0069,2026-03-05 05:39:30.859467,dashboard_query,Analytics,103
EVT-0069-0061,CUST-0069,2026-04-15 06:08:32.993457,login,Analytics,241
EVT-0069-0062,CUST-0069,2026-04-15 00:33:53.590654,dashboard_query,Machine Learning,226
EVT-0069-0063,CUST-0069,2026-02-13 16:37:04.423073,dashboard_query,Data Warehousing,272
EVT-0069-0064,CUST-0069,2026-02-27 12:11:28.394748,login,Data Engineering,498
EVT-0069-0065,CUST-0069,2026-02-25 14:42:44.983917,data_ingestion,Machine Learning,171
EVT-0069-0066,CUST-0069,2026-04-19 17:03:12.402756,login,Machine Learning,370
EVT-0069-0067,CUST-0069,2026-03-05 00:36:52.207444,ai_model_run,Analytics,253
EVT-0069-0068,CUST-0069,2026-04-14 22:40:47.887331,dashboard_query,Machine Learning,76
EVT-0069-0069,CUST-0069,2026-03-04 11:23:01.477833,data_ingestion,Analytics,97
EVT-0069-0070,CUST-0069,2026-02-19 11:33:02.825341,dashboard_query,AI Workloads,99
EVT-0069-0071,CUST-0069,2026-03-31 11:05:58.089107,login,AI Workloads,27
EVT-0069-0072,CUST-0069,2026-03-30 12:34:33.715752,dashboard_query,AI Workloads,394
EVT-0069-0073,CUST-0069,2026-05-03 10:10:32.901500,pipeline_execution,AI Workloads,455
EVT-0069-0074,CUST-0069,2026-02-24 09:03:36.976210,dashboard_query,Data Engineering,194
EVT-0069-0075,CUST-0069,2026-04-12 08:07:43.894656,data_ingestion,Data Warehousing,350
EVT-0069-0076,CUST-0069,2026-05-04 16:26:06.365651,dashboard_query,Data Warehousing,4
EVT-0069-0077,CUST-0069,2026-04-15 07:09:44.481615,dashboard_query,AI Workloads,251
EVT-0069-0078,CUST-0069,2026-03-08 03:32:57.153757,login,Data Engineering,276
EVT-0069-0079,CUST-0069,2026-04-11 17:14:49.826807,data_ingestion,AI Workloads,18
EVT-0069-0080,CUST-0069,2026-03-01 09:54:52.828265,ai_model_run,Data Engineering,214
EVT-0069-0081,CUST-0069,2026-04-25 04:03:21.507028,ai_model_run,Analytics,240
EVT-0069-0082,CUST-0069,2026-05-10 01:04:32.456361,dashboard_query,Machine Learning,129
EVT-0069-0083,CUST-0069,2026-05-05 19:57:19.847535,ai_model_run,Data Warehousing,100
EVT-0069-0084,CUST-0069,2026-03-15 21:06:46.092194,pipeline_execution,AI Workloads,170
EVT-0069-0085,CUST-0069,2026-03-28 17:03:22.501784,login,AI Workloads,478
EVT-0069-0086,CUST-0069,2026-02-22 23:14:32.583458,dashboard_query,Analytics,463
EVT-0069-0087,CUST-0069,2026-03-14 10:16:20.919521,dashboard_query,AI Workloads,92
EVT-0069-0088,CUST-0069,2026-03-12 00:30:08.732830,data_ingestion,AI Workloads,18
EVT-0069-0089,CUST-0069,2026-04-03 08:38:29.081848,login,AI Workloads,28
EVT-0069-0090,CUST-0069,2026-04-04 14:43:08.401633,ai_model_run,Machine Learning,22
EVT-0069-0091,CUST-0069,2026-04-26 11:42:11.690646,data_ingestion,Analytics,291
EVT-0069-0092,CUST-0069,2026-04-05 06:08:13.635709,dashboard_query,Machine Learning,103
EVT-0069-0093,CUST-0069,2026-03-02 01:52:01.481355,dashboard_query,Data Engineering,480
EVT-0069-0094,CUST-0069,2026-05-05 13:05:16.266110,data_ingestion,AI Workloads,279
EVT-0069-0095,CUST-0069,2026-04-11 10:56:16.254615,dashboard_query,Analytics,318
EVT-0069-0096,CUST-0069,2026-03-07 00:09:36.532688,login,AI Workloads,331
EVT-0069-0097,CUST-0069,2026-03-02 05:37:29.055758,data_ingestion,Data Engineering,125
EVT-0069-0098,CUST-0069,2026-02-23 12:52:30.119811,data_ingestion,Analytics,83
EVT-0070-0000,CUST-0070,2026-04-27 23:03:02.294129,login,Analytics,102
EVT-0070-0001,CUST-0070,2026-04-13 23:36:48.597262,ai_model_run,Data Engineering,223
EVT-0070-0002,CUST-0070,2026-05-10 16:22:23.111416,login,Analytics,138
EVT-0070-0003,CUST-0070,2026-03-05 19:04:49.330456,dashboard_query,Analytics,247
EVT-0070-0004,CUST-0070,2026-03-19 19:02:34.631684,pipeline_execution,Analytics,377
EVT-0070-0005,CUST-0070,2026-02-21 01:39:07.607816,ai_model_run,Machine Learning,54
EVT-0070-0006,CUST-0070,2026-02-24 23:27:26.602215,pipeline_execution,Data Warehousing,496
EVT-0070-0007,CUST-0070,2026-02-24 08:16:15.644964,data_ingestion,Machine Learning,382
EVT-0070-0008,CUST-0070,2026-03-25 12:09:59.228731,ai_model_run,Data Warehousing,316
EVT-0070-0009,CUST-0070,2026-03-30 04:38:19.778186,login,Data Engineering,264
EVT-0070-0010,CUST-0070,2026-03-14 05:13:14.865114,pipeline_execution,Data Warehousing,468
EVT-0070-0011,CUST-0070,2026-03-26 08:32:22.731046,ai_model_run,Data Engineering,172
EVT-0070-0012,CUST-0070,2026-02-14 19:51:49.563833,data_ingestion,Data Engineering,219
EVT-0070-0013,CUST-0070,2026-03-08 20:41:46.177913,pipeline_execution,Analytics,453
EVT-0070-0014,CUST-0070,2026-04-02 22:48:00.250849,pipeline_execution,Data Warehousing,116
EVT-0070-0015,CUST-0070,2026-04-26 07:01:57.922479,dashboard_query,Analytics,230
EVT-0070-0016,CUST-0070,2026-02-28 07:58:29.687511,dashboard_query,Data Warehousing,250
EVT-0070-0017,CUST-0070,2026-02-22 04:38:21.250797,data_ingestion,Data Warehousing,140
EVT-0070-0018,CUST-0070,2026-03-21 10:22:16.002948,pipeline_execution,Analytics,452
EVT-0070-0019,CUST-0070,2026-03-20 08:43:03.776462,data_ingestion,Analytics,153
EVT-0070-0020,CUST-0070,2026-03-27 02:48:54.956526,ai_model_run,Data Engineering,31
EVT-0070-0021,CUST-0070,2026-04-09 08:54:36.841037,dashboard_query,Data Warehousing,462
EVT-0070-0022,CUST-0070,2026-04-12 14:55:15.768589,dashboard_query,Machine Learning,63
EVT-0070-0023,CUST-0070,2026-04-23 11:21:47.060164,pipeline_execution,AI Workloads,34
EVT-0070-0024,CUST-0070,2026-02-11 19:52:16.310409,ai_model_run,Data Warehousing,279
EVT-0071-0000,CUST-0071,2026-02-21 00:15:14.723210,pipeline_execution,Data Warehousing,70
EVT-0071-0001,CUST-0071,2026-03-31 12:00:56.097104,ai_model_run,Machine Learning,11
EVT-0071-0002,CUST-0071,2026-05-09 13:27:41.386199,dashboard_query,Analytics,4
EVT-0071-0003,CUST-0071,2026-02-26 09:14:17.370484,login,Data Warehousing,107
EVT-0071-0004,CUST-0071,2026-04-18 14:52:34.105658,pipeline_execution,Data Warehousing,160
EVT-0071-0005,CUST-0071,2026-04-22 19:38:36.321848,ai_model_run,Data Engineering,294
EVT-0071-0006,CUST-0071,2026-03-19 22:01:53.982487,data_ingestion,Analytics,342
EVT-0071-0007,CUST-0071,2026-04-29 13:53:22.123950,dashboard_query,Data Engineering,405
EVT-0071-0008,CUST-0071,2026-03-13 12:00:16.060141,dashboard_query,Machine Learning,251
EVT-0071-0009,CUST-0071,2026-02-16 01:05:22.632078,pipeline_execution,Analytics,480
EVT-0071-0010,CUST-0071,2026-02-28 17:56:23.836247,dashboard_query,Analytics,500
EVT-0071-0011,CUST-0071,2026-04-15 13:52:20.689474,ai_model_run,AI Workloads,137
EVT-0071-0012,CUST-0071,2026-05-10 08:17:05.388726,ai_model_run,Data Warehousing,424
EVT-0071-0013,CUST-0071,2026-04-03 04:26:10.495375,ai_model_run,AI Workloads,450
EVT-0071-0014,CUST-0071,2026-04-27 04:21:58.130965,ai_model_run,Data Engineering,159
EVT-0071-0015,CUST-0071,2026-02-25 20:35:40.874878,pipeline_execution,Machine Learning,383
EVT-0071-0016,CUST-0071,2026-03-02 09:15:35.594716,dashboard_query,Data Engineering,194
EVT-0071-0017,CUST-0071,2026-02-23 12:40:47.142565,login,Analytics,141
EVT-0071-0018,CUST-0071,2026-03-11 07:26:33.421390,dashboard_query,AI Workloads,453
EVT-0071-0019,CUST-0071,2026-03-02 11:03:51.608591,pipeline_execution,Data Warehousing,264
EVT-0071-0020,CUST-0071,2026-05-01 19:25:15.237738,dashboard_query,Machine Learning,171
EVT-0071-0021,CUST-0071,2026-02-25 14:00:23.647622,pipeline_execution,Data Warehousing,386
EVT-0071-0022,CUST-0071,2026-04-24 19:24:53.299316,data_ingestion,Data Warehousing,272
EVT-0071-0023,CUST-0071,2026-03-04 07:37:20.364828,dashboard_query,AI Workloads,422
EVT-0071-0024,CUST-0071,2026-03-14 02:01:20.198226,ai_model_run,Machine Learning,16
EVT-0071-0025,CUST-0071,2026-02-18 04:06:22.828005,login,Machine Learning,273
EVT-0071-0026,CUST-0071,2026-03-19 01:17:48.004313,data_ingestion,Data Engineering,459
EVT-0071-0027,CUST-0071,2026-03-15 14:21:22.755495,pipeline_execution,Data Warehousing,488
EVT-0071-0028,CUST-0071,2026-04-20 05:09:00.300308,data_ingestion,Machine Learning,200
EVT-0071-0029,CUST-0071,2026-03-27 11:22:14.738122,data_ingestion,AI Workloads,163
EVT-0071-0030,CUST-0071,2026-03-25 21:40:18.176450,data_ingestion,Data Engineering,415
EVT-0071-0031,CUST-0071,2026-04-08 14:52:01.013246,dashboard_query,Data Warehousing,392
EVT-0071-0032,CUST-0071,2026-04-23 07:26:02.761317,data_ingestion,Machine Learning,178
EVT-0071-0033,CUST-0071,2026-02-12 20:09:04.405906,login,Analytics,477
EVT-0071-0034,CUST-0071,2026-02-20 16:53:57.892861,data_ingestion,Machine Learning,106
EVT-0071-0035,CUST-0071,2026-03-19 12:40:29.993149,data_ingestion,Machine Learning,352
EVT-0072-0000,CUST-0072,2026-04-03 09:20:30.570762,ai_model_run,Data Engineering,213
EVT-0072-0001,CUST-0072,2026-04-03 00:15:17.810624,ai_model_run,Machine Learning,295
EVT-0072-0002,CUST-0072,2026-02-15 18:09:34.619800,login,Data Warehousing,83
EVT-0072-0003,CUST-0072,2026-02-12 04:21:12.309748,dashboard_query,AI Workloads,271
EVT-0072-0004,CUST-0072,2026-04-08 06:24:01.037796,ai_model_run,Analytics,260
EVT-0072-0005,CUST-0072,2026-03-29 19:04:39.371998,data_ingestion,AI Workloads,94
EVT-0072-0006,CUST-0072,2026-04-08 12:24:25.658315,dashboard_query,Data Warehousing,487
EVT-0072-0007,CUST-0072,2026-05-07 01:00:40.788389,dashboard_query,Analytics,448
EVT-0072-0008,CUST-0072,2026-04-19 06:08:25.411062,login,Machine Learning,456
EVT-0072-0009,CUST-0072,2026-04-15 20:34:16.727853,ai_model_run,AI Workloads,269
EVT-0072-0010,CUST-0072,2026-03-23 12:08:24.769691,dashboard_query,Analytics,152
EVT-0072-0011,CUST-0072,2026-03-14 13:03:45.549363,login,Machine Learning,219
EVT-0072-0012,CUST-0072,2026-03-31 03:22:09.789039,pipeline_execution,AI Workloads,118
EVT-0072-0013,CUST-0072,2026-02-27 02:16:02.349440,dashboard_query,Analytics,212
EVT-0072-0014,CUST-0072,2026-03-01 03:00:20.235797,login,Data Engineering,318
EVT-0072-0015,CUST-0072,2026-03-20 22:19:45.936409,pipeline_execution,Data Engineering,129
EVT-0072-0016,CUST-0072,2026-05-09 18:19:51.277118,data_ingestion,Data Warehousing,12
EVT-0072-0017,CUST-0072,2026-04-23 13:20:15.834099,pipeline_execution,AI Workloads,101
EVT-0072-0018,CUST-0072,2026-04-26 10:07:29.617769,ai_model_run,Machine Learning,493
EVT-0072-0019,CUST-0072,2026-03-08 01:42:15.465835,login,Data Warehousing,328
EVT-0072-0020,CUST-0072,2026-05-07 08:23:47.020153,login,Machine Learning,475
EVT-0072-0021,CUST-0072,2026-03-24 05:27:16.324196,dashboard_query,Analytics,471
EVT-0072-0022,CUST-0072,2026-03-27 12:00:01.021844,data_ingestion,Machine Learning,372
EVT-0072-0023,CUST-0072,2026-03-31 17:21:43.662626,dashboard_query,Analytics,219
EVT-0072-0024,CUST-0072,2026-02-14 03:46:30.090813,data_ingestion,Data Engineering,247
EVT-0072-0025,CUST-0072,2026-04-05 19:22:21.367539,ai_model_run,Machine Learning,239
EVT-0072-0026,CUST-0072,2026-04-08 13:44:47.478341,data_ingestion,Analytics,227
EVT-0072-0027,CUST-0072,2026-03-18 06:47:41.991689,ai_model_run,Analytics,7
EVT-0072-0028,CUST-0072,2026-02-23 02:52:34.883416,dashboard_query,AI Workloads,90
EVT-0072-0029,CUST-0072,2026-04-11 04:34:47.184293,dashboard_query,Data Engineering,66
EVT-0072-0030,CUST-0072,2026-02-28 01:33:23.622188,ai_model_run,Data Warehousing,134
EVT-0072-0031,CUST-0072,2026-02-15 12:19:30.123500,dashboard_query,Analytics,67
EVT-0072-0032,CUST-0072,2026-02-27 02:32:36.387939,data_ingestion,Analytics,304
EVT-0072-0033,CUST-0072,2026-03-09 02:24:17.957919,pipeline_execution,Analytics,450
EVT-0072-0034,CUST-0072,2026-05-10 02:50:42.586672,pipeline_execution,Analytics,315
EVT-0072-0035,CUST-0072,2026-03-30 23:56:58.040764,pipeline_execution,Analytics,410
EVT-0072-0036,CUST-0072,2026-04-25 01:30:13.878049,data_ingestion,Data Engineering,145
EVT-0072-0037,CUST-0072,2026-03-11 20:57:58.897116,login,Data Engineering,195
EVT-0072-0038,CUST-0072,2026-04-28 10:53:46.414823,pipeline_execution,Data Warehousing,6
EVT-0072-0039,CUST-0072,2026-04-27 11:23:21.782969,ai_model_run,Data Engineering,126
EVT-0072-0040,CUST-0072,2026-05-01 07:35:26.717787,ai_model_run,Data Engineering,314
EVT-0072-0041,CUST-0072,2026-04-11 05:05:04.707623,data_ingestion,Data Engineering,40
EVT-0072-0042,CUST-0072,2026-02-14 14:26:57.513055,data_ingestion,Machine Learning,257
EVT-0072-0043,CUST-0072,2026-02-22 20:05:14.266201,pipeline_execution,Analytics,349
EVT-0072-0044,CUST-0072,2026-03-11 15:24:05.582428,pipeline_execution,Analytics,20
EVT-0072-0045,CUST-0072,2026-03-15 03:12:41.331985,ai_model_run,Machine Learning,335
EVT-0072-0046,CUST-0072,2026-04-30 21:45:46.816849,ai_model_run,Analytics,488
EVT-0072-0047,CUST-0072,2026-03-13 13:34:52.736099,data_ingestion,AI Workloads,313
EVT-0072-0048,CUST-0072,2026-02-12 18:09:45.801867,ai_model_run,Machine Learning,157
EVT-0072-0049,CUST-0072,2026-04-22 14:35:02.925238,pipeline_execution,Data Warehousing,18
EVT-0072-0050,CUST-0072,2026-02-27 03:15:59.158764,data_ingestion,Data Warehousing,407
EVT-0072-0051,CUST-0072,2026-03-13 13:56:14.595718,pipeline_execution,Analytics,216
EVT-0072-0052,CUST-0072,2026-03-08 17:17:42.777789,data_ingestion,Analytics,477
EVT-0072-0053,CUST-0072,2026-04-12 16:46:08.984962,dashboard_query,Machine Learning,34
EVT-0072-0054,CUST-0072,2026-04-17 14:29:40.205096,login,Analytics,150
EVT-0072-0055,CUST-0072,2026-03-22 15:26:04.775339,dashboard_query,Machine Learning,107
EVT-0072-0056,CUST-0072,2026-03-27 10:54:21.135541,pipeline_execution,AI Workloads,235
EVT-0072-0057,CUST-0072,2026-03-25 12:53:22.026287,pipeline_execution,Machine Learning,276
EVT-0072-0058,CUST-0072,2026-02-22 12:23:08.211337,pipeline_execution,Data Warehousing,163
EVT-0072-0059,CUST-0072,2026-03-05 02:21:57.924365,ai_model_run,Machine Learning,364
EVT-0072-0060,CUST-0072,2026-03-08 14:51:18.886001,dashboard_query,Data Engineering,232
EVT-0072-0061,CUST-0072,2026-04-26 03:37:33.329539,data_ingestion,AI Workloads,354
EVT-0072-0062,CUST-0072,2026-04-14 05:47:17.521462,ai_model_run,Data Warehousing,496
EVT-0072-0063,CUST-0072,2026-02-11 22:20:12.340215,ai_model_run,AI Workloads,147
EVT-0072-0064,CUST-0072,2026-05-05 08:58:54.234452,login,Data Engineering,30
EVT-0072-0065,CUST-0072,2026-02-16 16:16:36.204418,ai_model_run,AI Workloads,4
EVT-0072-0066,CUST-0072,2026-04-21 04:41:07.788573,data_ingestion,AI Workloads,498
EVT-0072-0067,CUST-0072,2026-02-23 10:03:19.577454,pipeline_execution,Data Warehousing,491
EVT-0072-0068,CUST-0072,2026-02-16 21:48:03.972985,dashboard_query,AI Workloads,322
EVT-0072-0069,CUST-0072,2026-04-13 01:19:26.326663,ai_model_run,Data Engineering,493
EVT-0072-0070,CUST-0072,2026-02-27 14:00:02.002325,data_ingestion,Data Engineering,249
EVT-0072-0071,CUST-0072,2026-03-28 16:45:48.181979,ai_model_run,Data Engineering,389
EVT-0072-0072,CUST-0072,2026-04-09 05:12:05.434820,login,Machine Learning,269
EVT-0072-0073,CUST-0072,2026-05-06 08:21:18.837114,dashboard_query,Data Engineering,217
EVT-0072-0074,CUST-0072,2026-05-01 12:31:13.637427,pipeline_execution,Data Engineering,129
EVT-0072-0075,CUST-0072,2026-04-06 04:24:18.043936,data_ingestion,Analytics,103
EVT-0072-0076,CUST-0072,2026-04-22 05:49:55.527642,login,AI Workloads,427
EVT-0073-0000,CUST-0073,2026-03-11 06:36:10.334476,dashboard_query,Analytics,99
EVT-0073-0001,CUST-0073,2026-03-25 18:38:36.770589,pipeline_execution,Data Warehousing,409
EVT-0073-0002,CUST-0073,2026-02-14 03:23:42.783278,pipeline_execution,Data Warehousing,156
EVT-0073-0003,CUST-0073,2026-02-19 20:06:40.158949,dashboard_query,Machine Learning,438
EVT-0073-0004,CUST-0073,2026-04-24 14:59:38.125178,pipeline_execution,Analytics,97
EVT-0073-0005,CUST-0073,2026-04-14 23:50:10.602928,data_ingestion,Data Warehousing,457
EVT-0073-0006,CUST-0073,2026-05-11 13:06:03.741273,ai_model_run,Data Warehousing,239
EVT-0073-0007,CUST-0073,2026-04-30 09:36:55.851836,login,Data Engineering,213
EVT-0073-0008,CUST-0073,2026-02-26 18:34:59.720511,pipeline_execution,AI Workloads,333
EVT-0073-0009,CUST-0073,2026-03-18 11:16:14.418402,login,Analytics,148
EVT-0073-0010,CUST-0073,2026-04-23 14:24:39.847811,login,Machine Learning,310
EVT-0073-0011,CUST-0073,2026-03-27 04:59:42.978134,ai_model_run,AI Workloads,99
EVT-0073-0012,CUST-0073,2026-02-24 00:43:54.890941,dashboard_query,Machine Learning,276
EVT-0073-0013,CUST-0073,2026-04-20 17:12:14.590980,dashboard_query,Data Engineering,182
EVT-0073-0014,CUST-0073,2026-05-03 08:00:37.846404,pipeline_execution,AI Workloads,484
EVT-0073-0015,CUST-0073,2026-02-25 03:46:32.083499,dashboard_query,Machine Learning,433
EVT-0073-0016,CUST-0073,2026-04-05 05:05:56.748083,dashboard_query,Data Engineering,187
EVT-0073-0017,CUST-0073,2026-04-06 06:27:21.782511,dashboard_query,Data Warehousing,66
EVT-0073-0018,CUST-0073,2026-03-18 10:23:38.674199,ai_model_run,Machine Learning,453
EVT-0073-0019,CUST-0073,2026-02-19 21:44:00.725608,pipeline_execution,AI Workloads,343
EVT-0073-0020,CUST-0073,2026-05-10 14:26:38.428606,dashboard_query,AI Workloads,108
EVT-0073-0021,CUST-0073,2026-04-02 19:05:47.889314,data_ingestion,Data Warehousing,54
EVT-0073-0022,CUST-0073,2026-03-24 00:19:35.570723,ai_model_run,Data Engineering,183
EVT-0073-0023,CUST-0073,2026-03-30 04:31:42.643222,dashboard_query,Data Engineering,484
EVT-0073-0024,CUST-0073,2026-04-15 08:46:50.249112,login,AI Workloads,435
EVT-0073-0025,CUST-0073,2026-03-14 23:22:44.193531,login,Analytics,140
EVT-0073-0026,CUST-0073,2026-05-11 13:01:12.373990,dashboard_query,Data Warehousing,322
EVT-0073-0027,CUST-0073,2026-04-25 23:29:08.145174,dashboard_query,AI Workloads,323
EVT-0073-0028,CUST-0073,2026-04-14 06:24:07.996116,pipeline_execution,Data Engineering,172
EVT-0073-0029,CUST-0073,2026-02-14 04:59:09.499925,ai_model_run,Machine Learning,441
EVT-0073-0030,CUST-0073,2026-02-27 15:02:18.091410,ai_model_run,Data Engineering,358
EVT-0073-0031,CUST-0073,2026-03-12 06:08:13.405228,pipeline_execution,Machine Learning,381
EVT-0073-0032,CUST-0073,2026-03-18 23:49:34.794453,dashboard_query,AI Workloads,115
EVT-0073-0033,CUST-0073,2026-05-09 09:27:07.163356,dashboard_query,AI Workloads,340
EVT-0073-0034,CUST-0073,2026-05-07 01:06:46.156423,ai_model_run,Data Warehousing,419
EVT-0073-0035,CUST-0073,2026-03-08 22:48:35.039242,dashboard_query,Analytics,211
EVT-0073-0036,CUST-0073,2026-03-31 00:15:44.268204,login,AI Workloads,167
EVT-0073-0037,CUST-0073,2026-04-30 02:35:06.602337,dashboard_query,Analytics,9
EVT-0073-0038,CUST-0073,2026-04-19 13:29:31.117977,ai_model_run,Analytics,246
EVT-0073-0039,CUST-0073,2026-03-30 05:49:14.737993,login,AI Workloads,423
EVT-0073-0040,CUST-0073,2026-04-16 06:31:57.133144,pipeline_execution,Machine Learning,492
EVT-0073-0041,CUST-0073,2026-03-20 22:29:26.551393,login,AI Workloads,281
EVT-0073-0042,CUST-0073,2026-02-19 08:48:51.690794,ai_model_run,Data Engineering,101
EVT-0073-0043,CUST-0073,2026-02-19 06:38:32.373784,ai_model_run,Data Engineering,303
EVT-0073-0044,CUST-0073,2026-03-31 22:57:13.995972,login,Analytics,322
EVT-0073-0045,CUST-0073,2026-03-28 02:20:22.222154,pipeline_execution,Data Engineering,55
EVT-0073-0046,CUST-0073,2026-03-13 01:19:54.425550,pipeline_execution,Machine Learning,215
EVT-0073-0047,CUST-0073,2026-05-11 12:30:05.779272,dashboard_query,Analytics,71
EVT-0073-0048,CUST-0073,2026-03-17 13:06:33.205655,pipeline_execution,Analytics,359
EVT-0073-0049,CUST-0073,2026-03-16 04:06:24.178565,pipeline_execution,AI Workloads,202
EVT-0073-0050,CUST-0073,2026-02-24 21:29:59.255859,login,Analytics,349
EVT-0073-0051,CUST-0073,2026-02-18 17:45:10.662842,ai_model_run,Data Warehousing,425
EVT-0073-0052,CUST-0073,2026-04-06 07:34:53.497849,dashboard_query,Analytics,308
EVT-0073-0053,CUST-0073,2026-02-18 17:00:59.377717,data_ingestion,AI Workloads,462
EVT-0073-0054,CUST-0073,2026-02-24 03:36:42.874393,pipeline_execution,Data Engineering,219
EVT-0073-0055,CUST-0073,2026-04-28 15:25:17.852779,dashboard_query,Analytics,395
EVT-0073-0056,CUST-0073,2026-04-20 02:44:47.981328,login,Data Engineering,409
EVT-0073-0057,CUST-0073,2026-03-02 03:32:48.717861,pipeline_execution,AI Workloads,472
EVT-0073-0058,CUST-0073,2026-04-07 15:27:15.538740,data_ingestion,Analytics,35
EVT-0073-0059,CUST-0073,2026-02-26 15:29:35.630306,dashboard_query,Machine Learning,455
EVT-0073-0060,CUST-0073,2026-04-16 03:04:13.395414,dashboard_query,Machine Learning,251
EVT-0073-0061,CUST-0073,2026-04-21 11:35:21.274318,ai_model_run,AI Workloads,81
EVT-0073-0062,CUST-0073,2026-03-21 05:54:22.020408,ai_model_run,Data Warehousing,439
EVT-0073-0063,CUST-0073,2026-05-03 10:55:26.087201,pipeline_execution,Analytics,25
EVT-0073-0064,CUST-0073,2026-04-10 10:30:08.973915,data_ingestion,Analytics,366
EVT-0073-0065,CUST-0073,2026-04-08 19:53:45.842535,pipeline_execution,AI Workloads,194
EVT-0073-0066,CUST-0073,2026-02-11 15:08:10.932856,login,Machine Learning,309
EVT-0073-0067,CUST-0073,2026-02-24 07:34:40.227242,login,Machine Learning,264
EVT-0073-0068,CUST-0073,2026-05-05 10:07:48.496353,data_ingestion,Data Warehousing,56
EVT-0073-0069,CUST-0073,2026-04-16 07:35:17.396749,pipeline_execution,Analytics,290
EVT-0073-0070,CUST-0073,2026-04-13 20:15:15.254208,ai_model_run,Machine Learning,170
EVT-0073-0071,CUST-0073,2026-02-28 09:16:54.212740,ai_model_run,Data Warehousing,16
EVT-0073-0072,CUST-0073,2026-03-17 11:12:35.723932,pipeline_execution,Data Warehousing,25
EVT-0073-0073,CUST-0073,2026-03-19 10:50:59.587752,data_ingestion,Data Engineering,294
EVT-0073-0074,CUST-0073,2026-04-25 19:35:59.176498,data_ingestion,Machine Learning,316
EVT-0073-0075,CUST-0073,2026-04-13 07:21:57.152665,ai_model_run,Machine Learning,26
EVT-0073-0076,CUST-0073,2026-05-02 23:02:33.572859,pipeline_execution,Analytics,156
EVT-0073-0077,CUST-0073,2026-04-06 03:00:37.139299,data_ingestion,Analytics,118
EVT-0073-0078,CUST-0073,2026-04-08 10:08:53.427386,pipeline_execution,Analytics,309
EVT-0073-0079,CUST-0073,2026-05-07 10:46:52.499048,data_ingestion,Data Engineering,234
EVT-0073-0080,CUST-0073,2026-03-02 04:48:22.749435,data_ingestion,AI Workloads,312
EVT-0073-0081,CUST-0073,2026-05-01 15:50:42.372926,data_ingestion,Machine Learning,19
EVT-0073-0082,CUST-0073,2026-05-04 00:25:13.770599,ai_model_run,Machine Learning,485
EVT-0073-0083,CUST-0073,2026-04-09 10:58:18.207700,dashboard_query,Machine Learning,418
EVT-0073-0084,CUST-0073,2026-03-22 14:30:22.375147,ai_model_run,Machine Learning,38
EVT-0073-0085,CUST-0073,2026-05-09 03:25:55.429212,dashboard_query,Data Warehousing,291
EVT-0073-0086,CUST-0073,2026-04-04 12:55:36.588151,pipeline_execution,Data Warehousing,445
EVT-0073-0087,CUST-0073,2026-03-22 13:49:49.284872,dashboard_query,Data Warehousing,79
EVT-0073-0088,CUST-0073,2026-05-08 08:19:18.003071,login,Data Engineering,493
EVT-0073-0089,CUST-0073,2026-04-30 15:03:11.232283,ai_model_run,Data Engineering,222
EVT-0073-0090,CUST-0073,2026-05-01 01:48:47.244811,pipeline_execution,Data Warehousing,16
EVT-0073-0091,CUST-0073,2026-02-23 22:55:56.867371,ai_model_run,Analytics,331
EVT-0073-0092,CUST-0073,2026-03-11 11:20:01.924209,data_ingestion,AI Workloads,221
EVT-0073-0093,CUST-0073,2026-04-11 01:42:44.950054,login,Data Engineering,369
EVT-0073-0094,CUST-0073,2026-02-19 18:52:43.039989,ai_model_run,Data Warehousing,382
EVT-0074-0000,CUST-0074,2026-02-24 04:38:20.459974,data_ingestion,Analytics,235
EVT-0074-0001,CUST-0074,2026-04-21 17:31:34.854793,ai_model_run,Analytics,340
EVT-0074-0002,CUST-0074,2026-02-27 06:25:58.618821,dashboard_query,Analytics,438
EVT-0074-0003,CUST-0074,2026-02-24 21:06:16.295763,data_ingestion,Data Warehousing,343
EVT-0074-0004,CUST-0074,2026-03-16 23:01:37.137805,dashboard_query,Machine Learning,94
EVT-0074-0005,CUST-0074,2026-04-17 21:28:02.648548,ai_model_run,Analytics,51
EVT-0074-0006,CUST-0074,2026-04-24 17:38:32.737995,data_ingestion,Machine Learning,58
EVT-0074-0007,CUST-0074,2026-02-21 12:32:08.325068,login,Machine Learning,227
EVT-0074-0008,CUST-0074,2026-05-05 07:18:26.099549,data_ingestion,Data Engineering,57
EVT-0074-0009,CUST-0074,2026-03-29 02:06:38.448726,login,Data Warehousing,11
EVT-0074-0010,CUST-0074,2026-05-07 19:57:17.701880,dashboard_query,Analytics,493
EVT-0074-0011,CUST-0074,2026-02-12 00:58:25.550590,pipeline_execution,Analytics,351
EVT-0074-0012,CUST-0074,2026-05-07 23:40:31.727054,dashboard_query,Machine Learning,3
EVT-0074-0013,CUST-0074,2026-04-27 05:07:23.138506,dashboard_query,AI Workloads,336
EVT-0074-0014,CUST-0074,2026-04-22 23:15:07.046443,data_ingestion,Machine Learning,261
EVT-0074-0015,CUST-0074,2026-05-08 21:17:21.768477,pipeline_execution,Analytics,377
EVT-0074-0016,CUST-0074,2026-02-18 08:28:21.440729,dashboard_query,Data Engineering,184
EVT-0074-0017,CUST-0074,2026-02-17 14:36:39.019579,login,Analytics,223
EVT-0074-0018,CUST-0074,2026-03-23 17:31:25.065070,ai_model_run,Data Warehousing,384
EVT-0074-0019,CUST-0074,2026-04-02 06:35:38.655302,dashboard_query,Data Engineering,393
EVT-0074-0020,CUST-0074,2026-04-30 10:45:54.240361,login,Data Warehousing,448
EVT-0074-0021,CUST-0074,2026-03-17 02:51:53.459307,ai_model_run,Data Warehousing,408
EVT-0074-0022,CUST-0074,2026-03-24 17:57:44.047446,pipeline_execution,Data Engineering,33
EVT-0074-0023,CUST-0074,2026-03-03 00:04:29.293818,ai_model_run,Analytics,497
EVT-0075-0000,CUST-0075,2026-02-15 13:13:27.493634,dashboard_query,Data Engineering,223
EVT-0075-0001,CUST-0075,2026-04-05 07:58:26.916439,login,Data Warehousing,141
EVT-0075-0002,CUST-0075,2026-03-23 18:30:36.630273,ai_model_run,Analytics,218
EVT-0075-0003,CUST-0075,2026-05-01 19:18:54.819230,ai_model_run,AI Workloads,355
EVT-0075-0004,CUST-0075,2026-03-23 23:07:40.094532,login,Analytics,207
EVT-0075-0005,CUST-0075,2026-05-03 06:33:40.873706,ai_model_run,AI Workloads,351
EVT-0075-0006,CUST-0075,2026-04-08 00:28:17.784839,data_ingestion,Analytics,60
EVT-0075-0007,CUST-0075,2026-02-11 05:24:47.162500,login,Data Warehousing,124
EVT-0075-0008,CUST-0075,2026-02-20 04:19:22.998650,pipeline_execution,Analytics,457
EVT-0075-0009,CUST-0075,2026-04-01 20:24:06.722206,dashboard_query,Analytics,41
EVT-0075-0010,CUST-0075,2026-02-14 18:33:28.974717,ai_model_run,AI Workloads,396
EVT-0075-0011,CUST-0075,2026-04-06 11:35:14.267462,ai_model_run,AI Workloads,355
EVT-0075-0012,CUST-0075,2026-04-25 22:22:23.754675,ai_model_run,Data Engineering,70
EVT-0075-0013,CUST-0075,2026-04-13 23:42:08.785956,login,Analytics,140
EVT-0075-0014,CUST-0075,2026-02-12 05:07:53.920063,pipeline_execution,AI Workloads,38
EVT-0075-0015,CUST-0075,2026-04-25 08:42:33.228373,dashboard_query,Data Engineering,37
EVT-0075-0016,CUST-0075,2026-05-10 16:42:48.424650,ai_model_run,AI Workloads,355
EVT-0075-0017,CUST-0075,2026-03-25 19:36:22.642964,ai_model_run,Data Warehousing,38
EVT-0075-0018,CUST-0075,2026-04-09 23:52:15.477325,data_ingestion,Data Warehousing,101
EVT-0075-0019,CUST-0075,2026-04-28 19:03:27.243847,ai_model_run,Data Warehousing,107
EVT-0075-0020,CUST-0075,2026-02-20 10:19:43.134045,ai_model_run,Data Engineering,38
EVT-0075-0021,CUST-0075,2026-02-12 15:37:39.374144,ai_model_run,Data Warehousing,387
EVT-0075-0022,CUST-0075,2026-02-18 07:00:43.842355,dashboard_query,Data Engineering,30
EVT-0075-0023,CUST-0075,2026-03-08 01:08:33.042340,pipeline_execution,Analytics,356
EVT-0075-0024,CUST-0075,2026-02-19 23:25:37.894431,dashboard_query,AI Workloads,16
EVT-0075-0025,CUST-0075,2026-02-17 09:53:20.838612,dashboard_query,Analytics,408
EVT-0075-0026,CUST-0075,2026-04-27 07:01:26.667991,dashboard_query,Machine Learning,287
EVT-0075-0027,CUST-0075,2026-02-19 07:49:05.003079,data_ingestion,AI Workloads,86
EVT-0075-0028,CUST-0075,2026-04-05 06:12:00.156086,login,Machine Learning,66
EVT-0075-0029,CUST-0075,2026-04-05 01:54:39.545867,data_ingestion,Data Warehousing,362
EVT-0075-0030,CUST-0075,2026-02-16 19:21:00.972520,login,Analytics,157
EVT-0075-0031,CUST-0075,2026-04-27 14:38:02.314512,login,Data Engineering,157
EVT-0075-0032,CUST-0075,2026-04-15 23:19:15.389970,dashboard_query,Analytics,429
EVT-0075-0033,CUST-0075,2026-02-13 13:37:18.033266,login,Data Warehousing,448
EVT-0075-0034,CUST-0075,2026-03-29 05:50:12.506630,pipeline_execution,AI Workloads,475
EVT-0075-0035,CUST-0075,2026-04-03 08:02:29.239969,pipeline_execution,Analytics,9
EVT-0075-0036,CUST-0075,2026-03-30 13:12:51.739602,data_ingestion,AI Workloads,5
EVT-0075-0037,CUST-0075,2026-03-10 11:09:08.090751,pipeline_execution,Data Warehousing,374
EVT-0075-0038,CUST-0075,2026-03-09 20:38:51.819188,dashboard_query,Data Warehousing,32
EVT-0075-0039,CUST-0075,2026-04-05 00:59:07.134599,ai_model_run,Machine Learning,453
EVT-0075-0040,CUST-0075,2026-02-25 02:11:59.142380,pipeline_execution,Data Warehousing,492
EVT-0075-0041,CUST-0075,2026-03-19 14:49:39.311017,pipeline_execution,AI Workloads,453
EVT-0075-0042,CUST-0075,2026-03-06 09:20:31.942251,ai_model_run,Data Engineering,442
EVT-0075-0043,CUST-0075,2026-03-31 00:37:44.593191,login,Data Engineering,348
EVT-0075-0044,CUST-0075,2026-03-01 23:22:01.464812,pipeline_execution,Data Warehousing,325
EVT-0075-0045,CUST-0075,2026-05-07 12:22:48.862262,pipeline_execution,Data Warehousing,268
EVT-0075-0046,CUST-0075,2026-02-11 10:33:10.740191,ai_model_run,Analytics,271
EVT-0075-0047,CUST-0075,2026-03-30 17:24:04.463304,login,Data Engineering,126
EVT-0075-0048,CUST-0075,2026-02-28 14:01:40.985634,login,Analytics,148
EVT-0075-0049,CUST-0075,2026-03-12 19:17:33.210275,login,AI Workloads,255
EVT-0075-0050,CUST-0075,2026-04-21 14:04:33.128547,data_ingestion,Data Warehousing,113
EVT-0075-0051,CUST-0075,2026-04-15 12:08:33.771444,login,Machine Learning,166
EVT-0075-0052,CUST-0075,2026-03-03 06:53:21.415456,data_ingestion,Data Warehousing,100
EVT-0075-0053,CUST-0075,2026-04-02 07:20:52.361783,pipeline_execution,Data Warehousing,434
EVT-0075-0054,CUST-0075,2026-03-26 07:11:02.790198,pipeline_execution,Machine Learning,432
EVT-0075-0055,CUST-0075,2026-04-05 20:12:46.431288,dashboard_query,Data Warehousing,71
EVT-0075-0056,CUST-0075,2026-04-14 14:28:00.960123,ai_model_run,Data Engineering,318
EVT-0075-0057,CUST-0075,2026-02-23 23:44:06.503742,data_ingestion,Data Warehousing,257
EVT-0075-0058,CUST-0075,2026-03-14 17:07:47.329235,pipeline_execution,Machine Learning,397
EVT-0075-0059,CUST-0075,2026-03-17 13:50:57.929730,dashboard_query,Data Warehousing,478
EVT-0075-0060,CUST-0075,2026-04-24 03:40:06.574604,dashboard_query,Data Warehousing,110
EVT-0075-0061,CUST-0075,2026-02-26 22:38:31.998540,pipeline_execution,Machine Learning,155
EVT-0075-0062,CUST-0075,2026-03-20 20:13:21.624146,dashboard_query,Data Warehousing,458
EVT-0075-0063,CUST-0075,2026-04-07 17:31:11.512702,login,AI Workloads,463
EVT-0075-0064,CUST-0075,2026-03-29 12:42:56.400650,dashboard_query,Machine Learning,226
EVT-0075-0065,CUST-0075,2026-03-22 20:44:48.833900,data_ingestion,Machine Learning,427
EVT-0075-0066,CUST-0075,2026-03-15 23:19:09.361910,dashboard_query,Data Engineering,159
EVT-0075-0067,CUST-0075,2026-02-28 03:50:27.436743,login,Data Engineering,275
EVT-0075-0068,CUST-0075,2026-03-29 17:49:58.878035,ai_model_run,Data Warehousing,255
EVT-0075-0069,CUST-0075,2026-02-25 09:52:11.614953,dashboard_query,Machine Learning,408
EVT-0075-0070,CUST-0075,2026-03-22 16:31:57.072193,ai_model_run,Machine Learning,448
EVT-0075-0071,CUST-0075,2026-03-25 06:25:28.467106,ai_model_run,Analytics,214
EVT-0075-0072,CUST-0075,2026-02-13 14:11:07.464101,ai_model_run,Data Warehousing,454
EVT-0075-0073,CUST-0075,2026-04-23 13:54:23.291790,dashboard_query,Analytics,201
EVT-0075-0074,CUST-0075,2026-03-19 04:22:02.695890,dashboard_query,AI Workloads,21
EVT-0075-0075,CUST-0075,2026-03-30 08:47:54.049783,pipeline_execution,Machine Learning,145
EVT-0075-0076,CUST-0075,2026-03-01 03:47:11.108283,ai_model_run,Analytics,448
EVT-0075-0077,CUST-0075,2026-04-09 03:01:09.759634,dashboard_query,Machine Learning,44
EVT-0075-0078,CUST-0075,2026-04-17 12:41:04.866396,data_ingestion,Data Engineering,390
EVT-0075-0079,CUST-0075,2026-04-18 23:03:20.117936,data_ingestion,AI Workloads,98
EVT-0075-0080,CUST-0075,2026-02-26 17:15:40.890757,data_ingestion,Data Engineering,52
EVT-0075-0081,CUST-0075,2026-04-02 14:37:24.907649,ai_model_run,AI Workloads,237
EVT-0075-0082,CUST-0075,2026-04-09 03:05:41.080115,data_ingestion,Data Engineering,470
EVT-0075-0083,CUST-0075,2026-04-06 20:36:15.270752,data_ingestion,Analytics,222
EVT-0075-0084,CUST-0075,2026-04-29 12:46:14.369690,dashboard_query,Data Engineering,55
EVT-0075-0085,CUST-0075,2026-02-25 23:03:30.328572,data_ingestion,AI Workloads,305
EVT-0075-0086,CUST-0075,2026-04-27 22:54:38.030022,dashboard_query,Data Engineering,354
EVT-0075-0087,CUST-0075,2026-04-10 09:08:34.671060,dashboard_query,Data Engineering,409
EVT-0075-0088,CUST-0075,2026-02-13 05:48:14.219182,data_ingestion,AI Workloads,391
EVT-0075-0089,CUST-0075,2026-02-20 21:48:57.370888,pipeline_execution,Machine Learning,128
EVT-0075-0090,CUST-0075,2026-04-09 09:49:33.382990,data_ingestion,Data Warehousing,114
EVT-0075-0091,CUST-0075,2026-04-30 20:40:13.758114,pipeline_execution,Machine Learning,262
EVT-0076-0000,CUST-0076,2026-04-14 22:04:00.798660,dashboard_query,Machine Learning,494
EVT-0076-0001,CUST-0076,2026-02-17 05:13:45.469992,data_ingestion,AI Workloads,265
EVT-0076-0002,CUST-0076,2026-04-25 11:35:23.957240,ai_model_run,Data Engineering,462
EVT-0076-0003,CUST-0076,2026-03-25 20:23:44.288967,login,Analytics,306
EVT-0076-0004,CUST-0076,2026-02-14 11:31:27.938226,login,Data Engineering,76
EVT-0076-0005,CUST-0076,2026-04-09 13:44:17.056878,ai_model_run,AI Workloads,201
EVT-0076-0006,CUST-0076,2026-05-07 06:58:04.426101,dashboard_query,AI Workloads,385
EVT-0076-0007,CUST-0076,2026-03-31 04:08:03.804016,ai_model_run,Data Warehousing,247
EVT-0076-0008,CUST-0076,2026-02-14 06:03:27.407153,ai_model_run,AI Workloads,88
EVT-0076-0009,CUST-0076,2026-02-19 02:15:34.070152,ai_model_run,AI Workloads,271
EVT-0076-0010,CUST-0076,2026-03-03 18:39:17.541025,data_ingestion,Data Engineering,176
EVT-0076-0011,CUST-0076,2026-03-18 15:03:49.218878,login,Data Engineering,288
EVT-0076-0012,CUST-0076,2026-03-19 14:05:50.721190,dashboard_query,Data Engineering,348
EVT-0076-0013,CUST-0076,2026-03-03 22:37:29.272587,data_ingestion,AI Workloads,447
EVT-0076-0014,CUST-0076,2026-04-09 01:18:31.981050,login,Data Warehousing,372
EVT-0076-0015,CUST-0076,2026-03-08 15:15:38.592095,data_ingestion,Analytics,414
EVT-0076-0016,CUST-0076,2026-02-16 14:00:02.270010,pipeline_execution,Machine Learning,369
EVT-0076-0017,CUST-0076,2026-02-28 12:32:41.735936,data_ingestion,Data Warehousing,99
EVT-0076-0018,CUST-0076,2026-04-25 11:07:21.312138,data_ingestion,Analytics,329
EVT-0076-0019,CUST-0076,2026-04-07 22:15:55.680058,dashboard_query,Analytics,233
EVT-0076-0020,CUST-0076,2026-02-23 03:32:58.254381,pipeline_execution,Analytics,149
EVT-0076-0021,CUST-0076,2026-04-11 10:46:04.598546,login,Analytics,305
EVT-0076-0022,CUST-0076,2026-05-04 20:17:52.368849,dashboard_query,Analytics,485
EVT-0076-0023,CUST-0076,2026-05-05 17:40:42.725966,ai_model_run,Machine Learning,333
EVT-0076-0024,CUST-0076,2026-03-31 04:00:23.937183,login,Machine Learning,187
EVT-0076-0025,CUST-0076,2026-03-11 16:20:17.811429,data_ingestion,Analytics,363
EVT-0076-0026,CUST-0076,2026-05-06 19:03:19.310080,pipeline_execution,AI Workloads,410
EVT-0076-0027,CUST-0076,2026-04-08 06:03:59.533201,login,AI Workloads,500
EVT-0076-0028,CUST-0076,2026-04-07 01:23:35.971551,login,AI Workloads,442
EVT-0076-0029,CUST-0076,2026-03-26 14:52:44.289139,login,Machine Learning,6
EVT-0076-0030,CUST-0076,2026-03-23 02:18:40.765460,data_ingestion,Data Warehousing,488
EVT-0076-0031,CUST-0076,2026-03-09 04:14:33.371825,login,Analytics,345
EVT-0076-0032,CUST-0076,2026-04-22 04:37:09.822093,data_ingestion,Data Warehousing,290
EVT-0076-0033,CUST-0076,2026-02-24 00:53:03.180172,pipeline_execution,Analytics,402
EVT-0076-0034,CUST-0076,2026-05-04 03:30:29.353033,data_ingestion,Machine Learning,31
EVT-0076-0035,CUST-0076,2026-03-02 17:34:51.257475,data_ingestion,Analytics,31
EVT-0076-0036,CUST-0076,2026-04-15 13:57:11.552819,data_ingestion,Data Warehousing,388
EVT-0076-0037,CUST-0076,2026-04-18 11:40:07.414105,data_ingestion,Analytics,235
EVT-0076-0038,CUST-0076,2026-02-12 07:25:59.253188,ai_model_run,AI Workloads,175
EVT-0076-0039,CUST-0076,2026-02-13 16:26:32.439092,login,Machine Learning,153
EVT-0076-0040,CUST-0076,2026-04-13 03:40:46.500604,dashboard_query,AI Workloads,15
EVT-0076-0041,CUST-0076,2026-04-16 11:12:10.969415,dashboard_query,Machine Learning,458
EVT-0076-0042,CUST-0076,2026-02-18 14:32:53.310456,login,Machine Learning,97
EVT-0076-0043,CUST-0076,2026-02-19 19:51:04.950230,data_ingestion,Machine Learning,376
EVT-0076-0044,CUST-0076,2026-05-09 21:35:12.943908,login,Machine Learning,158
EVT-0076-0045,CUST-0076,2026-04-07 02:45:38.746877,data_ingestion,Data Warehousing,309
EVT-0076-0046,CUST-0076,2026-02-15 19:30:50.103251,login,Machine Learning,143
EVT-0076-0047,CUST-0076,2026-03-11 12:46:48.281199,pipeline_execution,Machine Learning,220
EVT-0076-0048,CUST-0076,2026-03-25 04:59:16.787120,dashboard_query,Analytics,450
EVT-0076-0049,CUST-0076,2026-05-10 11:36:33.556890,login,Machine Learning,385
EVT-0076-0050,CUST-0076,2026-03-01 15:49:58.686498,dashboard_query,Analytics,449
EVT-0076-0051,CUST-0076,2026-05-10 06:39:16.265361,login,Data Engineering,268
EVT-0076-0052,CUST-0076,2026-03-02 04:19:56.448869,dashboard_query,Data Warehousing,107
EVT-0076-0053,CUST-0076,2026-03-01 01:40:14.405590,ai_model_run,AI Workloads,329
EVT-0076-0054,CUST-0076,2026-04-08 17:14:56.423456,pipeline_execution,Data Engineering,192
EVT-0076-0055,CUST-0076,2026-03-07 18:38:59.809648,ai_model_run,AI Workloads,188
EVT-0076-0056,CUST-0076,2026-03-18 20:02:49.505177,ai_model_run,Data Engineering,18
EVT-0076-0057,CUST-0076,2026-05-11 07:33:41.251753,dashboard_query,Machine Learning,54
EVT-0076-0058,CUST-0076,2026-02-23 08:23:14.260069,login,Analytics,165
EVT-0076-0059,CUST-0076,2026-04-19 01:20:01.222658,data_ingestion,Data Engineering,282
EVT-0076-0060,CUST-0076,2026-02-13 11:23:52.166595,pipeline_execution,AI Workloads,498
EVT-0076-0061,CUST-0076,2026-03-07 21:45:40.443384,data_ingestion,AI Workloads,248
EVT-0076-0062,CUST-0076,2026-04-22 04:16:39.000441,data_ingestion,Analytics,296
EVT-0076-0063,CUST-0076,2026-03-07 13:36:31.277516,ai_model_run,Data Engineering,68
EVT-0076-0064,CUST-0076,2026-04-29 13:48:29.717325,pipeline_execution,Data Engineering,303
EVT-0076-0065,CUST-0076,2026-03-28 05:23:04.599545,login,Machine Learning,351
EVT-0076-0066,CUST-0076,2026-02-12 04:43:25.359096,data_ingestion,AI Workloads,465
EVT-0076-0067,CUST-0076,2026-03-26 17:27:29.688874,login,Machine Learning,344
EVT-0076-0068,CUST-0076,2026-02-22 21:23:10.624308,data_ingestion,Data Engineering,175
EVT-0076-0069,CUST-0076,2026-02-18 20:40:14.854601,dashboard_query,Analytics,32
EVT-0077-0000,CUST-0077,2026-04-03 12:27:02.645589,pipeline_execution,Data Engineering,448
EVT-0077-0001,CUST-0077,2026-04-14 15:24:53.534694,ai_model_run,Data Warehousing,268
EVT-0077-0002,CUST-0077,2026-04-09 18:28:36.598581,ai_model_run,Data Warehousing,139
EVT-0077-0003,CUST-0077,2026-03-03 14:05:24.449420,dashboard_query,Machine Learning,119
EVT-0077-0004,CUST-0077,2026-03-20 22:20:54.194115,login,Analytics,402
EVT-0077-0005,CUST-0077,2026-04-02 16:40:36.806059,ai_model_run,Data Engineering,212
EVT-0077-0006,CUST-0077,2026-03-25 07:48:14.681215,login,Analytics,216
EVT-0077-0007,CUST-0077,2026-04-29 07:29:35.312354,pipeline_execution,AI Workloads,21
EVT-0077-0008,CUST-0077,2026-02-25 13:57:16.276038,login,Machine Learning,92
EVT-0077-0009,CUST-0077,2026-03-20 02:17:01.188926,dashboard_query,Analytics,37
EVT-0077-0010,CUST-0077,2026-03-14 17:01:20.531677,ai_model_run,AI Workloads,145
EVT-0077-0011,CUST-0077,2026-02-24 23:35:11.794359,login,Data Warehousing,497
EVT-0077-0012,CUST-0077,2026-03-31 22:52:36.996844,pipeline_execution,Machine Learning,436
EVT-0077-0013,CUST-0077,2026-04-27 07:36:44.819148,ai_model_run,Analytics,118
EVT-0077-0014,CUST-0077,2026-03-22 13:52:29.660650,ai_model_run,Data Engineering,372
EVT-0077-0015,CUST-0077,2026-03-27 19:01:00.383952,dashboard_query,Analytics,116
EVT-0077-0016,CUST-0077,2026-04-03 09:43:54.671546,pipeline_execution,AI Workloads,26
EVT-0077-0017,CUST-0077,2026-03-02 21:14:24.688089,ai_model_run,Machine Learning,320
EVT-0077-0018,CUST-0077,2026-04-07 00:32:33.776604,ai_model_run,Analytics,298
EVT-0077-0019,CUST-0077,2026-03-06 17:02:17.684600,pipeline_execution,AI Workloads,391
EVT-0077-0020,CUST-0077,2026-04-22 13:05:33.600654,data_ingestion,Data Engineering,16
EVT-0077-0021,CUST-0077,2026-05-06 22:34:25.078920,login,Data Engineering,344
EVT-0077-0022,CUST-0077,2026-04-28 04:09:05.331621,data_ingestion,Data Engineering,493
EVT-0077-0023,CUST-0077,2026-02-20 03:40:18.803611,pipeline_execution,Data Engineering,172
EVT-0077-0024,CUST-0077,2026-03-11 20:20:37.560868,dashboard_query,Analytics,454
EVT-0077-0025,CUST-0077,2026-03-18 10:44:31.875392,ai_model_run,AI Workloads,352
EVT-0077-0026,CUST-0077,2026-04-08 22:44:31.373928,pipeline_execution,Data Engineering,213
EVT-0077-0027,CUST-0077,2026-04-28 23:11:45.201565,login,AI Workloads,336
EVT-0077-0028,CUST-0077,2026-02-28 00:40:39.685991,data_ingestion,Data Warehousing,76
EVT-0077-0029,CUST-0077,2026-04-14 21:54:11.989703,data_ingestion,Data Warehousing,473
EVT-0077-0030,CUST-0077,2026-04-05 01:47:53.958900,login,Data Warehousing,486
EVT-0077-0031,CUST-0077,2026-04-24 00:37:02.414538,data_ingestion,Analytics,485
EVT-0077-0032,CUST-0077,2026-02-19 22:02:24.666247,login,AI Workloads,446
EVT-0077-0033,CUST-0077,2026-03-06 00:50:22.859678,data_ingestion,Machine Learning,8
EVT-0077-0034,CUST-0077,2026-03-31 17:56:36.173463,ai_model_run,AI Workloads,317
EVT-0077-0035,CUST-0077,2026-04-22 08:13:45.451180,ai_model_run,AI Workloads,312
EVT-0077-0036,CUST-0077,2026-04-05 09:27:40.907079,pipeline_execution,Data Engineering,154
EVT-0077-0037,CUST-0077,2026-02-18 07:02:28.155293,pipeline_execution,Data Warehousing,351
EVT-0077-0038,CUST-0077,2026-03-09 22:38:54.760386,ai_model_run,Machine Learning,8
EVT-0077-0039,CUST-0077,2026-05-10 11:47:06.773671,dashboard_query,AI Workloads,168
EVT-0077-0040,CUST-0077,2026-04-05 05:59:28.093267,login,Analytics,70
EVT-0077-0041,CUST-0077,2026-05-02 00:33:17.623791,login,Data Warehousing,208
EVT-0077-0042,CUST-0077,2026-05-06 16:58:16.891098,dashboard_query,Data Engineering,170
EVT-0077-0043,CUST-0077,2026-04-21 16:15:22.114848,data_ingestion,Data Engineering,208
EVT-0077-0044,CUST-0077,2026-05-01 16:32:41.997446,pipeline_execution,AI Workloads,132
EVT-0077-0045,CUST-0077,2026-02-22 16:25:15.009461,dashboard_query,AI Workloads,339
EVT-0077-0046,CUST-0077,2026-03-17 18:36:20.892132,dashboard_query,Analytics,463
EVT-0077-0047,CUST-0077,2026-05-09 10:25:29.130293,pipeline_execution,Data Engineering,57
EVT-0077-0048,CUST-0077,2026-03-17 13:55:51.297884,data_ingestion,Analytics,396
EVT-0077-0049,CUST-0077,2026-03-31 00:51:19.536141,login,Data Warehousing,321
EVT-0077-0050,CUST-0077,2026-02-14 09:16:27.505991,dashboard_query,Data Warehousing,43
EVT-0077-0051,CUST-0077,2026-03-31 10:52:42.585455,dashboard_query,Data Warehousing,457
EVT-0078-0000,CUST-0078,2026-02-16 09:50:15.723402,ai_model_run,Machine Learning,303
EVT-0078-0001,CUST-0078,2026-03-22 10:19:13.595690,ai_model_run,Machine Learning,405
EVT-0078-0002,CUST-0078,2026-02-10 22:07:09.929212,data_ingestion,Data Warehousing,17
EVT-0078-0003,CUST-0078,2026-02-13 20:26:45.839279,login,Analytics,250
EVT-0078-0004,CUST-0078,2026-03-21 11:19:02.837971,pipeline_execution,Data Warehousing,278
EVT-0078-0005,CUST-0078,2026-03-07 16:35:49.875304,ai_model_run,Data Engineering,111
EVT-0078-0006,CUST-0078,2026-03-14 08:41:51.870741,data_ingestion,Machine Learning,452
EVT-0078-0007,CUST-0078,2026-04-27 04:53:39.378168,pipeline_execution,Machine Learning,440
EVT-0078-0008,CUST-0078,2026-04-10 01:05:16.493190,login,AI Workloads,343
EVT-0078-0009,CUST-0078,2026-04-12 12:51:35.794283,pipeline_execution,Data Warehousing,358
EVT-0078-0010,CUST-0078,2026-03-11 10:59:07.874449,ai_model_run,Analytics,107
EVT-0078-0011,CUST-0078,2026-04-14 03:07:01.925085,dashboard_query,Data Warehousing,436
EVT-0078-0012,CUST-0078,2026-03-25 19:24:37.884768,pipeline_execution,AI Workloads,495
EVT-0078-0013,CUST-0078,2026-04-02 05:38:37.427359,data_ingestion,Machine Learning,405
EVT-0078-0014,CUST-0078,2026-04-13 18:52:40.651128,ai_model_run,Machine Learning,359
EVT-0078-0015,CUST-0078,2026-04-22 07:39:05.852118,pipeline_execution,Analytics,168
EVT-0078-0016,CUST-0078,2026-02-15 01:07:36.753203,data_ingestion,Machine Learning,337
EVT-0078-0017,CUST-0078,2026-03-18 12:33:11.398899,pipeline_execution,AI Workloads,16
EVT-0078-0018,CUST-0078,2026-03-22 22:23:13.224217,login,AI Workloads,353
EVT-0078-0019,CUST-0078,2026-04-30 22:38:03.289816,login,Analytics,61
EVT-0078-0020,CUST-0078,2026-03-06 17:06:17.089907,data_ingestion,Data Engineering,10
EVT-0078-0021,CUST-0078,2026-04-28 08:08:07.056782,pipeline_execution,Data Warehousing,82
EVT-0078-0022,CUST-0078,2026-02-11 11:21:44.166613,ai_model_run,AI Workloads,142
EVT-0078-0023,CUST-0078,2026-02-14 05:06:53.974695,pipeline_execution,Data Engineering,479
EVT-0078-0024,CUST-0078,2026-05-11 01:35:02.757815,dashboard_query,Analytics,282
EVT-0078-0025,CUST-0078,2026-02-14 01:33:43.019875,pipeline_execution,Machine Learning,185
EVT-0078-0026,CUST-0078,2026-05-02 12:52:29.240090,pipeline_execution,AI Workloads,224
EVT-0078-0027,CUST-0078,2026-05-10 21:51:47.039173,login,Machine Learning,284
EVT-0078-0028,CUST-0078,2026-03-08 01:12:57.580549,pipeline_execution,Data Engineering,304
EVT-0078-0029,CUST-0078,2026-02-13 04:06:44.212262,data_ingestion,AI Workloads,457
EVT-0078-0030,CUST-0078,2026-03-30 17:16:24.651486,ai_model_run,Analytics,129
EVT-0078-0031,CUST-0078,2026-05-08 09:09:19.757885,pipeline_execution,Machine Learning,178
EVT-0078-0032,CUST-0078,2026-03-27 09:23:35.721085,ai_model_run,Data Warehousing,454
EVT-0078-0033,CUST-0078,2026-03-25 00:30:10.701558,dashboard_query,Data Warehousing,220
EVT-0078-0034,CUST-0078,2026-04-05 15:31:55.005092,pipeline_execution,Data Engineering,83
EVT-0078-0035,CUST-0078,2026-04-17 06:27:01.257826,ai_model_run,Data Warehousing,160
EVT-0078-0036,CUST-0078,2026-05-03 04:43:26.180566,pipeline_execution,AI Workloads,400
EVT-0078-0037,CUST-0078,2026-04-24 06:17:34.733110,data_ingestion,Data Warehousing,303
EVT-0078-0038,CUST-0078,2026-05-05 06:45:05.279397,dashboard_query,Machine Learning,64
EVT-0078-0039,CUST-0078,2026-04-19 10:21:56.957826,pipeline_execution,Analytics,405
EVT-0078-0040,CUST-0078,2026-03-16 06:57:43.320325,dashboard_query,Analytics,435
EVT-0078-0041,CUST-0078,2026-03-27 18:46:06.878277,pipeline_execution,Data Warehousing,86
EVT-0078-0042,CUST-0078,2026-05-01 11:56:33.679149,pipeline_execution,Machine Learning,32
EVT-0078-0043,CUST-0078,2026-03-02 04:01:03.726068,login,AI Workloads,405
EVT-0078-0044,CUST-0078,2026-02-16 06:02:43.015741,data_ingestion,Data Engineering,354
EVT-0078-0045,CUST-0078,2026-04-16 10:01:36.630976,pipeline_execution,Analytics,386
EVT-0078-0046,CUST-0078,2026-02-28 22:47:20.084743,pipeline_execution,Data Engineering,380
EVT-0078-0047,CUST-0078,2026-02-22 05:48:32.490573,login,Data Engineering,275
EVT-0078-0048,CUST-0078,2026-03-25 13:44:29.161526,pipeline_execution,AI Workloads,104
EVT-0079-0000,CUST-0079,2026-02-20 00:03:18.415539,pipeline_execution,Analytics,282
EVT-0079-0001,CUST-0079,2026-03-24 13:52:52.582234,pipeline_execution,Analytics,408
EVT-0079-0002,CUST-0079,2026-03-26 14:18:40.244895,pipeline_execution,AI Workloads,119
EVT-0079-0003,CUST-0079,2026-02-15 01:23:35.334890,data_ingestion,Data Warehousing,334
EVT-0079-0004,CUST-0079,2026-03-14 12:33:26.887955,dashboard_query,Data Engineering,185
EVT-0079-0005,CUST-0079,2026-02-28 06:45:09.333583,login,Machine Learning,379
EVT-0079-0006,CUST-0079,2026-03-28 03:09:43.754909,pipeline_execution,Machine Learning,13
EVT-0079-0007,CUST-0079,2026-02-19 06:38:40.440224,data_ingestion,AI Workloads,10
EVT-0079-0008,CUST-0079,2026-05-07 12:39:27.414001,pipeline_execution,Machine Learning,473
EVT-0079-0009,CUST-0079,2026-02-18 01:31:19.671319,data_ingestion,Analytics,339
EVT-0079-0010,CUST-0079,2026-04-11 00:18:43.893332,data_ingestion,Machine Learning,456
EVT-0079-0011,CUST-0079,2026-02-15 14:06:11.037679,ai_model_run,Analytics,14
EVT-0079-0012,CUST-0079,2026-04-14 22:00:41.567909,login,Analytics,153
EVT-0079-0013,CUST-0079,2026-04-06 11:48:43.750875,dashboard_query,Analytics,151
EVT-0079-0014,CUST-0079,2026-04-09 04:02:08.113401,data_ingestion,Data Engineering,166
EVT-0079-0015,CUST-0079,2026-05-09 15:57:07.629244,data_ingestion,AI Workloads,436
EVT-0079-0016,CUST-0079,2026-04-07 12:32:05.748323,login,Machine Learning,488
EVT-0079-0017,CUST-0079,2026-02-24 00:04:12.240743,dashboard_query,AI Workloads,235
EVT-0079-0018,CUST-0079,2026-04-17 18:54:17.472212,dashboard_query,Data Engineering,266
EVT-0079-0019,CUST-0079,2026-03-14 08:25:59.794712,pipeline_execution,Data Warehousing,432
EVT-0079-0020,CUST-0079,2026-03-24 06:31:52.258187,ai_model_run,Analytics,193
EVT-0079-0021,CUST-0079,2026-04-03 11:24:39.092822,login,Machine Learning,305
EVT-0079-0022,CUST-0079,2026-04-24 07:54:23.960184,data_ingestion,Analytics,222
EVT-0079-0023,CUST-0079,2026-03-22 16:22:47.173506,login,Analytics,326
EVT-0079-0024,CUST-0079,2026-05-08 10:13:58.972191,ai_model_run,Data Engineering,416
EVT-0079-0025,CUST-0079,2026-03-26 01:36:54.634849,ai_model_run,AI Workloads,216
EVT-0079-0026,CUST-0079,2026-02-18 18:10:36.016161,data_ingestion,AI Workloads,146
EVT-0079-0027,CUST-0079,2026-03-29 02:47:09.797193,ai_model_run,Machine Learning,361
EVT-0079-0028,CUST-0079,2026-04-28 20:56:05.829425,dashboard_query,Data Warehousing,116
EVT-0079-0029,CUST-0079,2026-05-10 05:07:46.540544,dashboard_query,Data Engineering,2
EVT-0079-0030,CUST-0079,2026-03-03 01:57:14.500173,dashboard_query,Data Engineering,244
EVT-0079-0031,CUST-0079,2026-03-10 10:15:48.450824,pipeline_execution,Machine Learning,367
EVT-0079-0032,CUST-0079,2026-03-15 20:17:39.960004,data_ingestion,Analytics,476
EVT-0079-0033,CUST-0079,2026-02-25 00:10:39.689707,ai_model_run,Data Warehousing,386
EVT-0079-0034,CUST-0079,2026-02-12 17:36:17.612185,ai_model_run,Data Engineering,366
EVT-0079-0035,CUST-0079,2026-02-14 07:04:51.263701,pipeline_execution,Machine Learning,5
EVT-0079-0036,CUST-0079,2026-04-05 13:08:37.299630,dashboard_query,Data Engineering,290
EVT-0079-0037,CUST-0079,2026-02-13 15:30:14.913910,pipeline_execution,Data Engineering,192
EVT-0079-0038,CUST-0079,2026-03-26 07:18:34.105720,data_ingestion,Data Warehousing,468
EVT-0079-0039,CUST-0079,2026-02-21 22:00:19.976417,dashboard_query,Data Warehousing,263
EVT-0079-0040,CUST-0079,2026-02-15 11:05:21.622826,pipeline_execution,AI Workloads,445
EVT-0079-0041,CUST-0079,2026-03-25 08:19:55.060268,ai_model_run,AI Workloads,470
EVT-0079-0042,CUST-0079,2026-02-17 05:33:45.872251,dashboard_query,Data Warehousing,384
EVT-0079-0043,CUST-0079,2026-03-12 04:34:31.840883,login,Machine Learning,374
EVT-0079-0044,CUST-0079,2026-05-02 19:22:39.432575,pipeline_execution,Machine Learning,454
EVT-0079-0045,CUST-0079,2026-05-10 09:31:13.939960,ai_model_run,Data Engineering,244
EVT-0079-0046,CUST-0079,2026-03-26 19:06:04.228685,ai_model_run,Data Engineering,277
EVT-0079-0047,CUST-0079,2026-05-05 07:11:16.702466,pipeline_execution,AI Workloads,248
EVT-0079-0048,CUST-0079,2026-03-27 18:28:01.037293,ai_model_run,AI Workloads,214
EVT-0079-0049,CUST-0079,2026-02-28 16:14:35.425277,login,Data Engineering,84
EVT-0079-0050,CUST-0079,2026-04-12 22:47:29.893675,data_ingestion,AI Workloads,137
EVT-0079-0051,CUST-0079,2026-04-23 17:18:40.383503,dashboard_query,Machine Learning,310
EVT-0079-0052,CUST-0079,2026-02-21 07:34:26.048031,data_ingestion,Data Engineering,78
EVT-0079-0053,CUST-0079,2026-03-22 16:08:13.411642,pipeline_execution,Analytics,15
EVT-0079-0054,CUST-0079,2026-02-21 11:04:34.132218,pipeline_execution,AI Workloads,192
EVT-0079-0055,CUST-0079,2026-04-12 07:25:16.360772,data_ingestion,Data Engineering,401
EVT-0080-0000,CUST-0080,2026-04-20 19:42:35.235312,dashboard_query,Data Engineering,314
EVT-0080-0001,CUST-0080,2026-04-26 07:50:01.859123,dashboard_query,Machine Learning,500
EVT-0080-0002,CUST-0080,2026-04-03 12:04:10.542413,dashboard_query,Machine Learning,404
EVT-0080-0003,CUST-0080,2026-04-02 18:57:35.481414,login,Machine Learning,398
EVT-0080-0004,CUST-0080,2026-04-11 23:04:30.613001,pipeline_execution,AI Workloads,199
EVT-0080-0005,CUST-0080,2026-02-26 17:10:27.448178,pipeline_execution,Data Warehousing,248
EVT-0080-0006,CUST-0080,2026-04-10 13:51:35.980057,pipeline_execution,Data Engineering,292
EVT-0080-0007,CUST-0080,2026-05-09 01:19:18.510204,ai_model_run,Data Warehousing,429
EVT-0080-0008,CUST-0080,2026-03-11 05:40:08.951218,pipeline_execution,Data Engineering,188
EVT-0080-0009,CUST-0080,2026-04-23 19:17:43.001979,dashboard_query,AI Workloads,434
EVT-0080-0010,CUST-0080,2026-04-30 13:05:51.706923,pipeline_execution,Data Engineering,161
EVT-0080-0011,CUST-0080,2026-04-04 16:31:28.238803,pipeline_execution,Data Engineering,66
EVT-0080-0012,CUST-0080,2026-02-26 05:06:54.851211,login,Analytics,14
EVT-0080-0013,CUST-0080,2026-04-29 03:24:39.500909,data_ingestion,Data Engineering,17
EVT-0080-0014,CUST-0080,2026-03-05 07:32:06.375200,dashboard_query,Data Warehousing,131
EVT-0080-0015,CUST-0080,2026-04-04 16:59:12.309469,dashboard_query,Data Engineering,216
EVT-0080-0016,CUST-0080,2026-02-19 18:35:21.211262,ai_model_run,Machine Learning,359
EVT-0080-0017,CUST-0080,2026-04-16 01:02:23.857164,dashboard_query,AI Workloads,60
EVT-0080-0018,CUST-0080,2026-05-11 05:59:18.537710,dashboard_query,Data Warehousing,211
EVT-0080-0019,CUST-0080,2026-02-16 02:11:51.989782,pipeline_execution,Analytics,33
EVT-0080-0020,CUST-0080,2026-03-28 06:41:17.240611,ai_model_run,Data Engineering,7
EVT-0080-0021,CUST-0080,2026-05-01 01:02:33.346987,pipeline_execution,Machine Learning,18
EVT-0080-0022,CUST-0080,2026-04-23 01:48:55.257480,data_ingestion,Data Engineering,399
EVT-0080-0023,CUST-0080,2026-04-28 02:05:29.805332,dashboard_query,Data Warehousing,138
EVT-0080-0024,CUST-0080,2026-02-11 15:25:22.590116,ai_model_run,Machine Learning,295
EVT-0080-0025,CUST-0080,2026-05-08 13:48:13.169993,dashboard_query,Analytics,424
EVT-0080-0026,CUST-0080,2026-03-21 17:05:34.126765,pipeline_execution,Machine Learning,375
EVT-0080-0027,CUST-0080,2026-03-19 18:20:26.902395,data_ingestion,Machine Learning,84
EVT-0080-0028,CUST-0080,2026-02-23 02:08:00.619258,ai_model_run,Machine Learning,156
EVT-0080-0029,CUST-0080,2026-04-22 12:45:38.265359,ai_model_run,Analytics,437
EVT-0080-0030,CUST-0080,2026-05-06 03:17:42.316281,ai_model_run,Data Warehousing,285
EVT-0080-0031,CUST-0080,2026-03-30 18:57:38.640569,data_ingestion,Machine Learning,103
EVT-0080-0032,CUST-0080,2026-02-19 08:56:46.965535,pipeline_execution,Data Engineering,311
EVT-0081-0000,CUST-0081,2026-04-09 02:16:10.349036,pipeline_execution,Analytics,84
EVT-0081-0001,CUST-0081,2026-05-09 22:33:56.642689,ai_model_run,Data Warehousing,209
EVT-0081-0002,CUST-0081,2026-03-13 06:27:36.131513,login,Data Warehousing,70
EVT-0081-0003,CUST-0081,2026-03-27 21:48:18.167162,login,Machine Learning,198
EVT-0081-0004,CUST-0081,2026-03-15 10:40:03.743378,ai_model_run,Analytics,194
EVT-0081-0005,CUST-0081,2026-02-28 08:03:43.412779,pipeline_execution,Analytics,170
EVT-0081-0006,CUST-0081,2026-04-02 07:53:25.509068,pipeline_execution,Data Engineering,67
EVT-0081-0007,CUST-0081,2026-02-15 14:24:41.862888,login,Analytics,281
EVT-0081-0008,CUST-0081,2026-04-28 00:31:23.810191,dashboard_query,AI Workloads,383
EVT-0081-0009,CUST-0081,2026-03-03 01:15:55.671137,data_ingestion,Data Engineering,344
EVT-0081-0010,CUST-0081,2026-03-25 20:11:01.056693,pipeline_execution,Data Warehousing,439
EVT-0081-0011,CUST-0081,2026-03-21 19:16:47.950040,login,Machine Learning,312
EVT-0081-0012,CUST-0081,2026-02-19 19:45:45.856286,login,AI Workloads,334
EVT-0081-0013,CUST-0081,2026-04-07 18:36:21.930984,data_ingestion,Data Warehousing,98
EVT-0081-0014,CUST-0081,2026-03-29 21:07:43.377789,login,Data Engineering,300
EVT-0081-0015,CUST-0081,2026-05-09 00:55:47.402764,login,Data Warehousing,65
EVT-0081-0016,CUST-0081,2026-03-14 21:00:44.610765,pipeline_execution,Analytics,233
EVT-0081-0017,CUST-0081,2026-04-27 19:42:06.363967,ai_model_run,Machine Learning,239
EVT-0081-0018,CUST-0081,2026-04-25 08:29:57.207744,login,Analytics,314
EVT-0081-0019,CUST-0081,2026-04-17 14:26:15.465410,pipeline_execution,AI Workloads,263
EVT-0081-0020,CUST-0081,2026-03-27 02:00:32.387497,dashboard_query,Analytics,235
EVT-0081-0021,CUST-0081,2026-04-17 23:38:49.254010,ai_model_run,AI Workloads,153
EVT-0081-0022,CUST-0081,2026-04-30 20:46:16.101321,dashboard_query,AI Workloads,468
EVT-0081-0023,CUST-0081,2026-02-28 13:35:33.707309,data_ingestion,Analytics,250
EVT-0081-0024,CUST-0081,2026-03-29 05:33:18.669274,pipeline_execution,Data Engineering,197
EVT-0081-0025,CUST-0081,2026-04-03 12:10:52.164737,ai_model_run,AI Workloads,424
EVT-0082-0000,CUST-0082,2026-05-06 18:38:35.155949,dashboard_query,AI Workloads,155
EVT-0082-0001,CUST-0082,2026-04-17 07:20:27.503335,data_ingestion,Data Engineering,393
EVT-0082-0002,CUST-0082,2026-05-05 17:50:40.817452,pipeline_execution,Analytics,75
EVT-0082-0003,CUST-0082,2026-04-06 22:34:06.388479,pipeline_execution,Data Engineering,399
EVT-0082-0004,CUST-0082,2026-02-26 22:43:34.222265,pipeline_execution,Data Warehousing,293
EVT-0082-0005,CUST-0082,2026-04-03 19:36:07.117843,pipeline_execution,Machine Learning,417
EVT-0082-0006,CUST-0082,2026-04-18 12:38:26.187812,ai_model_run,Analytics,171
EVT-0082-0007,CUST-0082,2026-03-14 21:01:36.361480,data_ingestion,Data Engineering,137
EVT-0082-0008,CUST-0082,2026-02-11 20:45:23.285201,pipeline_execution,Analytics,318
EVT-0082-0009,CUST-0082,2026-04-18 12:05:16.942865,login,Data Engineering,216
EVT-0082-0010,CUST-0082,2026-03-09 16:35:54.030726,ai_model_run,Data Engineering,234
EVT-0082-0011,CUST-0082,2026-02-23 04:13:52.957800,pipeline_execution,Data Warehousing,199
EVT-0082-0012,CUST-0082,2026-03-26 12:46:34.834455,ai_model_run,AI Workloads,45
EVT-0082-0013,CUST-0082,2026-02-26 20:58:37.044324,login,Data Warehousing,337
EVT-0082-0014,CUST-0082,2026-02-18 03:58:22.603685,dashboard_query,AI Workloads,157
EVT-0082-0015,CUST-0082,2026-03-10 05:14:50.888000,dashboard_query,AI Workloads,84
EVT-0082-0016,CUST-0082,2026-04-04 17:31:08.320645,pipeline_execution,Data Engineering,383
EVT-0082-0017,CUST-0082,2026-03-31 23:07:38.403715,data_ingestion,Analytics,319
EVT-0082-0018,CUST-0082,2026-02-21 00:16:17.777890,login,Data Warehousing,85
EVT-0082-0019,CUST-0082,2026-02-14 04:07:12.122221,dashboard_query,Data Engineering,381
EVT-0082-0020,CUST-0082,2026-05-10 18:45:57.556110,dashboard_query,Machine Learning,306
EVT-0082-0021,CUST-0082,2026-04-29 13:28:01.761097,login,Data Warehousing,283
EVT-0082-0022,CUST-0082,2026-03-24 13:32:40.696264,login,Data Warehousing,394
EVT-0082-0023,CUST-0082,2026-04-11 05:02:47.036853,ai_model_run,Data Warehousing,219
EVT-0082-0024,CUST-0082,2026-04-06 01:55:15.746196,data_ingestion,Data Engineering,171
EVT-0082-0025,CUST-0082,2026-02-26 11:58:38.142473,data_ingestion,Data Engineering,154
EVT-0082-0026,CUST-0082,2026-02-22 07:11:09.767249,dashboard_query,AI Workloads,133
EVT-0082-0027,CUST-0082,2026-03-10 00:35:26.454771,data_ingestion,Data Engineering,490
EVT-0082-0028,CUST-0082,2026-03-04 01:35:41.484033,dashboard_query,Data Engineering,274
EVT-0082-0029,CUST-0082,2026-04-25 17:33:48.094218,ai_model_run,Data Engineering,29
EVT-0082-0030,CUST-0082,2026-05-10 10:21:30.854784,dashboard_query,AI Workloads,279
EVT-0082-0031,CUST-0082,2026-02-13 06:44:05.628135,pipeline_execution,AI Workloads,134
EVT-0082-0032,CUST-0082,2026-03-05 22:05:14.060171,pipeline_execution,AI Workloads,355
EVT-0082-0033,CUST-0082,2026-02-14 10:26:40.915554,ai_model_run,Data Warehousing,247
EVT-0082-0034,CUST-0082,2026-03-15 09:03:47.837508,dashboard_query,AI Workloads,178
EVT-0082-0035,CUST-0082,2026-03-23 19:08:19.341812,dashboard_query,Data Warehousing,284
EVT-0082-0036,CUST-0082,2026-05-03 06:43:47.915873,login,Data Warehousing,134
EVT-0082-0037,CUST-0082,2026-03-19 09:34:35.395183,dashboard_query,Data Engineering,73
EVT-0082-0038,CUST-0082,2026-04-18 21:15:23.562749,login,Data Warehousing,101
EVT-0082-0039,CUST-0082,2026-04-20 03:42:43.635481,data_ingestion,Data Engineering,239
EVT-0082-0040,CUST-0082,2026-03-14 13:07:18.698468,login,Data Warehousing,211
EVT-0082-0041,CUST-0082,2026-05-01 23:23:39.184015,ai_model_run,Machine Learning,252
EVT-0082-0042,CUST-0082,2026-04-21 17:32:38.663156,data_ingestion,Machine Learning,171
EVT-0082-0043,CUST-0082,2026-04-30 07:37:07.991948,data_ingestion,Data Warehousing,23
EVT-0082-0044,CUST-0082,2026-03-06 05:20:33.726999,data_ingestion,Data Engineering,310
EVT-0082-0045,CUST-0082,2026-03-12 06:46:16.576836,dashboard_query,Data Engineering,345
EVT-0082-0046,CUST-0082,2026-04-01 21:23:52.327631,pipeline_execution,AI Workloads,419
EVT-0082-0047,CUST-0082,2026-04-19 05:43:06.352568,data_ingestion,AI Workloads,218
EVT-0082-0048,CUST-0082,2026-04-02 09:21:11.430711,data_ingestion,Data Engineering,50
EVT-0082-0049,CUST-0082,2026-04-23 01:56:52.325831,data_ingestion,AI Workloads,395
EVT-0082-0050,CUST-0082,2026-05-06 01:12:48.740811,pipeline_execution,Analytics,309
EVT-0082-0051,CUST-0082,2026-03-25 23:27:21.424102,login,Machine Learning,235
EVT-0082-0052,CUST-0082,2026-03-30 05:17:14.199400,login,AI Workloads,245
EVT-0082-0053,CUST-0082,2026-02-20 05:07:37.571077,login,Analytics,403
EVT-0082-0054,CUST-0082,2026-04-24 21:10:02.488819,ai_model_run,AI Workloads,272
EVT-0082-0055,CUST-0082,2026-03-04 07:31:52.849530,dashboard_query,Data Warehousing,263
EVT-0082-0056,CUST-0082,2026-02-14 14:22:06.965245,login,Machine Learning,225
EVT-0082-0057,CUST-0082,2026-04-15 01:23:59.186860,ai_model_run,Analytics,156
EVT-0082-0058,CUST-0082,2026-03-26 09:37:54.800236,ai_model_run,Analytics,468
EVT-0082-0059,CUST-0082,2026-03-24 08:10:32.239434,pipeline_execution,Analytics,89
EVT-0082-0060,CUST-0082,2026-05-09 06:24:59.717237,login,Analytics,439
EVT-0082-0061,CUST-0082,2026-04-24 17:13:12.911197,dashboard_query,Analytics,130
EVT-0082-0062,CUST-0082,2026-04-12 23:11:47.383187,login,Data Warehousing,329
EVT-0082-0063,CUST-0082,2026-03-23 13:37:18.367960,ai_model_run,Analytics,449
EVT-0082-0064,CUST-0082,2026-05-01 01:03:41.479894,dashboard_query,Analytics,466
EVT-0082-0065,CUST-0082,2026-04-09 22:07:10.601012,data_ingestion,Data Engineering,461
EVT-0082-0066,CUST-0082,2026-05-11 05:52:57.888585,dashboard_query,Analytics,193
EVT-0082-0067,CUST-0082,2026-03-11 18:12:37.805915,login,Analytics,264
EVT-0082-0068,CUST-0082,2026-03-31 23:04:02.212831,data_ingestion,Analytics,382
EVT-0082-0069,CUST-0082,2026-02-22 02:46:49.310256,data_ingestion,Data Warehousing,442
EVT-0082-0070,CUST-0082,2026-02-28 11:08:11.147835,dashboard_query,Data Warehousing,367
EVT-0082-0071,CUST-0082,2026-02-11 09:33:29.993888,pipeline_execution,Data Engineering,414
EVT-0082-0072,CUST-0082,2026-04-17 16:20:34.199474,ai_model_run,Data Engineering,444
EVT-0082-0073,CUST-0082,2026-03-25 00:01:22.076600,dashboard_query,AI Workloads,385
EVT-0082-0074,CUST-0082,2026-04-22 04:09:13.192189,pipeline_execution,AI Workloads,13
EVT-0082-0075,CUST-0082,2026-04-16 00:32:50.643883,pipeline_execution,Data Engineering,367
EVT-0082-0076,CUST-0082,2026-03-12 08:24:32.046645,pipeline_execution,Analytics,438
EVT-0082-0077,CUST-0082,2026-04-19 08:38:41.913674,ai_model_run,Machine Learning,14
EVT-0082-0078,CUST-0082,2026-03-31 09:55:05.042438,pipeline_execution,Machine Learning,409
EVT-0082-0079,CUST-0082,2026-04-24 07:01:00.335552,login,Data Engineering,9
EVT-0082-0080,CUST-0082,2026-03-13 06:37:34.644660,login,Machine Learning,195
EVT-0082-0081,CUST-0082,2026-03-18 11:51:07.171800,dashboard_query,Data Warehousing,150
EVT-0082-0082,CUST-0082,2026-04-02 00:26:23.303565,login,Data Engineering,431
EVT-0083-0000,CUST-0083,2026-03-20 22:25:55.076270,login,Data Engineering,393
EVT-0083-0001,CUST-0083,2026-05-02 15:56:27.348133,login,Data Warehousing,31
EVT-0083-0002,CUST-0083,2026-03-25 03:52:04.903791,pipeline_execution,AI Workloads,99
EVT-0083-0003,CUST-0083,2026-02-28 16:03:43.806875,data_ingestion,AI Workloads,397
EVT-0083-0004,CUST-0083,2026-04-23 04:23:16.126642,login,Data Warehousing,169
EVT-0083-0005,CUST-0083,2026-03-27 08:49:52.972740,login,Data Engineering,426
EVT-0083-0006,CUST-0083,2026-03-21 09:52:21.111550,dashboard_query,AI Workloads,227
EVT-0083-0007,CUST-0083,2026-04-02 14:54:49.743773,dashboard_query,AI Workloads,423
EVT-0083-0008,CUST-0083,2026-05-02 06:06:06.734424,data_ingestion,Machine Learning,262
EVT-0083-0009,CUST-0083,2026-02-27 07:27:00.235943,dashboard_query,Analytics,330
EVT-0083-0010,CUST-0083,2026-03-22 08:38:20.713866,pipeline_execution,AI Workloads,98
EVT-0083-0011,CUST-0083,2026-04-27 06:21:53.577114,dashboard_query,Machine Learning,476
EVT-0083-0012,CUST-0083,2026-04-09 05:51:14.203185,ai_model_run,Data Engineering,313
EVT-0083-0013,CUST-0083,2026-03-31 07:32:06.316110,login,Data Engineering,462
EVT-0083-0014,CUST-0083,2026-04-03 23:38:14.602784,data_ingestion,Machine Learning,373
EVT-0083-0015,CUST-0083,2026-04-17 11:41:40.797648,data_ingestion,Machine Learning,28
EVT-0083-0016,CUST-0083,2026-02-24 19:17:41.879249,data_ingestion,Data Warehousing,238
EVT-0083-0017,CUST-0083,2026-04-09 09:46:29.095938,pipeline_execution,Data Warehousing,299
EVT-0083-0018,CUST-0083,2026-04-17 07:43:07.463652,ai_model_run,AI Workloads,204
EVT-0083-0019,CUST-0083,2026-04-24 03:22:38.034267,pipeline_execution,AI Workloads,435
EVT-0083-0020,CUST-0083,2026-05-01 20:34:09.658784,pipeline_execution,Data Engineering,447
EVT-0083-0021,CUST-0083,2026-04-15 07:32:11.868404,pipeline_execution,Analytics,363
EVT-0083-0022,CUST-0083,2026-03-01 11:25:03.529680,login,Machine Learning,204
EVT-0083-0023,CUST-0083,2026-04-14 18:22:55.762412,data_ingestion,Data Warehousing,425
EVT-0083-0024,CUST-0083,2026-04-13 05:52:15.063090,ai_model_run,Data Engineering,149
EVT-0083-0025,CUST-0083,2026-04-06 15:14:46.549229,dashboard_query,Data Warehousing,175
EVT-0083-0026,CUST-0083,2026-03-20 09:52:04.053796,login,Machine Learning,445
EVT-0083-0027,CUST-0083,2026-05-04 18:37:44.447211,login,AI Workloads,312
EVT-0083-0028,CUST-0083,2026-03-31 10:53:05.655610,login,Machine Learning,141
EVT-0083-0029,CUST-0083,2026-04-06 16:49:36.787313,dashboard_query,Data Warehousing,293
EVT-0083-0030,CUST-0083,2026-05-09 23:04:10.639199,ai_model_run,Data Engineering,274
EVT-0083-0031,CUST-0083,2026-04-24 11:18:01.305153,pipeline_execution,Data Warehousing,351
EVT-0083-0032,CUST-0083,2026-04-14 04:37:41.953239,ai_model_run,Data Warehousing,208
EVT-0083-0033,CUST-0083,2026-04-17 10:13:30.318188,pipeline_execution,Analytics,296
EVT-0083-0034,CUST-0083,2026-04-07 11:15:05.685399,data_ingestion,AI Workloads,75
EVT-0083-0035,CUST-0083,2026-05-08 09:27:21.863364,dashboard_query,Data Warehousing,449
EVT-0083-0036,CUST-0083,2026-04-21 16:39:46.498790,data_ingestion,AI Workloads,234
EVT-0083-0037,CUST-0083,2026-03-09 19:50:01.329180,data_ingestion,Machine Learning,183
EVT-0083-0038,CUST-0083,2026-03-29 05:43:49.310793,login,Data Engineering,485
EVT-0083-0039,CUST-0083,2026-03-01 22:10:59.731323,data_ingestion,Data Engineering,102
EVT-0083-0040,CUST-0083,2026-03-27 02:42:46.797702,login,AI Workloads,392
EVT-0084-0000,CUST-0084,2026-03-09 10:30:09.325632,ai_model_run,Data Engineering,203
EVT-0084-0001,CUST-0084,2026-03-12 16:16:57.376995,dashboard_query,AI Workloads,162
EVT-0084-0002,CUST-0084,2026-03-30 23:28:44.990813,login,Data Engineering,116
EVT-0084-0003,CUST-0084,2026-03-05 17:29:54.525730,ai_model_run,AI Workloads,234
EVT-0084-0004,CUST-0084,2026-04-06 17:01:11.907280,pipeline_execution,Machine Learning,277
EVT-0084-0005,CUST-0084,2026-03-06 21:01:22.410923,data_ingestion,AI Workloads,101
EVT-0084-0006,CUST-0084,2026-02-27 10:46:31.903442,dashboard_query,Machine Learning,150
EVT-0084-0007,CUST-0084,2026-04-02 02:48:35.593802,data_ingestion,AI Workloads,147
EVT-0084-0008,CUST-0084,2026-03-21 05:35:05.282179,pipeline_execution,Analytics,61
EVT-0084-0009,CUST-0084,2026-04-16 11:35:17.649293,login,AI Workloads,33
EVT-0084-0010,CUST-0084,2026-03-25 13:45:44.287890,dashboard_query,Data Warehousing,171
EVT-0084-0011,CUST-0084,2026-03-27 23:16:59.954587,ai_model_run,Data Warehousing,13
EVT-0084-0012,CUST-0084,2026-05-11 18:44:16.456433,data_ingestion,Machine Learning,120
EVT-0084-0013,CUST-0084,2026-03-25 17:22:41.146369,pipeline_execution,Analytics,362
EVT-0084-0014,CUST-0084,2026-03-19 12:44:00.020323,pipeline_execution,AI Workloads,318
EVT-0084-0015,CUST-0084,2026-02-18 07:05:20.112919,dashboard_query,AI Workloads,368
EVT-0084-0016,CUST-0084,2026-04-28 17:34:08.395837,pipeline_execution,AI Workloads,280
EVT-0084-0017,CUST-0084,2026-05-01 02:40:42.111896,login,Machine Learning,95
EVT-0084-0018,CUST-0084,2026-03-10 22:43:50.039051,login,Data Engineering,79
EVT-0084-0019,CUST-0084,2026-04-18 01:58:12.794835,login,Data Warehousing,363
EVT-0084-0020,CUST-0084,2026-04-24 17:03:20.090600,data_ingestion,Analytics,108
EVT-0084-0021,CUST-0084,2026-03-30 21:33:23.257862,pipeline_execution,AI Workloads,414
EVT-0084-0022,CUST-0084,2026-02-14 18:28:41.198003,dashboard_query,AI Workloads,234
EVT-0084-0023,CUST-0084,2026-04-13 16:40:37.376496,ai_model_run,Analytics,332
EVT-0084-0024,CUST-0084,2026-03-04 14:59:59.129429,login,Machine Learning,455
EVT-0084-0025,CUST-0084,2026-02-19 04:23:22.397891,login,Data Engineering,79
EVT-0084-0026,CUST-0084,2026-04-04 03:40:18.517426,pipeline_execution,Data Engineering,354
EVT-0084-0027,CUST-0084,2026-05-11 20:42:27.149549,dashboard_query,Machine Learning,238
EVT-0084-0028,CUST-0084,2026-04-09 23:47:47.120244,dashboard_query,Data Warehousing,297
EVT-0084-0029,CUST-0084,2026-02-25 05:23:08.033180,login,Data Engineering,330
EVT-0084-0030,CUST-0084,2026-03-21 00:47:09.666468,login,Data Warehousing,214
EVT-0085-0000,CUST-0085,2026-03-27 04:37:00.747459,dashboard_query,Data Warehousing,121
EVT-0085-0001,CUST-0085,2026-02-21 01:30:21.049333,ai_model_run,Machine Learning,458
EVT-0085-0002,CUST-0085,2026-04-23 13:41:32.500702,data_ingestion,Data Engineering,162
EVT-0085-0003,CUST-0085,2026-05-03 10:19:35.319828,pipeline_execution,Analytics,483
EVT-0085-0004,CUST-0085,2026-03-19 22:37:24.930175,dashboard_query,Data Warehousing,237
EVT-0085-0005,CUST-0085,2026-05-09 14:52:37.123002,dashboard_query,Data Engineering,439
EVT-0085-0006,CUST-0085,2026-05-05 09:49:19.149737,pipeline_execution,Machine Learning,267
EVT-0085-0007,CUST-0085,2026-02-18 09:53:58.832865,login,AI Workloads,153
EVT-0085-0008,CUST-0085,2026-03-13 15:56:02.695794,pipeline_execution,AI Workloads,418
EVT-0085-0009,CUST-0085,2026-04-06 18:26:11.173153,login,AI Workloads,92
EVT-0085-0010,CUST-0085,2026-04-17 22:09:00.511043,pipeline_execution,Machine Learning,281
EVT-0085-0011,CUST-0085,2026-03-29 18:18:43.962883,data_ingestion,Machine Learning,117
EVT-0085-0012,CUST-0085,2026-03-09 14:43:30.121819,pipeline_execution,AI Workloads,124
EVT-0085-0013,CUST-0085,2026-04-12 02:16:07.068001,login,Data Warehousing,319
EVT-0085-0014,CUST-0085,2026-03-22 11:28:01.790239,ai_model_run,Data Warehousing,359
EVT-0085-0015,CUST-0085,2026-04-30 03:58:23.519583,data_ingestion,Analytics,215
EVT-0085-0016,CUST-0085,2026-02-18 21:45:12.841740,login,Data Warehousing,484
EVT-0085-0017,CUST-0085,2026-04-24 16:27:03.793764,pipeline_execution,Machine Learning,457
EVT-0085-0018,CUST-0085,2026-03-04 09:29:13.587394,login,Analytics,415
EVT-0085-0019,CUST-0085,2026-05-06 00:34:23.113173,ai_model_run,Machine Learning,405
EVT-0085-0020,CUST-0085,2026-02-16 08:55:50.066371,ai_model_run,Data Engineering,373
EVT-0085-0021,CUST-0085,2026-04-20 08:55:18.639504,login,Analytics,197
EVT-0085-0022,CUST-0085,2026-05-10 05:09:16.807013,pipeline_execution,Data Warehousing,497
EVT-0085-0023,CUST-0085,2026-04-13 19:57:10.980820,pipeline_execution,Data Warehousing,196
EVT-0085-0024,CUST-0085,2026-03-19 16:20:48.891955,login,AI Workloads,394
EVT-0085-0025,CUST-0085,2026-03-16 04:47:12.750176,pipeline_execution,Data Engineering,364
EVT-0085-0026,CUST-0085,2026-03-16 22:47:27.078012,data_ingestion,Data Warehousing,390
EVT-0085-0027,CUST-0085,2026-02-19 22:51:56.871703,login,Machine Learning,158
EVT-0085-0028,CUST-0085,2026-02-15 16:15:42.078981,login,Data Engineering,292
EVT-0085-0029,CUST-0085,2026-03-18 18:49:41.166793,ai_model_run,AI Workloads,244
EVT-0085-0030,CUST-0085,2026-05-05 12:07:07.946890,data_ingestion,Data Engineering,116
EVT-0085-0031,CUST-0085,2026-03-31 20:17:34.334559,login,Analytics,5
EVT-0085-0032,CUST-0085,2026-04-04 21:33:05.805626,data_ingestion,Analytics,171
EVT-0085-0033,CUST-0085,2026-03-26 10:36:20.245939,pipeline_execution,Data Warehousing,488
EVT-0085-0034,CUST-0085,2026-05-10 00:06:11.085705,pipeline_execution,Analytics,102
EVT-0085-0035,CUST-0085,2026-03-30 04:24:51.368623,pipeline_execution,Machine Learning,116
EVT-0085-0036,CUST-0085,2026-02-16 15:25:09.267094,ai_model_run,Data Warehousing,93
EVT-0085-0037,CUST-0085,2026-05-09 10:55:47.228441,pipeline_execution,Analytics,422
EVT-0085-0038,CUST-0085,2026-03-24 13:20:28.138126,ai_model_run,Machine Learning,360
EVT-0085-0039,CUST-0085,2026-04-12 00:51:39.933687,ai_model_run,Analytics,249
EVT-0085-0040,CUST-0085,2026-03-20 01:04:36.350458,ai_model_run,AI Workloads,246
EVT-0085-0041,CUST-0085,2026-02-16 21:24:22.943841,login,Machine Learning,374
EVT-0085-0042,CUST-0085,2026-02-20 17:24:10.156328,pipeline_execution,Data Engineering,148
EVT-0085-0043,CUST-0085,2026-05-09 11:31:21.810268,pipeline_execution,Data Engineering,388
EVT-0085-0044,CUST-0085,2026-04-13 02:10:35.752587,dashboard_query,Data Warehousing,94
EVT-0085-0045,CUST-0085,2026-03-19 17:58:50.020844,pipeline_execution,Data Warehousing,310
EVT-0085-0046,CUST-0085,2026-03-19 20:39:20.069577,pipeline_execution,Machine Learning,486
EVT-0085-0047,CUST-0085,2026-03-15 21:55:32.911372,ai_model_run,Machine Learning,199
EVT-0085-0048,CUST-0085,2026-04-13 05:00:46.316064,data_ingestion,AI Workloads,48
EVT-0085-0049,CUST-0085,2026-03-24 10:35:47.138962,dashboard_query,Data Warehousing,368
EVT-0085-0050,CUST-0085,2026-04-05 11:10:10.988686,pipeline_execution,AI Workloads,127
EVT-0085-0051,CUST-0085,2026-04-05 02:19:57.152647,ai_model_run,AI Workloads,135
EVT-0085-0052,CUST-0085,2026-03-16 11:12:09.565148,pipeline_execution,AI Workloads,98
EVT-0085-0053,CUST-0085,2026-04-09 23:54:43.342122,pipeline_execution,Data Warehousing,57
EVT-0085-0054,CUST-0085,2026-03-05 17:55:48.442576,dashboard_query,Data Engineering,313
EVT-0085-0055,CUST-0085,2026-04-25 17:31:55.334657,pipeline_execution,Data Warehousing,222
EVT-0085-0056,CUST-0085,2026-02-27 18:52:35.320839,dashboard_query,Machine Learning,411
EVT-0085-0057,CUST-0085,2026-04-05 02:55:50.382418,pipeline_execution,Data Engineering,50
EVT-0085-0058,CUST-0085,2026-04-04 11:37:37.047527,login,Data Engineering,214
EVT-0085-0059,CUST-0085,2026-02-27 13:20:17.245252,login,AI Workloads,417
EVT-0085-0060,CUST-0085,2026-03-29 12:11:19.870492,data_ingestion,Data Engineering,495
EVT-0085-0061,CUST-0085,2026-04-14 00:17:47.161061,dashboard_query,Analytics,407
EVT-0085-0062,CUST-0085,2026-03-10 21:42:12.566623,data_ingestion,Analytics,3
EVT-0085-0063,CUST-0085,2026-03-27 16:10:48.019208,data_ingestion,Data Engineering,267
EVT-0085-0064,CUST-0085,2026-03-04 03:25:54.678812,pipeline_execution,Machine Learning,119
EVT-0085-0065,CUST-0085,2026-04-22 22:39:57.430997,login,Data Warehousing,372
EVT-0085-0066,CUST-0085,2026-03-02 19:20:28.662338,ai_model_run,Machine Learning,234
EVT-0085-0067,CUST-0085,2026-04-02 10:57:31.218898,login,Analytics,51
EVT-0085-0068,CUST-0085,2026-02-28 00:39:44.133302,data_ingestion,Data Warehousing,34
EVT-0085-0069,CUST-0085,2026-02-12 04:11:41.602385,ai_model_run,Analytics,145
EVT-0085-0070,CUST-0085,2026-03-14 17:14:03.628769,login,Analytics,244
EVT-0085-0071,CUST-0085,2026-02-23 01:50:47.908878,dashboard_query,Data Engineering,32
EVT-0085-0072,CUST-0085,2026-03-31 20:11:13.291597,data_ingestion,Data Engineering,399
EVT-0086-0000,CUST-0086,2026-05-06 02:33:40.510131,dashboard_query,Data Engineering,168
EVT-0086-0001,CUST-0086,2026-04-28 03:58:38.493385,dashboard_query,Analytics,212
EVT-0086-0002,CUST-0086,2026-05-07 06:00:02.698557,login,Machine Learning,249
EVT-0086-0003,CUST-0086,2026-03-02 13:49:25.783042,data_ingestion,Data Warehousing,5
EVT-0086-0004,CUST-0086,2026-04-16 23:48:50.058569,dashboard_query,Data Warehousing,425
EVT-0086-0005,CUST-0086,2026-05-09 19:55:07.568555,pipeline_execution,Machine Learning,76
EVT-0086-0006,CUST-0086,2026-03-09 05:16:49.276986,ai_model_run,Machine Learning,186
EVT-0086-0007,CUST-0086,2026-02-18 19:50:02.331228,data_ingestion,Analytics,467
EVT-0086-0008,CUST-0086,2026-04-24 20:29:49.630302,data_ingestion,Analytics,30
EVT-0086-0009,CUST-0086,2026-02-28 18:58:38.292269,ai_model_run,Machine Learning,50
EVT-0086-0010,CUST-0086,2026-04-15 02:43:42.562941,data_ingestion,Data Warehousing,347
EVT-0086-0011,CUST-0086,2026-03-05 19:01:53.620778,dashboard_query,AI Workloads,67
EVT-0086-0012,CUST-0086,2026-05-06 22:04:14.975525,login,Machine Learning,194
EVT-0086-0013,CUST-0086,2026-04-08 07:14:16.057935,ai_model_run,Data Warehousing,34
EVT-0086-0014,CUST-0086,2026-03-05 06:11:25.085254,data_ingestion,AI Workloads,273
EVT-0086-0015,CUST-0086,2026-03-20 14:00:20.030266,pipeline_execution,AI Workloads,130
EVT-0086-0016,CUST-0086,2026-03-18 13:47:08.977687,ai_model_run,Analytics,282
EVT-0086-0017,CUST-0086,2026-03-24 14:02:03.874867,pipeline_execution,Data Engineering,63
EVT-0086-0018,CUST-0086,2026-02-21 08:13:10.170478,login,Data Engineering,263
EVT-0086-0019,CUST-0086,2026-03-09 03:01:54.273228,pipeline_execution,Data Warehousing,276
EVT-0086-0020,CUST-0086,2026-03-05 20:09:17.101210,login,Analytics,312
EVT-0086-0021,CUST-0086,2026-03-16 22:33:43.147802,login,AI Workloads,203
EVT-0086-0022,CUST-0086,2026-04-07 19:08:27.472874,data_ingestion,Data Engineering,196
EVT-0086-0023,CUST-0086,2026-03-31 18:48:33.692017,login,Data Warehousing,309
EVT-0086-0024,CUST-0086,2026-05-02 16:15:18.899622,data_ingestion,Data Engineering,323
EVT-0086-0025,CUST-0086,2026-04-29 19:41:49.881402,dashboard_query,AI Workloads,490
EVT-0086-0026,CUST-0086,2026-03-14 23:17:03.882103,ai_model_run,AI Workloads,381
EVT-0086-0027,CUST-0086,2026-04-18 20:01:21.077864,pipeline_execution,Machine Learning,67
EVT-0086-0028,CUST-0086,2026-04-06 17:17:53.765766,dashboard_query,Analytics,331
EVT-0086-0029,CUST-0086,2026-02-21 16:39:10.714243,dashboard_query,Data Warehousing,469
EVT-0086-0030,CUST-0086,2026-04-18 00:25:21.280776,ai_model_run,Data Warehousing,153
EVT-0086-0031,CUST-0086,2026-05-05 05:25:14.832731,pipeline_execution,Machine Learning,274
EVT-0086-0032,CUST-0086,2026-03-07 15:37:52.051205,dashboard_query,Machine Learning,178
EVT-0086-0033,CUST-0086,2026-03-07 14:54:58.913589,login,AI Workloads,55
EVT-0086-0034,CUST-0086,2026-05-03 17:23:47.405461,data_ingestion,Data Warehousing,19
EVT-0086-0035,CUST-0086,2026-04-05 10:36:43.057609,ai_model_run,Data Warehousing,287
EVT-0086-0036,CUST-0086,2026-03-31 15:41:50.539835,dashboard_query,Machine Learning,392
EVT-0086-0037,CUST-0086,2026-04-08 22:22:04.440453,dashboard_query,Machine Learning,402
EVT-0086-0038,CUST-0086,2026-02-15 03:49:35.893330,data_ingestion,Analytics,423
EVT-0086-0039,CUST-0086,2026-04-21 12:39:39.206430,data_ingestion,Machine Learning,466
EVT-0086-0040,CUST-0086,2026-04-26 01:36:15.066760,login,Data Engineering,180
EVT-0086-0041,CUST-0086,2026-02-16 02:42:04.993928,data_ingestion,Data Engineering,385
EVT-0086-0042,CUST-0086,2026-03-29 01:12:09.749348,data_ingestion,AI Workloads,150
EVT-0086-0043,CUST-0086,2026-04-26 05:31:52.957097,login,Analytics,335
EVT-0086-0044,CUST-0086,2026-03-05 10:25:00.212414,dashboard_query,Machine Learning,354
EVT-0086-0045,CUST-0086,2026-03-14 16:27:06.058285,login,Data Engineering,308
EVT-0086-0046,CUST-0086,2026-02-25 06:15:40.056888,dashboard_query,Data Warehousing,238
EVT-0086-0047,CUST-0086,2026-04-14 20:56:26.950887,ai_model_run,Analytics,397
EVT-0086-0048,CUST-0086,2026-02-16 15:33:22.640814,login,Analytics,79
EVT-0086-0049,CUST-0086,2026-02-13 01:35:24.625677,ai_model_run,Data Warehousing,19
EVT-0086-0050,CUST-0086,2026-05-08 04:40:41.081101,dashboard_query,AI Workloads,235
EVT-0086-0051,CUST-0086,2026-03-07 07:53:40.051100,dashboard_query,AI Workloads,476
EVT-0086-0052,CUST-0086,2026-04-02 18:32:36.759990,login,Data Warehousing,285
EVT-0086-0053,CUST-0086,2026-04-27 17:39:52.216979,pipeline_execution,Data Engineering,56
EVT-0086-0054,CUST-0086,2026-05-10 15:23:00.928569,ai_model_run,Machine Learning,431
EVT-0086-0055,CUST-0086,2026-02-15 09:37:26.017787,pipeline_execution,Data Engineering,111
EVT-0086-0056,CUST-0086,2026-02-16 12:18:25.714287,data_ingestion,Data Warehousing,483
EVT-0086-0057,CUST-0086,2026-05-03 13:37:38.304149,pipeline_execution,Data Engineering,284
EVT-0086-0058,CUST-0086,2026-04-18 19:37:11.800186,ai_model_run,Machine Learning,316
EVT-0086-0059,CUST-0086,2026-04-23 10:10:07.516616,login,Data Engineering,38
EVT-0086-0060,CUST-0086,2026-03-28 10:07:52.248932,login,Machine Learning,227
EVT-0086-0061,CUST-0086,2026-02-18 02:59:27.170905,data_ingestion,Data Warehousing,350
EVT-0086-0062,CUST-0086,2026-03-20 09:32:15.394447,pipeline_execution,AI Workloads,427
EVT-0086-0063,CUST-0086,2026-05-09 16:23:30.074539,dashboard_query,Machine Learning,377
EVT-0086-0064,CUST-0086,2026-04-02 15:51:50.995845,ai_model_run,Data Warehousing,350
EVT-0086-0065,CUST-0086,2026-03-26 12:14:51.414863,ai_model_run,Machine Learning,215
EVT-0086-0066,CUST-0086,2026-02-14 18:35:03.231652,data_ingestion,Data Warehousing,231
EVT-0086-0067,CUST-0086,2026-05-05 14:50:34.813419,dashboard_query,AI Workloads,49
EVT-0086-0068,CUST-0086,2026-04-02 10:13:53.252290,pipeline_execution,Data Engineering,455
EVT-0086-0069,CUST-0086,2026-03-17 21:27:18.208554,data_ingestion,Data Engineering,432
EVT-0087-0000,CUST-0087,2026-03-29 09:15:56.105692,data_ingestion,Data Warehousing,477
EVT-0087-0001,CUST-0087,2026-04-03 03:45:05.930329,ai_model_run,Data Engineering,322
EVT-0087-0002,CUST-0087,2026-04-11 23:12:34.391725,data_ingestion,Data Warehousing,396
EVT-0087-0003,CUST-0087,2026-03-18 23:48:10.462766,data_ingestion,Analytics,201
EVT-0087-0004,CUST-0087,2026-04-16 05:27:48.438480,dashboard_query,Data Engineering,143
EVT-0087-0005,CUST-0087,2026-03-30 18:17:50.392082,login,Machine Learning,479
EVT-0087-0006,CUST-0087,2026-03-24 22:21:11.115871,login,Data Warehousing,187
EVT-0087-0007,CUST-0087,2026-02-18 17:11:49.748981,data_ingestion,Machine Learning,491
EVT-0087-0008,CUST-0087,2026-04-30 15:45:26.420890,pipeline_execution,Analytics,431
EVT-0087-0009,CUST-0087,2026-02-17 06:38:38.758168,data_ingestion,Machine Learning,73
EVT-0087-0010,CUST-0087,2026-02-21 04:46:46.255240,login,Data Engineering,387
EVT-0087-0011,CUST-0087,2026-04-03 12:26:12.671600,login,AI Workloads,274
EVT-0087-0012,CUST-0087,2026-04-01 03:24:56.294303,data_ingestion,Machine Learning,350
EVT-0087-0013,CUST-0087,2026-04-26 05:18:18.022455,ai_model_run,Machine Learning,342
EVT-0087-0014,CUST-0087,2026-04-01 08:25:15.778256,pipeline_execution,Data Warehousing,374
EVT-0087-0015,CUST-0087,2026-04-18 11:01:08.657259,pipeline_execution,Data Engineering,73
EVT-0087-0016,CUST-0087,2026-04-15 12:35:28.819364,pipeline_execution,AI Workloads,218
EVT-0087-0017,CUST-0087,2026-04-21 14:40:05.721649,pipeline_execution,Data Warehousing,188
EVT-0087-0018,CUST-0087,2026-04-17 10:48:56.492577,dashboard_query,Analytics,444
EVT-0087-0019,CUST-0087,2026-03-07 18:46:38.842746,dashboard_query,Machine Learning,371
EVT-0087-0020,CUST-0087,2026-04-27 02:07:22.556929,login,Analytics,168
EVT-0087-0021,CUST-0087,2026-02-22 20:31:38.757316,pipeline_execution,Data Engineering,283
EVT-0087-0022,CUST-0087,2026-02-23 07:52:02.901191,pipeline_execution,Analytics,354
EVT-0087-0023,CUST-0087,2026-03-07 20:21:31.044072,dashboard_query,AI Workloads,90
EVT-0087-0024,CUST-0087,2026-02-28 08:44:31.256529,ai_model_run,Data Warehousing,227
EVT-0087-0025,CUST-0087,2026-04-02 22:49:23.995223,data_ingestion,Data Engineering,167
EVT-0087-0026,CUST-0087,2026-03-26 00:13:29.702077,dashboard_query,Data Warehousing,146
EVT-0087-0027,CUST-0087,2026-03-24 21:32:21.302311,ai_model_run,AI Workloads,390
EVT-0087-0028,CUST-0087,2026-03-22 15:05:56.359443,pipeline_execution,AI Workloads,340
EVT-0087-0029,CUST-0087,2026-03-17 23:12:24.372223,pipeline_execution,AI Workloads,353
EVT-0087-0030,CUST-0087,2026-03-08 23:23:23.412236,pipeline_execution,AI Workloads,114
EVT-0087-0031,CUST-0087,2026-04-26 11:44:23.288026,data_ingestion,Analytics,230
EVT-0088-0000,CUST-0088,2026-04-08 22:17:03.921213,ai_model_run,AI Workloads,348
EVT-0088-0001,CUST-0088,2026-03-19 00:19:53.667940,pipeline_execution,Machine Learning,135
EVT-0088-0002,CUST-0088,2026-05-05 02:25:45.941843,ai_model_run,Data Engineering,354
EVT-0088-0003,CUST-0088,2026-03-10 16:46:57.654160,dashboard_query,Data Warehousing,226
EVT-0088-0004,CUST-0088,2026-03-27 01:17:43.664605,data_ingestion,Analytics,422
EVT-0088-0005,CUST-0088,2026-02-20 21:16:14.695404,pipeline_execution,Machine Learning,397
EVT-0088-0006,CUST-0088,2026-04-21 05:29:26.286833,pipeline_execution,Data Warehousing,186
EVT-0088-0007,CUST-0088,2026-04-21 11:01:09.838682,data_ingestion,Data Warehousing,16
EVT-0088-0008,CUST-0088,2026-03-27 21:27:57.114496,data_ingestion,Analytics,441
EVT-0088-0009,CUST-0088,2026-05-06 06:55:00.987045,ai_model_run,Data Warehousing,166
EVT-0088-0010,CUST-0088,2026-03-11 03:20:03.987141,dashboard_query,Analytics,5
EVT-0088-0011,CUST-0088,2026-04-27 06:11:25.331491,pipeline_execution,Machine Learning,454
EVT-0088-0012,CUST-0088,2026-04-10 22:21:40.691953,dashboard_query,Data Warehousing,3
EVT-0088-0013,CUST-0088,2026-03-07 13:06:03.132012,dashboard_query,Machine Learning,220
EVT-0088-0014,CUST-0088,2026-02-19 02:14:16.901876,ai_model_run,Data Warehousing,188
EVT-0088-0015,CUST-0088,2026-04-18 09:13:45.784689,data_ingestion,Data Warehousing,326
EVT-0088-0016,CUST-0088,2026-02-24 22:39:01.227143,pipeline_execution,AI Workloads,327
EVT-0088-0017,CUST-0088,2026-05-05 03:41:22.495514,dashboard_query,Data Warehousing,162
EVT-0088-0018,CUST-0088,2026-02-23 03:59:44.702490,pipeline_execution,AI Workloads,283
EVT-0088-0019,CUST-0088,2026-03-27 11:51:44.020329,pipeline_execution,Data Warehousing,123
EVT-0088-0020,CUST-0088,2026-03-15 11:39:08.833143,login,Analytics,411
EVT-0088-0021,CUST-0088,2026-03-28 09:17:50.390095,pipeline_execution,AI Workloads,141
EVT-0088-0022,CUST-0088,2026-03-22 00:23:56.676984,ai_model_run,Data Warehousing,95
EVT-0088-0023,CUST-0088,2026-04-03 07:52:02.804659,ai_model_run,Data Engineering,488
EVT-0088-0024,CUST-0088,2026-05-05 14:30:40.149414,dashboard_query,Machine Learning,2
EVT-0088-0025,CUST-0088,2026-03-01 23:51:08.153931,data_ingestion,Data Engineering,412
EVT-0088-0026,CUST-0088,2026-05-05 21:54:56.646725,dashboard_query,Machine Learning,304
EVT-0088-0027,CUST-0088,2026-03-22 07:23:00.460276,ai_model_run,Data Warehousing,329
EVT-0088-0028,CUST-0088,2026-04-03 02:58:45.566336,dashboard_query,Data Engineering,189
EVT-0088-0029,CUST-0088,2026-02-27 08:08:20.315489,ai_model_run,Analytics,435
EVT-0088-0030,CUST-0088,2026-03-07 04:46:25.586864,login,Data Warehousing,220
EVT-0088-0031,CUST-0088,2026-03-23 18:10:35.488268,data_ingestion,Machine Learning,490
EVT-0088-0032,CUST-0088,2026-05-10 03:59:20.107212,login,Data Engineering,172
EVT-0088-0033,CUST-0088,2026-03-10 08:04:38.970931,ai_model_run,AI Workloads,181
EVT-0088-0034,CUST-0088,2026-04-10 21:11:45.088866,ai_model_run,Data Engineering,361
EVT-0088-0035,CUST-0088,2026-04-29 18:33:26.976766,data_ingestion,Data Warehousing,164
EVT-0088-0036,CUST-0088,2026-02-16 06:25:43.371390,pipeline_execution,AI Workloads,27
EVT-0088-0037,CUST-0088,2026-04-14 15:12:26.314199,ai_model_run,Data Warehousing,490
EVT-0088-0038,CUST-0088,2026-05-07 03:34:43.458368,data_ingestion,Data Engineering,200
EVT-0088-0039,CUST-0088,2026-03-05 10:32:28.804176,login,Data Engineering,147
EVT-0088-0040,CUST-0088,2026-04-18 12:11:38.615584,login,Data Warehousing,194
EVT-0088-0041,CUST-0088,2026-02-14 08:40:08.793070,pipeline_execution,Analytics,418
EVT-0088-0042,CUST-0088,2026-05-10 22:38:31.070523,dashboard_query,AI Workloads,63
EVT-0088-0043,CUST-0088,2026-02-14 23:09:56.870495,ai_model_run,Data Warehousing,274
EVT-0088-0044,CUST-0088,2026-05-03 06:07:08.452161,data_ingestion,Analytics,302
EVT-0088-0045,CUST-0088,2026-03-18 14:49:47.622206,dashboard_query,Data Warehousing,159
EVT-0088-0046,CUST-0088,2026-03-11 02:16:58.034559,dashboard_query,Data Engineering,444
EVT-0088-0047,CUST-0088,2026-03-14 03:47:16.771044,pipeline_execution,Analytics,227
EVT-0088-0048,CUST-0088,2026-05-10 14:22:59.900548,ai_model_run,Data Warehousing,484
EVT-0088-0049,CUST-0088,2026-04-01 05:11:11.158525,login,Analytics,272
EVT-0088-0050,CUST-0088,2026-03-23 13:36:09.073732,login,AI Workloads,65
EVT-0088-0051,CUST-0088,2026-04-23 08:22:19.999300,ai_model_run,Data Engineering,440
EVT-0088-0052,CUST-0088,2026-03-20 14:27:54.088067,dashboard_query,Machine Learning,22
EVT-0088-0053,CUST-0088,2026-03-05 10:24:35.056025,pipeline_execution,AI Workloads,294
EVT-0088-0054,CUST-0088,2026-02-14 17:06:56.728369,login,Data Engineering,286
EVT-0088-0055,CUST-0088,2026-04-17 04:57:07.576595,pipeline_execution,Analytics,268
EVT-0088-0056,CUST-0088,2026-04-09 17:06:12.381901,data_ingestion,Data Warehousing,387
EVT-0088-0057,CUST-0088,2026-02-16 07:47:59.687005,login,Data Warehousing,403
EVT-0088-0058,CUST-0088,2026-02-22 23:17:20.228357,dashboard_query,Analytics,62
EVT-0088-0059,CUST-0088,2026-03-04 19:23:28.020947,pipeline_execution,AI Workloads,298
EVT-0088-0060,CUST-0088,2026-02-21 09:17:57.312631,pipeline_execution,Analytics,486
EVT-0088-0061,CUST-0088,2026-03-31 17:37:19.478235,pipeline_execution,Analytics,255
EVT-0088-0062,CUST-0088,2026-04-07 17:32:28.669802,login,Data Warehousing,179
EVT-0088-0063,CUST-0088,2026-04-19 23:21:09.883754,login,Machine Learning,10
EVT-0088-0064,CUST-0088,2026-04-23 00:04:28.883549,pipeline_execution,AI Workloads,255
EVT-0088-0065,CUST-0088,2026-03-17 13:33:17.733862,dashboard_query,Data Warehousing,9
EVT-0088-0066,CUST-0088,2026-04-16 22:04:18.735979,data_ingestion,Analytics,492
EVT-0088-0067,CUST-0088,2026-02-11 14:08:50.259859,login,Analytics,450
EVT-0088-0068,CUST-0088,2026-03-27 09:12:59.425136,dashboard_query,AI Workloads,208
EVT-0088-0069,CUST-0088,2026-03-02 20:51:03.476604,dashboard_query,AI Workloads,417
EVT-0088-0070,CUST-0088,2026-02-16 07:15:52.903882,data_ingestion,Data Warehousing,150
EVT-0088-0071,CUST-0088,2026-04-20 05:46:55.847822,data_ingestion,Data Engineering,432
EVT-0088-0072,CUST-0088,2026-05-08 16:45:38.126311,dashboard_query,Data Warehousing,444
EVT-0088-0073,CUST-0088,2026-02-24 03:36:47.652554,data_ingestion,Analytics,341
EVT-0088-0074,CUST-0088,2026-04-16 16:06:26.683987,ai_model_run,AI Workloads,187
EVT-0088-0075,CUST-0088,2026-03-12 20:58:13.976617,login,AI Workloads,302
EVT-0088-0076,CUST-0088,2026-04-22 15:18:02.773307,data_ingestion,Analytics,110
EVT-0088-0077,CUST-0088,2026-02-20 05:02:28.787725,dashboard_query,Data Warehousing,464
EVT-0088-0078,CUST-0088,2026-05-06 12:09:37.114104,login,Analytics,347
EVT-0088-0079,CUST-0088,2026-03-21 12:00:32.402722,login,Data Engineering,463
EVT-0088-0080,CUST-0088,2026-02-18 07:03:24.789922,login,AI Workloads,335
EVT-0088-0081,CUST-0088,2026-03-08 04:34:18.258577,data_ingestion,Machine Learning,393
EVT-0088-0082,CUST-0088,2026-03-16 23:19:50.655665,ai_model_run,AI Workloads,250
EVT-0088-0083,CUST-0088,2026-04-29 16:06:49.985424,data_ingestion,AI Workloads,361
EVT-0088-0084,CUST-0088,2026-03-26 16:45:16.156162,login,Data Engineering,156
EVT-0088-0085,CUST-0088,2026-04-06 17:42:26.001449,pipeline_execution,Data Warehousing,310
EVT-0088-0086,CUST-0088,2026-05-03 07:05:29.969300,data_ingestion,Machine Learning,429
EVT-0088-0087,CUST-0088,2026-02-15 23:30:25.674330,pipeline_execution,Data Warehousing,245
EVT-0088-0088,CUST-0088,2026-03-30 18:04:34.195956,dashboard_query,Data Warehousing,5
EVT-0088-0089,CUST-0088,2026-03-19 05:32:40.655123,login,Data Warehousing,330
EVT-0088-0090,CUST-0088,2026-03-12 18:33:55.593784,login,Machine Learning,90
EVT-0088-0091,CUST-0088,2026-04-19 18:42:48.951005,data_ingestion,AI Workloads,494
EVT-0088-0092,CUST-0088,2026-02-16 01:52:13.932648,login,Analytics,365
EVT-0088-0093,CUST-0088,2026-03-31 12:48:14.615967,login,Data Engineering,411
EVT-0088-0094,CUST-0088,2026-03-01 03:17:27.088135,ai_model_run,Data Engineering,316
EVT-0088-0095,CUST-0088,2026-04-02 19:02:41.838587,ai_model_run,AI Workloads,432
EVT-0088-0096,CUST-0088,2026-04-18 05:04:44.946259,login,Machine Learning,428
EVT-0088-0097,CUST-0088,2026-03-06 06:35:03.805360,pipeline_execution,AI Workloads,131
EVT-0088-0098,CUST-0088,2026-04-01 04:13:02.977739,data_ingestion,AI Workloads,7
EVT-0088-0099,CUST-0088,2026-03-15 06:55:59.833060,login,Analytics,42
EVT-0089-0000,CUST-0089,2026-03-27 04:42:40.803294,data_ingestion,Data Engineering,39
EVT-0089-0001,CUST-0089,2026-02-13 23:54:30.590124,data_ingestion,Data Warehousing,476
EVT-0089-0002,CUST-0089,2026-04-23 05:41:11.893305,pipeline_execution,Analytics,436
EVT-0089-0003,CUST-0089,2026-05-09 23:54:33.525487,login,Data Warehousing,265
EVT-0089-0004,CUST-0089,2026-05-03 06:12:26.518403,dashboard_query,AI Workloads,112
EVT-0089-0005,CUST-0089,2026-02-19 14:39:38.412712,data_ingestion,Machine Learning,311
EVT-0089-0006,CUST-0089,2026-03-13 11:54:56.220332,data_ingestion,Machine Learning,457
EVT-0089-0007,CUST-0089,2026-03-12 20:23:26.517030,pipeline_execution,Analytics,125
EVT-0089-0008,CUST-0089,2026-02-23 10:22:48.391417,dashboard_query,Machine Learning,227
EVT-0089-0009,CUST-0089,2026-03-22 00:13:18.127704,data_ingestion,Machine Learning,10
EVT-0089-0010,CUST-0089,2026-03-04 22:16:34.259374,data_ingestion,Analytics,180
EVT-0089-0011,CUST-0089,2026-04-18 08:03:21.524124,login,Machine Learning,320
EVT-0089-0012,CUST-0089,2026-02-12 21:46:13.024427,login,Data Warehousing,262
EVT-0089-0013,CUST-0089,2026-03-22 06:39:08.177528,dashboard_query,Analytics,471
EVT-0089-0014,CUST-0089,2026-04-14 01:36:23.425395,data_ingestion,Machine Learning,240
EVT-0089-0015,CUST-0089,2026-02-26 13:28:48.911617,dashboard_query,Machine Learning,437
EVT-0089-0016,CUST-0089,2026-04-01 21:34:59.426254,pipeline_execution,Data Engineering,170
EVT-0089-0017,CUST-0089,2026-04-16 04:34:57.294940,login,AI Workloads,207
EVT-0089-0018,CUST-0089,2026-05-02 06:50:22.399533,dashboard_query,AI Workloads,441
EVT-0089-0019,CUST-0089,2026-04-29 15:14:00.699168,ai_model_run,Data Warehousing,327
EVT-0089-0020,CUST-0089,2026-05-01 00:43:29.706540,data_ingestion,Machine Learning,130
EVT-0089-0021,CUST-0089,2026-04-17 22:40:23.875985,pipeline_execution,AI Workloads,408
EVT-0089-0022,CUST-0089,2026-02-12 15:38:45.748047,login,AI Workloads,492
EVT-0089-0023,CUST-0089,2026-05-05 23:32:38.042493,pipeline_execution,Machine Learning,16
EVT-0089-0024,CUST-0089,2026-03-09 16:01:52.482897,dashboard_query,Data Engineering,312
EVT-0089-0025,CUST-0089,2026-02-23 17:47:39.298645,dashboard_query,Machine Learning,148
EVT-0089-0026,CUST-0089,2026-04-25 08:50:54.460346,pipeline_execution,Machine Learning,267
EVT-0089-0027,CUST-0089,2026-04-04 07:23:48.053885,dashboard_query,Machine Learning,244
EVT-0089-0028,CUST-0089,2026-02-22 01:37:47.575515,dashboard_query,Machine Learning,425
EVT-0089-0029,CUST-0089,2026-05-02 19:12:21.358196,pipeline_execution,Data Engineering,266
EVT-0089-0030,CUST-0089,2026-04-25 05:56:48.531109,login,Analytics,141
EVT-0089-0031,CUST-0089,2026-04-08 14:48:58.837233,ai_model_run,Data Engineering,369
EVT-0089-0032,CUST-0089,2026-04-24 19:59:40.871042,ai_model_run,Analytics,467
EVT-0089-0033,CUST-0089,2026-04-02 21:16:19.844075,dashboard_query,AI Workloads,91
EVT-0089-0034,CUST-0089,2026-05-10 01:04:12.747502,login,Data Engineering,394
EVT-0089-0035,CUST-0089,2026-04-04 20:17:58.299582,ai_model_run,Data Warehousing,390
EVT-0089-0036,CUST-0089,2026-04-29 11:37:55.733605,dashboard_query,Analytics,43
EVT-0089-0037,CUST-0089,2026-03-23 22:49:56.588150,ai_model_run,Data Engineering,385
EVT-0089-0038,CUST-0089,2026-05-06 17:19:50.516277,ai_model_run,Data Warehousing,385
EVT-0089-0039,CUST-0089,2026-03-28 04:25:38.739809,pipeline_execution,AI Workloads,407
EVT-0089-0040,CUST-0089,2026-02-15 09:08:33.804071,data_ingestion,Data Warehousing,146
EVT-0089-0041,CUST-0089,2026-04-14 01:17:42.923008,dashboard_query,Data Engineering,121
EVT-0089-0042,CUST-0089,2026-04-09 11:49:00.852747,ai_model_run,AI Workloads,394
EVT-0089-0043,CUST-0089,2026-02-12 03:33:02.382931,ai_model_run,Machine Learning,197
EVT-0089-0044,CUST-0089,2026-05-10 11:49:46.664065,ai_model_run,AI Workloads,115
EVT-0089-0045,CUST-0089,2026-02-15 15:58:17.761050,data_ingestion,Data Engineering,151
EVT-0089-0046,CUST-0089,2026-05-08 22:40:45.496000,ai_model_run,Analytics,159
EVT-0089-0047,CUST-0089,2026-03-31 15:38:38.999842,data_ingestion,AI Workloads,26
EVT-0089-0048,CUST-0089,2026-04-03 01:44:57.494933,ai_model_run,Data Warehousing,133
EVT-0089-0049,CUST-0089,2026-04-03 03:23:40.021218,ai_model_run,Data Warehousing,123
EVT-0089-0050,CUST-0089,2026-02-19 08:07:30.111639,ai_model_run,Machine Learning,438
EVT-0089-0051,CUST-0089,2026-03-06 06:09:40.018988,data_ingestion,Analytics,428
EVT-0089-0052,CUST-0089,2026-04-07 11:23:17.443286,data_ingestion,Machine Learning,119
EVT-0089-0053,CUST-0089,2026-03-01 21:58:30.440710,data_ingestion,Data Engineering,324
EVT-0089-0054,CUST-0089,2026-05-03 05:34:56.834012,login,Data Engineering,452
EVT-0089-0055,CUST-0089,2026-03-13 15:58:54.423174,dashboard_query,Data Engineering,298
EVT-0089-0056,CUST-0089,2026-05-02 17:48:02.649061,data_ingestion,Machine Learning,456
EVT-0089-0057,CUST-0089,2026-02-27 20:48:52.081054,data_ingestion,Data Engineering,134
EVT-0089-0058,CUST-0089,2026-04-06 05:47:57.309910,data_ingestion,AI Workloads,379
EVT-0089-0059,CUST-0089,2026-02-14 21:21:08.853494,login,Data Warehousing,106
EVT-0089-0060,CUST-0089,2026-02-19 07:01:33.025450,dashboard_query,Analytics,214
EVT-0089-0061,CUST-0089,2026-02-21 20:34:11.634090,dashboard_query,Analytics,212
EVT-0089-0062,CUST-0089,2026-05-06 02:46:48.385968,data_ingestion,AI Workloads,235
EVT-0089-0063,CUST-0089,2026-03-29 14:35:26.616524,data_ingestion,Data Warehousing,500
EVT-0089-0064,CUST-0089,2026-05-11 17:55:53.136633,dashboard_query,Analytics,426
EVT-0089-0065,CUST-0089,2026-03-31 17:40:58.306475,ai_model_run,Machine Learning,8
EVT-0089-0066,CUST-0089,2026-04-21 02:45:59.835268,ai_model_run,Data Engineering,263
EVT-0089-0067,CUST-0089,2026-05-08 22:57:28.039471,pipeline_execution,Data Engineering,30
EVT-0089-0068,CUST-0089,2026-04-27 23:48:00.069416,dashboard_query,Machine Learning,307
EVT-0089-0069,CUST-0089,2026-04-15 18:55:14.088228,login,AI Workloads,475
EVT-0089-0070,CUST-0089,2026-03-13 17:56:21.614122,ai_model_run,AI Workloads,460
EVT-0089-0071,CUST-0089,2026-03-29 17:30:19.285691,pipeline_execution,Data Warehousing,354
EVT-0089-0072,CUST-0089,2026-04-01 17:11:53.250455,login,AI Workloads,169
EVT-0089-0073,CUST-0089,2026-03-11 15:08:54.532503,login,AI Workloads,484
EVT-0089-0074,CUST-0089,2026-03-02 13:28:58.356011,pipeline_execution,AI Workloads,122
EVT-0089-0075,CUST-0089,2026-04-29 01:46:09.574466,dashboard_query,AI Workloads,490
EVT-0089-0076,CUST-0089,2026-02-20 15:27:39.795412,pipeline_execution,Data Warehousing,400
EVT-0089-0077,CUST-0089,2026-03-05 01:49:26.740613,login,Data Warehousing,149
EVT-0089-0078,CUST-0089,2026-04-18 09:34:42.842815,data_ingestion,Machine Learning,378
EVT-0089-0079,CUST-0089,2026-04-02 20:58:27.284714,pipeline_execution,Data Engineering,347
EVT-0089-0080,CUST-0089,2026-02-28 17:15:42.507724,dashboard_query,Data Warehousing,128
EVT-0089-0081,CUST-0089,2026-03-09 18:19:39.562020,pipeline_execution,Machine Learning,131
EVT-0089-0082,CUST-0089,2026-04-18 14:45:24.064844,data_ingestion,Data Engineering,419
EVT-0090-0000,CUST-0090,2026-03-09 06:37:56.294488,pipeline_execution,Data Engineering,201
EVT-0090-0001,CUST-0090,2026-03-07 19:24:01.902153,ai_model_run,Data Warehousing,355
EVT-0090-0002,CUST-0090,2026-03-19 05:01:51.341066,data_ingestion,Machine Learning,104
EVT-0090-0003,CUST-0090,2026-04-15 02:50:19.822140,ai_model_run,Machine Learning,101
EVT-0090-0004,CUST-0090,2026-04-25 17:40:04.889393,data_ingestion,Data Engineering,250
EVT-0090-0005,CUST-0090,2026-04-01 19:53:48.584545,data_ingestion,Data Engineering,85
EVT-0090-0006,CUST-0090,2026-04-02 17:43:42.463375,login,Data Engineering,173
EVT-0090-0007,CUST-0090,2026-02-28 22:16:58.217730,data_ingestion,Data Engineering,459
EVT-0090-0008,CUST-0090,2026-02-15 01:50:20.493723,ai_model_run,AI Workloads,104
EVT-0090-0009,CUST-0090,2026-03-21 11:08:17.178757,pipeline_execution,Data Engineering,108
EVT-0090-0010,CUST-0090,2026-02-25 09:33:44.204962,data_ingestion,Analytics,195
EVT-0090-0011,CUST-0090,2026-03-11 07:04:57.832082,login,AI Workloads,348
EVT-0090-0012,CUST-0090,2026-03-26 07:43:14.670137,pipeline_execution,Analytics,313
EVT-0090-0013,CUST-0090,2026-03-11 08:35:38.336036,ai_model_run,Data Warehousing,120
EVT-0090-0014,CUST-0090,2026-05-03 20:59:36.469440,dashboard_query,AI Workloads,439
EVT-0090-0015,CUST-0090,2026-04-14 16:46:35.137808,pipeline_execution,AI Workloads,111
EVT-0090-0016,CUST-0090,2026-04-22 09:10:56.112266,dashboard_query,Data Warehousing,211
EVT-0090-0017,CUST-0090,2026-04-18 23:33:23.197513,login,Data Engineering,139
EVT-0090-0018,CUST-0090,2026-04-26 02:14:21.806499,pipeline_execution,Machine Learning,444
EVT-0090-0019,CUST-0090,2026-02-26 02:30:27.015274,pipeline_execution,Data Engineering,180
EVT-0090-0020,CUST-0090,2026-02-11 22:35:53.033458,data_ingestion,Data Engineering,469
EVT-0090-0021,CUST-0090,2026-02-14 20:53:06.005394,data_ingestion,Data Warehousing,304
EVT-0090-0022,CUST-0090,2026-02-21 12:14:09.612197,dashboard_query,Data Engineering,243
EVT-0090-0023,CUST-0090,2026-02-13 23:36:16.446451,ai_model_run,Data Warehousing,283
EVT-0090-0024,CUST-0090,2026-03-07 14:27:34.385756,pipeline_execution,Data Warehousing,442
EVT-0090-0025,CUST-0090,2026-02-11 16:00:55.045756,dashboard_query,Analytics,268
EVT-0090-0026,CUST-0090,2026-04-01 18:35:52.121182,pipeline_execution,Data Warehousing,267
EVT-0090-0027,CUST-0090,2026-02-27 10:27:00.167477,login,Machine Learning,184
EVT-0090-0028,CUST-0090,2026-04-23 09:29:16.188840,ai_model_run,Machine Learning,248
EVT-0090-0029,CUST-0090,2026-02-24 09:20:28.809145,dashboard_query,Data Engineering,460
EVT-0090-0030,CUST-0090,2026-04-02 09:53:41.767796,ai_model_run,AI Workloads,7
EVT-0090-0031,CUST-0090,2026-03-05 20:31:25.614331,login,Analytics,23
EVT-0090-0032,CUST-0090,2026-02-20 01:22:03.095375,pipeline_execution,Machine Learning,379
EVT-0090-0033,CUST-0090,2026-05-11 11:03:00.389656,pipeline_execution,Analytics,353
EVT-0090-0034,CUST-0090,2026-04-18 11:29:55.248483,pipeline_execution,AI Workloads,321
EVT-0090-0035,CUST-0090,2026-03-24 13:33:39.375085,ai_model_run,Machine Learning,210
EVT-0090-0036,CUST-0090,2026-03-11 11:44:52.918776,login,Data Engineering,199
EVT-0090-0037,CUST-0090,2026-04-14 05:27:23.763305,ai_model_run,Data Warehousing,131
EVT-0090-0038,CUST-0090,2026-04-29 19:55:59.819888,data_ingestion,Analytics,435
EVT-0090-0039,CUST-0090,2026-03-21 18:23:01.790405,pipeline_execution,Machine Learning,214
EVT-0090-0040,CUST-0090,2026-03-07 04:00:07.472790,data_ingestion,Machine Learning,466
EVT-0090-0041,CUST-0090,2026-04-28 01:23:02.555593,dashboard_query,Data Engineering,200
EVT-0090-0042,CUST-0090,2026-05-07 01:18:36.696919,data_ingestion,Analytics,221
EVT-0090-0043,CUST-0090,2026-03-30 01:55:10.445550,dashboard_query,Data Engineering,36
EVT-0090-0044,CUST-0090,2026-02-27 08:06:12.277719,dashboard_query,Data Engineering,392
EVT-0090-0045,CUST-0090,2026-04-16 14:44:47.506682,login,Analytics,107
EVT-0090-0046,CUST-0090,2026-03-25 11:31:57.479249,data_ingestion,Analytics,493
EVT-0090-0047,CUST-0090,2026-04-07 12:45:19.527719,dashboard_query,AI Workloads,450
EVT-0090-0048,CUST-0090,2026-05-09 19:13:21.327314,pipeline_execution,Analytics,249
EVT-0090-0049,CUST-0090,2026-04-30 15:30:36.387185,ai_model_run,Machine Learning,297
EVT-0090-0050,CUST-0090,2026-04-28 20:07:48.569220,login,AI Workloads,57
EVT-0090-0051,CUST-0090,2026-04-11 20:31:51.007029,login,Analytics,195
EVT-0090-0052,CUST-0090,2026-04-22 13:12:18.660051,pipeline_execution,Analytics,70
EVT-0090-0053,CUST-0090,2026-03-06 06:49:42.559792,data_ingestion,Data Warehousing,382
EVT-0090-0054,CUST-0090,2026-05-07 17:20:26.176479,data_ingestion,Machine Learning,311
EVT-0090-0055,CUST-0090,2026-03-28 13:34:19.093380,pipeline_execution,Machine Learning,355
EVT-0090-0056,CUST-0090,2026-05-08 03:54:50.260194,login,Data Warehousing,321
EVT-0091-0000,CUST-0091,2026-03-23 08:55:36.768866,dashboard_query,Data Engineering,152
EVT-0091-0001,CUST-0091,2026-04-01 05:39:34.800691,dashboard_query,Data Engineering,377
EVT-0091-0002,CUST-0091,2026-05-05 09:06:46.469843,data_ingestion,AI Workloads,244
EVT-0091-0003,CUST-0091,2026-05-10 19:36:14.271093,ai_model_run,Data Engineering,250
EVT-0091-0004,CUST-0091,2026-04-06 19:58:54.535322,data_ingestion,AI Workloads,377
EVT-0091-0005,CUST-0091,2026-03-23 04:50:55.044365,pipeline_execution,Data Engineering,129
EVT-0091-0006,CUST-0091,2026-03-15 18:40:39.484478,ai_model_run,Data Engineering,3
EVT-0091-0007,CUST-0091,2026-04-06 15:24:48.817717,data_ingestion,AI Workloads,401
EVT-0091-0008,CUST-0091,2026-05-04 15:10:17.946992,login,Data Warehousing,88
EVT-0091-0009,CUST-0091,2026-04-21 13:06:05.150954,dashboard_query,Machine Learning,382
EVT-0091-0010,CUST-0091,2026-02-14 04:59:41.050170,login,Machine Learning,300
EVT-0091-0011,CUST-0091,2026-04-07 10:22:47.461980,ai_model_run,Data Engineering,45
EVT-0091-0012,CUST-0091,2026-02-14 22:00:00.220758,login,Data Engineering,20
EVT-0091-0013,CUST-0091,2026-05-06 22:38:13.514021,login,Machine Learning,352
EVT-0091-0014,CUST-0091,2026-05-09 23:08:16.394071,data_ingestion,AI Workloads,85
EVT-0091-0015,CUST-0091,2026-03-30 07:53:22.465649,dashboard_query,Machine Learning,35
EVT-0091-0016,CUST-0091,2026-03-08 15:56:24.249622,data_ingestion,Data Engineering,84
EVT-0091-0017,CUST-0091,2026-03-05 19:36:16.980960,data_ingestion,AI Workloads,445
EVT-0091-0018,CUST-0091,2026-04-27 23:19:06.733793,ai_model_run,Machine Learning,274
EVT-0091-0019,CUST-0091,2026-03-13 16:02:05.553817,data_ingestion,AI Workloads,472
EVT-0091-0020,CUST-0091,2026-03-11 01:26:03.865299,pipeline_execution,Data Engineering,90
EVT-0091-0021,CUST-0091,2026-04-07 23:47:35.034629,ai_model_run,Analytics,438
EVT-0091-0022,CUST-0091,2026-04-27 11:52:42.230540,data_ingestion,Machine Learning,96
EVT-0091-0023,CUST-0091,2026-02-20 18:01:50.721557,ai_model_run,Machine Learning,52
EVT-0091-0024,CUST-0091,2026-04-29 22:50:18.385533,data_ingestion,Analytics,177
EVT-0091-0025,CUST-0091,2026-03-20 21:58:37.318832,pipeline_execution,AI Workloads,419
EVT-0091-0026,CUST-0091,2026-03-01 13:44:26.022688,login,Data Engineering,462
EVT-0091-0027,CUST-0091,2026-04-02 10:58:30.044291,dashboard_query,Data Engineering,14
EVT-0091-0028,CUST-0091,2026-04-09 11:14:49.303172,ai_model_run,Data Engineering,34
EVT-0091-0029,CUST-0091,2026-04-25 14:45:40.542856,ai_model_run,Data Warehousing,500
EVT-0091-0030,CUST-0091,2026-02-15 05:24:32.818778,dashboard_query,Data Engineering,82
EVT-0091-0031,CUST-0091,2026-05-04 16:34:36.562612,ai_model_run,Data Warehousing,241
EVT-0091-0032,CUST-0091,2026-04-15 15:23:07.009770,login,Data Warehousing,364
EVT-0091-0033,CUST-0091,2026-05-08 10:02:39.194642,dashboard_query,Data Engineering,250
EVT-0091-0034,CUST-0091,2026-03-06 10:23:59.239725,ai_model_run,Data Warehousing,65
EVT-0091-0035,CUST-0091,2026-03-07 01:23:58.873455,data_ingestion,Machine Learning,262
EVT-0091-0036,CUST-0091,2026-03-02 08:30:44.461955,data_ingestion,Analytics,68
EVT-0091-0037,CUST-0091,2026-05-04 01:39:12.940060,ai_model_run,Data Warehousing,161
EVT-0091-0038,CUST-0091,2026-02-13 09:14:17.047462,data_ingestion,Data Warehousing,350
EVT-0091-0039,CUST-0091,2026-04-16 22:51:19.022714,login,Data Warehousing,11
EVT-0091-0040,CUST-0091,2026-02-19 00:02:56.233231,ai_model_run,Analytics,407
EVT-0091-0041,CUST-0091,2026-05-04 02:14:17.081076,data_ingestion,Analytics,77
EVT-0091-0042,CUST-0091,2026-03-24 12:04:10.988092,pipeline_execution,Data Engineering,355
EVT-0091-0043,CUST-0091,2026-03-12 19:12:00.234355,pipeline_execution,AI Workloads,391
EVT-0091-0044,CUST-0091,2026-04-17 22:20:29.649076,data_ingestion,Machine Learning,431
EVT-0091-0045,CUST-0091,2026-03-29 21:46:48.064024,data_ingestion,Data Engineering,75
EVT-0091-0046,CUST-0091,2026-02-22 06:19:49.061209,login,Data Warehousing,169
EVT-0091-0047,CUST-0091,2026-04-17 15:58:24.073220,pipeline_execution,Data Warehousing,417
EVT-0091-0048,CUST-0091,2026-05-04 22:07:14.655469,ai_model_run,AI Workloads,315
EVT-0091-0049,CUST-0091,2026-02-17 05:14:15.854801,dashboard_query,Data Warehousing,496
EVT-0091-0050,CUST-0091,2026-05-10 09:28:10.955994,dashboard_query,Machine Learning,13
EVT-0091-0051,CUST-0091,2026-03-20 03:45:04.365849,pipeline_execution,Machine Learning,37
EVT-0091-0052,CUST-0091,2026-03-14 18:00:20.202780,pipeline_execution,Data Warehousing,236
EVT-0091-0053,CUST-0091,2026-03-26 02:21:54.347564,pipeline_execution,Data Engineering,298
EVT-0091-0054,CUST-0091,2026-04-26 04:56:43.394663,data_ingestion,Data Engineering,213
EVT-0091-0055,CUST-0091,2026-04-24 09:17:01.488410,pipeline_execution,Data Warehousing,199
EVT-0091-0056,CUST-0091,2026-03-16 23:37:05.243300,login,AI Workloads,401
EVT-0091-0057,CUST-0091,2026-03-21 15:50:49.966982,ai_model_run,Analytics,188
EVT-0091-0058,CUST-0091,2026-02-22 11:21:48.941794,data_ingestion,Data Warehousing,260
EVT-0091-0059,CUST-0091,2026-02-17 02:05:05.223786,login,Machine Learning,68
EVT-0091-0060,CUST-0091,2026-04-21 13:48:14.331513,ai_model_run,Analytics,396
EVT-0092-0000,CUST-0092,2026-04-03 03:40:20.046293,ai_model_run,Data Warehousing,162
EVT-0092-0001,CUST-0092,2026-03-05 20:35:11.898102,dashboard_query,Data Engineering,363
EVT-0092-0002,CUST-0092,2026-02-22 02:34:55.267431,dashboard_query,Data Engineering,42
EVT-0092-0003,CUST-0092,2026-05-05 12:44:55.221568,login,Data Warehousing,279
EVT-0092-0004,CUST-0092,2026-04-15 14:50:18.992840,login,Analytics,488
EVT-0092-0005,CUST-0092,2026-04-17 18:03:45.325126,login,Data Engineering,482
EVT-0092-0006,CUST-0092,2026-03-20 23:38:50.622587,dashboard_query,AI Workloads,265
EVT-0092-0007,CUST-0092,2026-05-03 21:21:51.193605,pipeline_execution,Data Engineering,204
EVT-0092-0008,CUST-0092,2026-03-12 16:01:08.704206,dashboard_query,AI Workloads,31
EVT-0092-0009,CUST-0092,2026-04-25 04:32:56.529639,dashboard_query,Data Engineering,286
EVT-0092-0010,CUST-0092,2026-03-17 10:31:26.365853,pipeline_execution,Analytics,179
EVT-0092-0011,CUST-0092,2026-05-02 06:11:17.610383,pipeline_execution,Analytics,11
EVT-0092-0012,CUST-0092,2026-04-25 10:12:03.889989,pipeline_execution,AI Workloads,450
EVT-0092-0013,CUST-0092,2026-03-28 03:00:21.248921,data_ingestion,Data Engineering,404
EVT-0092-0014,CUST-0092,2026-03-30 04:51:33.527709,ai_model_run,AI Workloads,497
EVT-0092-0015,CUST-0092,2026-03-22 14:34:28.630745,pipeline_execution,Data Warehousing,82
EVT-0092-0016,CUST-0092,2026-02-22 21:52:40.916436,data_ingestion,Data Engineering,227
EVT-0092-0017,CUST-0092,2026-03-02 12:15:33.845898,pipeline_execution,Data Engineering,129
EVT-0092-0018,CUST-0092,2026-04-03 12:45:15.325454,data_ingestion,Data Warehousing,67
EVT-0092-0019,CUST-0092,2026-04-29 04:26:59.306844,data_ingestion,Analytics,98
EVT-0092-0020,CUST-0092,2026-02-22 19:23:33.202239,login,Data Warehousing,292
EVT-0092-0021,CUST-0092,2026-02-14 10:39:41.481986,login,Machine Learning,203
EVT-0092-0022,CUST-0092,2026-02-19 12:20:04.293718,dashboard_query,Data Engineering,229
EVT-0092-0023,CUST-0092,2026-04-27 21:33:16.001780,dashboard_query,Data Engineering,87
EVT-0092-0024,CUST-0092,2026-03-06 11:07:57.631190,pipeline_execution,Data Warehousing,414
EVT-0092-0025,CUST-0092,2026-04-29 08:34:15.730607,login,Machine Learning,471
EVT-0092-0026,CUST-0092,2026-05-06 13:00:47.089957,dashboard_query,Data Warehousing,165
EVT-0092-0027,CUST-0092,2026-03-13 04:18:09.089112,pipeline_execution,AI Workloads,160
EVT-0092-0028,CUST-0092,2026-04-10 04:33:24.581481,ai_model_run,Data Engineering,433
EVT-0092-0029,CUST-0092,2026-03-12 14:38:16.629030,login,Analytics,482
EVT-0092-0030,CUST-0092,2026-03-09 05:19:28.382648,pipeline_execution,AI Workloads,192
EVT-0092-0031,CUST-0092,2026-04-24 22:53:26.392858,dashboard_query,AI Workloads,186
EVT-0092-0032,CUST-0092,2026-03-27 07:35:19.365401,data_ingestion,Machine Learning,58
EVT-0092-0033,CUST-0092,2026-03-03 20:53:28.343287,data_ingestion,Analytics,95
EVT-0092-0034,CUST-0092,2026-04-27 01:50:48.761791,login,Data Warehousing,209
EVT-0092-0035,CUST-0092,2026-02-15 23:53:48.290470,ai_model_run,Data Warehousing,88
EVT-0092-0036,CUST-0092,2026-03-11 13:55:37.610265,data_ingestion,Data Warehousing,262
EVT-0092-0037,CUST-0092,2026-03-30 02:34:24.900351,ai_model_run,Data Warehousing,282
EVT-0092-0038,CUST-0092,2026-05-04 03:16:33.627384,ai_model_run,Data Warehousing,115
EVT-0092-0039,CUST-0092,2026-03-10 15:39:10.594136,ai_model_run,Machine Learning,52
EVT-0092-0040,CUST-0092,2026-05-08 14:09:28.130815,pipeline_execution,Machine Learning,76
EVT-0092-0041,CUST-0092,2026-05-05 04:21:57.102871,dashboard_query,Data Warehousing,99
EVT-0092-0042,CUST-0092,2026-03-17 09:10:05.232305,login,Data Engineering,16
EVT-0092-0043,CUST-0092,2026-03-23 14:46:08.911747,ai_model_run,Data Engineering,313
EVT-0092-0044,CUST-0092,2026-04-03 11:45:16.979215,data_ingestion,Machine Learning,371
EVT-0092-0045,CUST-0092,2026-02-20 09:38:50.111308,ai_model_run,Analytics,85
EVT-0092-0046,CUST-0092,2026-04-26 11:22:51.795681,data_ingestion,Data Engineering,431
EVT-0092-0047,CUST-0092,2026-04-25 03:02:03.933129,pipeline_execution,Machine Learning,399
EVT-0092-0048,CUST-0092,2026-04-23 01:54:08.833822,data_ingestion,Data Engineering,316
EVT-0092-0049,CUST-0092,2026-03-19 13:29:45.946270,login,Analytics,42
EVT-0092-0050,CUST-0092,2026-04-10 01:32:46.513338,dashboard_query,Machine Learning,254
EVT-0092-0051,CUST-0092,2026-02-23 18:32:31.367635,ai_model_run,AI Workloads,190
EVT-0092-0052,CUST-0092,2026-03-24 04:16:27.622609,ai_model_run,Data Warehousing,36
EVT-0092-0053,CUST-0092,2026-04-10 19:10:21.220564,dashboard_query,Analytics,119
EVT-0092-0054,CUST-0092,2026-02-14 21:51:38.624333,ai_model_run,Data Warehousing,435
EVT-0092-0055,CUST-0092,2026-04-26 12:58:51.056266,pipeline_execution,Data Warehousing,6
EVT-0092-0056,CUST-0092,2026-04-05 03:00:04.118413,dashboard_query,Data Warehousing,50
EVT-0092-0057,CUST-0092,2026-03-27 03:37:25.989530,ai_model_run,Data Engineering,76
EVT-0092-0058,CUST-0092,2026-03-28 07:09:49.862656,ai_model_run,Machine Learning,369
EVT-0092-0059,CUST-0092,2026-02-24 19:41:52.643912,pipeline_execution,Machine Learning,74
EVT-0092-0060,CUST-0092,2026-02-18 22:19:17.162680,pipeline_execution,AI Workloads,148
EVT-0092-0061,CUST-0092,2026-04-29 03:06:37.840691,ai_model_run,Data Engineering,467
EVT-0092-0062,CUST-0092,2026-02-16 17:40:53.079111,ai_model_run,Analytics,120
EVT-0092-0063,CUST-0092,2026-03-06 00:57:37.440575,pipeline_execution,Data Warehousing,453
EVT-0092-0064,CUST-0092,2026-03-06 03:49:53.366940,ai_model_run,Analytics,160
EVT-0092-0065,CUST-0092,2026-03-05 18:31:41.993675,data_ingestion,AI Workloads,316
EVT-0092-0066,CUST-0092,2026-03-27 16:08:21.433554,login,Machine Learning,274
EVT-0092-0067,CUST-0092,2026-05-04 23:23:43.211485,ai_model_run,Analytics,355
EVT-0092-0068,CUST-0092,2026-03-17 15:24:10.840363,dashboard_query,Analytics,269
EVT-0092-0069,CUST-0092,2026-02-20 13:47:37.277790,data_ingestion,AI Workloads,21
EVT-0092-0070,CUST-0092,2026-05-09 04:31:49.908362,data_ingestion,Data Engineering,373
EVT-0092-0071,CUST-0092,2026-02-12 01:19:32.487239,dashboard_query,Analytics,342
EVT-0092-0072,CUST-0092,2026-04-17 22:01:23.855848,login,Data Warehousing,454
EVT-0092-0073,CUST-0092,2026-04-26 16:20:07.600909,ai_model_run,Analytics,127
EVT-0092-0074,CUST-0092,2026-02-28 12:16:47.963368,ai_model_run,Analytics,326
EVT-0092-0075,CUST-0092,2026-04-24 12:44:34.402971,pipeline_execution,Data Warehousing,328
EVT-0092-0076,CUST-0092,2026-03-27 15:13:35.656754,dashboard_query,Data Warehousing,46
EVT-0092-0077,CUST-0092,2026-03-30 01:25:09.509032,ai_model_run,Machine Learning,393
EVT-0092-0078,CUST-0092,2026-05-03 00:52:04.776876,data_ingestion,AI Workloads,184
EVT-0092-0079,CUST-0092,2026-03-23 17:30:38.087258,pipeline_execution,Machine Learning,307
EVT-0092-0080,CUST-0092,2026-05-10 14:24:48.232092,ai_model_run,Data Warehousing,209
EVT-0092-0081,CUST-0092,2026-03-15 13:54:17.484020,dashboard_query,Machine Learning,153
EVT-0092-0082,CUST-0092,2026-04-05 03:12:29.880716,data_ingestion,Data Warehousing,248
EVT-0092-0083,CUST-0092,2026-03-29 03:25:01.576844,ai_model_run,Data Warehousing,439
EVT-0092-0084,CUST-0092,2026-03-30 13:43:57.061306,pipeline_execution,AI Workloads,66
EVT-0092-0085,CUST-0092,2026-04-04 08:59:59.236948,ai_model_run,Analytics,190
EVT-0092-0086,CUST-0092,2026-05-08 06:17:58.201603,ai_model_run,Analytics,116
EVT-0092-0087,CUST-0092,2026-04-23 00:13:45.832252,dashboard_query,Machine Learning,179
EVT-0092-0088,CUST-0092,2026-03-28 19:06:06.208376,ai_model_run,Analytics,393
EVT-0092-0089,CUST-0092,2026-05-01 16:22:06.332692,data_ingestion,Analytics,235
EVT-0092-0090,CUST-0092,2026-03-29 21:23:28.134684,ai_model_run,Analytics,352
EVT-0092-0091,CUST-0092,2026-02-12 09:04:39.864343,login,Analytics,423
EVT-0092-0092,CUST-0092,2026-04-01 23:10:54.531020,pipeline_execution,Machine Learning,17
EVT-0092-0093,CUST-0092,2026-04-08 20:40:13.343404,data_ingestion,AI Workloads,334
EVT-0092-0094,CUST-0092,2026-04-11 14:38:13.308203,dashboard_query,Machine Learning,128
EVT-0092-0095,CUST-0092,2026-02-19 03:51:03.049603,dashboard_query,Analytics,112
EVT-0093-0000,CUST-0093,2026-05-07 02:24:12.241384,dashboard_query,Data Warehousing,62
EVT-0093-0001,CUST-0093,2026-03-17 10:03:01.472010,login,Data Engineering,130
EVT-0093-0002,CUST-0093,2026-02-22 03:25:56.104635,dashboard_query,Analytics,434
EVT-0093-0003,CUST-0093,2026-04-15 13:24:31.278792,pipeline_execution,AI Workloads,142
EVT-0093-0004,CUST-0093,2026-03-30 08:24:04.896258,dashboard_query,Machine Learning,30
EVT-0093-0005,CUST-0093,2026-04-01 11:20:34.878411,dashboard_query,Machine Learning,183
EVT-0093-0006,CUST-0093,2026-05-05 01:29:31.423282,login,Data Engineering,24
EVT-0093-0007,CUST-0093,2026-03-26 07:30:41.357747,dashboard_query,Data Warehousing,240
EVT-0093-0008,CUST-0093,2026-02-20 19:20:42.954424,dashboard_query,Analytics,253
EVT-0093-0009,CUST-0093,2026-02-23 12:28:46.871369,login,Data Engineering,44
EVT-0093-0010,CUST-0093,2026-03-13 21:59:59.053257,login,Machine Learning,83
EVT-0093-0011,CUST-0093,2026-02-15 15:47:57.003783,dashboard_query,Data Warehousing,341
EVT-0093-0012,CUST-0093,2026-03-08 23:51:12.853782,data_ingestion,Analytics,63
EVT-0093-0013,CUST-0093,2026-03-20 11:02:26.462060,pipeline_execution,Analytics,143
EVT-0093-0014,CUST-0093,2026-05-02 22:58:45.053129,dashboard_query,AI Workloads,190
EVT-0093-0015,CUST-0093,2026-02-24 09:43:02.934053,login,Machine Learning,484
EVT-0093-0016,CUST-0093,2026-03-25 20:26:00.633524,dashboard_query,Machine Learning,144
EVT-0093-0017,CUST-0093,2026-02-26 20:31:32.094417,data_ingestion,Data Warehousing,402
EVT-0093-0018,CUST-0093,2026-02-16 18:48:30.988417,data_ingestion,Data Warehousing,484
EVT-0093-0019,CUST-0093,2026-04-25 23:53:44.599442,dashboard_query,Data Warehousing,8
EVT-0093-0020,CUST-0093,2026-04-03 22:41:41.368465,ai_model_run,AI Workloads,440
EVT-0093-0021,CUST-0093,2026-04-20 00:47:57.177630,dashboard_query,AI Workloads,147
EVT-0093-0022,CUST-0093,2026-05-09 09:42:13.412069,pipeline_execution,Machine Learning,444
EVT-0093-0023,CUST-0093,2026-04-05 02:32:00.585488,pipeline_execution,Analytics,171
EVT-0093-0024,CUST-0093,2026-03-20 06:32:58.655443,ai_model_run,AI Workloads,100
EVT-0093-0025,CUST-0093,2026-03-14 12:59:39.439074,login,Machine Learning,289
EVT-0093-0026,CUST-0093,2026-04-22 04:44:06.600209,dashboard_query,Analytics,433
EVT-0093-0027,CUST-0093,2026-03-19 11:55:35.396510,login,Data Engineering,240
EVT-0093-0028,CUST-0093,2026-03-19 12:49:53.432869,login,AI Workloads,109
EVT-0093-0029,CUST-0093,2026-04-08 05:28:31.653271,dashboard_query,Machine Learning,240
EVT-0093-0030,CUST-0093,2026-03-24 19:25:57.855473,ai_model_run,AI Workloads,129
EVT-0093-0031,CUST-0093,2026-02-17 10:14:45.666494,dashboard_query,Data Engineering,63
EVT-0093-0032,CUST-0093,2026-03-15 14:14:22.585675,pipeline_execution,Analytics,352
EVT-0093-0033,CUST-0093,2026-04-01 17:34:15.118108,dashboard_query,Analytics,109
EVT-0093-0034,CUST-0093,2026-04-08 08:42:22.837910,ai_model_run,Data Warehousing,440
EVT-0093-0035,CUST-0093,2026-02-19 03:32:39.702552,login,Data Warehousing,162
EVT-0093-0036,CUST-0093,2026-04-22 00:37:44.831617,login,AI Workloads,114
EVT-0093-0037,CUST-0093,2026-03-23 05:47:55.047225,pipeline_execution,Analytics,63
EVT-0093-0038,CUST-0093,2026-02-13 17:26:59.183524,login,Machine Learning,496
EVT-0093-0039,CUST-0093,2026-03-08 00:46:44.361797,ai_model_run,AI Workloads,128
EVT-0093-0040,CUST-0093,2026-03-19 05:29:07.714625,data_ingestion,Data Engineering,177
EVT-0093-0041,CUST-0093,2026-05-11 17:20:47.250475,pipeline_execution,Analytics,80
EVT-0093-0042,CUST-0093,2026-03-23 00:46:28.316963,login,Analytics,17
EVT-0093-0043,CUST-0093,2026-03-21 23:35:55.804094,dashboard_query,Analytics,425
EVT-0093-0044,CUST-0093,2026-02-28 04:25:58.179599,login,Data Engineering,486
EVT-0093-0045,CUST-0093,2026-04-04 06:04:29.407494,pipeline_execution,AI Workloads,324
EVT-0093-0046,CUST-0093,2026-05-01 02:06:54.258464,ai_model_run,Data Engineering,389
EVT-0093-0047,CUST-0093,2026-03-27 08:05:21.355500,pipeline_execution,Data Engineering,165
EVT-0093-0048,CUST-0093,2026-03-10 21:03:36.702970,login,Analytics,35
EVT-0093-0049,CUST-0093,2026-04-10 20:57:49.938947,dashboard_query,Analytics,147
EVT-0093-0050,CUST-0093,2026-04-03 05:03:12.502601,ai_model_run,AI Workloads,103
EVT-0093-0051,CUST-0093,2026-04-27 14:29:17.927832,dashboard_query,AI Workloads,247
EVT-0093-0052,CUST-0093,2026-04-25 16:24:05.934905,data_ingestion,AI Workloads,51
EVT-0093-0053,CUST-0093,2026-04-04 15:33:21.330951,data_ingestion,Analytics,164
EVT-0093-0054,CUST-0093,2026-04-11 06:48:57.302396,dashboard_query,Analytics,54
EVT-0093-0055,CUST-0093,2026-02-12 08:31:26.962501,ai_model_run,Machine Learning,144
EVT-0093-0056,CUST-0093,2026-05-02 20:05:57.189945,pipeline_execution,Analytics,436
EVT-0093-0057,CUST-0093,2026-03-07 13:10:13.456640,pipeline_execution,Analytics,255
EVT-0093-0058,CUST-0093,2026-03-31 07:41:07.870128,data_ingestion,Machine Learning,355
EVT-0093-0059,CUST-0093,2026-03-29 12:15:10.172566,pipeline_execution,Machine Learning,371
EVT-0093-0060,CUST-0093,2026-04-26 23:20:56.209626,login,Analytics,83
EVT-0093-0061,CUST-0093,2026-04-29 14:31:55.100703,data_ingestion,AI Workloads,114
EVT-0093-0062,CUST-0093,2026-03-05 21:11:14.757183,login,Data Warehousing,95
EVT-0093-0063,CUST-0093,2026-05-04 23:46:43.423295,data_ingestion,Machine Learning,75
EVT-0093-0064,CUST-0093,2026-04-19 10:39:59.192436,ai_model_run,Data Warehousing,159
EVT-0093-0065,CUST-0093,2026-04-22 03:48:44.204465,dashboard_query,Analytics,120
EVT-0093-0066,CUST-0093,2026-04-19 12:57:18.258672,login,Data Engineering,310
EVT-0093-0067,CUST-0093,2026-02-21 22:20:56.396434,dashboard_query,Data Engineering,449
EVT-0093-0068,CUST-0093,2026-04-05 18:38:58.027247,login,AI Workloads,393
EVT-0093-0069,CUST-0093,2026-03-21 15:08:25.734740,dashboard_query,Analytics,167
EVT-0093-0070,CUST-0093,2026-05-02 17:39:17.780741,ai_model_run,Analytics,135
EVT-0093-0071,CUST-0093,2026-05-01 02:07:17.819447,dashboard_query,Data Engineering,139
EVT-0093-0072,CUST-0093,2026-02-12 19:22:14.610415,dashboard_query,Data Warehousing,449
EVT-0093-0073,CUST-0093,2026-02-26 18:06:23.050542,dashboard_query,Machine Learning,478
EVT-0093-0074,CUST-0093,2026-03-18 06:26:25.069996,ai_model_run,AI Workloads,194
EVT-0093-0075,CUST-0093,2026-03-06 11:41:29.452123,pipeline_execution,Data Warehousing,235
EVT-0093-0076,CUST-0093,2026-04-22 19:00:39.039548,pipeline_execution,Machine Learning,230
EVT-0093-0077,CUST-0093,2026-04-24 18:54:23.384447,dashboard_query,AI Workloads,210
EVT-0093-0078,CUST-0093,2026-05-08 17:20:45.888760,ai_model_run,Data Warehousing,370
EVT-0093-0079,CUST-0093,2026-02-22 06:42:40.435432,dashboard_query,Machine Learning,306
EVT-0093-0080,CUST-0093,2026-02-12 06:03:15.947126,pipeline_execution,Data Warehousing,143
EVT-0093-0081,CUST-0093,2026-03-24 04:42:10.871650,data_ingestion,Data Engineering,340
EVT-0093-0082,CUST-0093,2026-03-14 04:51:48.954291,ai_model_run,Data Warehousing,145
EVT-0093-0083,CUST-0093,2026-05-09 04:41:56.044959,data_ingestion,Analytics,285
EVT-0093-0084,CUST-0093,2026-02-11 14:06:05.514205,login,AI Workloads,480
EVT-0093-0085,CUST-0093,2026-03-28 14:49:37.904974,data_ingestion,Machine Learning,147
EVT-0093-0086,CUST-0093,2026-02-25 12:09:23.763037,ai_model_run,Analytics,474
EVT-0093-0087,CUST-0093,2026-02-11 17:19:45.882859,dashboard_query,Machine Learning,140
EVT-0093-0088,CUST-0093,2026-03-21 09:56:41.701031,dashboard_query,Machine Learning,362
EVT-0093-0089,CUST-0093,2026-04-29 02:10:55.008497,dashboard_query,Data Engineering,500
EVT-0093-0090,CUST-0093,2026-03-06 04:04:55.929555,data_ingestion,Data Warehousing,134
EVT-0093-0091,CUST-0093,2026-03-26 17:58:57.953810,dashboard_query,Data Warehousing,257
EVT-0093-0092,CUST-0093,2026-04-07 06:07:10.205053,data_ingestion,Data Engineering,385
EVT-0093-0093,CUST-0093,2026-03-14 01:12:50.266159,data_ingestion,Data Engineering,365
EVT-0093-0094,CUST-0093,2026-05-09 17:57:21.835566,dashboard_query,Data Warehousing,87
EVT-0093-0095,CUST-0093,2026-04-20 17:06:08.250140,data_ingestion,Analytics,399
EVT-0093-0096,CUST-0093,2026-03-08 13:28:20.365236,dashboard_query,Machine Learning,186
EVT-0094-0000,CUST-0094,2026-04-08 16:30:42.241768,ai_model_run,Data Warehousing,284
EVT-0094-0001,CUST-0094,2026-04-24 19:05:21.132185,dashboard_query,AI Workloads,499
EVT-0094-0002,CUST-0094,2026-02-28 20:58:33.556678,ai_model_run,AI Workloads,333
EVT-0094-0003,CUST-0094,2026-03-09 02:33:31.471479,dashboard_query,Data Warehousing,332
EVT-0094-0004,CUST-0094,2026-04-13 08:50:36.269265,data_ingestion,Data Warehousing,12
EVT-0094-0005,CUST-0094,2026-03-15 05:54:22.709512,dashboard_query,AI Workloads,71
EVT-0094-0006,CUST-0094,2026-03-29 12:16:59.155333,login,Data Warehousing,154
EVT-0094-0007,CUST-0094,2026-03-29 03:02:41.180444,data_ingestion,Machine Learning,149
EVT-0094-0008,CUST-0094,2026-05-06 21:35:06.666041,ai_model_run,Data Engineering,374
EVT-0094-0009,CUST-0094,2026-04-11 08:57:45.307168,data_ingestion,Data Warehousing,386
EVT-0094-0010,CUST-0094,2026-02-25 06:08:00.846754,login,Data Engineering,208
EVT-0094-0011,CUST-0094,2026-02-18 19:06:27.334210,dashboard_query,Data Warehousing,478
EVT-0094-0012,CUST-0094,2026-03-15 13:07:30.162681,ai_model_run,Machine Learning,356
EVT-0094-0013,CUST-0094,2026-03-31 02:19:57.919959,pipeline_execution,AI Workloads,240
EVT-0094-0014,CUST-0094,2026-03-10 21:05:07.866887,dashboard_query,AI Workloads,125
EVT-0094-0015,CUST-0094,2026-04-25 12:21:05.342112,data_ingestion,Machine Learning,83
EVT-0094-0016,CUST-0094,2026-04-21 15:29:34.526679,data_ingestion,Analytics,82
EVT-0094-0017,CUST-0094,2026-05-10 03:57:11.843460,dashboard_query,Machine Learning,378
EVT-0094-0018,CUST-0094,2026-04-04 21:40:06.129469,pipeline_execution,Data Warehousing,384
EVT-0094-0019,CUST-0094,2026-04-24 12:40:18.181540,login,Machine Learning,201
EVT-0094-0020,CUST-0094,2026-05-05 23:59:37.422857,ai_model_run,Analytics,218
EVT-0094-0021,CUST-0094,2026-02-21 18:30:42.247985,data_ingestion,Data Warehousing,326
EVT-0094-0022,CUST-0094,2026-04-25 01:19:05.409321,dashboard_query,Analytics,179
EVT-0094-0023,CUST-0094,2026-03-04 05:13:37.986027,dashboard_query,Machine Learning,253
EVT-0094-0024,CUST-0094,2026-05-07 11:54:55.629244,login,Analytics,232
EVT-0094-0025,CUST-0094,2026-02-25 00:08:49.522023,data_ingestion,AI Workloads,493
EVT-0094-0026,CUST-0094,2026-04-10 22:54:14.594258,pipeline_execution,Machine Learning,305
EVT-0094-0027,CUST-0094,2026-02-26 03:51:08.354265,ai_model_run,Analytics,219
EVT-0094-0028,CUST-0094,2026-05-10 19:09:29.440275,pipeline_execution,Data Warehousing,214
EVT-0094-0029,CUST-0094,2026-03-10 22:19:24.168892,login,AI Workloads,206
EVT-0094-0030,CUST-0094,2026-02-22 17:45:51.699632,dashboard_query,Data Warehousing,59
EVT-0094-0031,CUST-0094,2026-03-14 12:25:05.978770,ai_model_run,Machine Learning,148
EVT-0094-0032,CUST-0094,2026-04-15 09:09:22.672243,dashboard_query,Data Warehousing,304
EVT-0094-0033,CUST-0094,2026-03-23 00:28:39.998306,login,Data Warehousing,238
EVT-0094-0034,CUST-0094,2026-04-06 18:47:41.513176,pipeline_execution,Analytics,103
EVT-0094-0035,CUST-0094,2026-02-25 15:13:18.907407,pipeline_execution,Analytics,356
EVT-0094-0036,CUST-0094,2026-04-05 17:17:16.080147,login,Data Engineering,242
EVT-0094-0037,CUST-0094,2026-04-24 15:09:25.760908,ai_model_run,Data Warehousing,500
EVT-0094-0038,CUST-0094,2026-04-19 05:19:01.209718,ai_model_run,Data Warehousing,253
EVT-0094-0039,CUST-0094,2026-02-12 06:27:14.483044,data_ingestion,Data Engineering,292
EVT-0094-0040,CUST-0094,2026-02-19 01:41:26.000776,dashboard_query,Analytics,166
EVT-0094-0041,CUST-0094,2026-04-07 07:00:45.146764,dashboard_query,Data Warehousing,249
EVT-0094-0042,CUST-0094,2026-03-16 01:07:09.044838,ai_model_run,Machine Learning,128
EVT-0094-0043,CUST-0094,2026-03-13 02:53:22.641859,data_ingestion,Analytics,211
EVT-0094-0044,CUST-0094,2026-03-29 15:58:38.089163,login,AI Workloads,247
EVT-0094-0045,CUST-0094,2026-03-04 00:27:36.413776,login,AI Workloads,488
EVT-0094-0046,CUST-0094,2026-05-04 06:23:33.284782,dashboard_query,Data Engineering,446
EVT-0095-0000,CUST-0095,2026-04-02 05:33:40.177117,pipeline_execution,Data Engineering,483
EVT-0095-0001,CUST-0095,2026-03-11 14:48:18.004961,ai_model_run,Analytics,404
EVT-0095-0002,CUST-0095,2026-03-29 04:19:31.363797,data_ingestion,Data Engineering,387
EVT-0095-0003,CUST-0095,2026-04-01 02:18:03.236434,ai_model_run,AI Workloads,89
EVT-0095-0004,CUST-0095,2026-03-11 21:33:10.379183,login,AI Workloads,102
EVT-0095-0005,CUST-0095,2026-04-12 11:23:01.442262,data_ingestion,AI Workloads,346
EVT-0095-0006,CUST-0095,2026-03-17 04:24:35.295546,data_ingestion,Analytics,47
EVT-0095-0007,CUST-0095,2026-04-16 11:40:58.673832,data_ingestion,Data Engineering,331
EVT-0095-0008,CUST-0095,2026-05-11 11:04:56.206089,ai_model_run,Machine Learning,24
EVT-0095-0009,CUST-0095,2026-04-02 00:18:22.366251,data_ingestion,Data Warehousing,40
EVT-0095-0010,CUST-0095,2026-05-08 00:19:36.343582,pipeline_execution,AI Workloads,370
EVT-0095-0011,CUST-0095,2026-03-26 04:21:40.800942,login,Machine Learning,94
EVT-0095-0012,CUST-0095,2026-03-22 14:14:03.182848,dashboard_query,Data Warehousing,177
EVT-0095-0013,CUST-0095,2026-03-25 20:55:42.579818,dashboard_query,Data Engineering,81
EVT-0095-0014,CUST-0095,2026-03-26 23:52:48.012922,login,Data Warehousing,332
EVT-0095-0015,CUST-0095,2026-03-07 23:50:31.791439,dashboard_query,Machine Learning,154
EVT-0095-0016,CUST-0095,2026-04-07 11:27:02.532693,data_ingestion,Machine Learning,112
EVT-0095-0017,CUST-0095,2026-04-03 07:18:27.682796,dashboard_query,Machine Learning,89
EVT-0095-0018,CUST-0095,2026-03-28 01:13:25.867036,pipeline_execution,Machine Learning,290
EVT-0095-0019,CUST-0095,2026-04-09 20:41:50.929865,login,Analytics,221
EVT-0095-0020,CUST-0095,2026-04-28 09:48:33.290375,data_ingestion,Data Engineering,235
EVT-0095-0021,CUST-0095,2026-05-05 12:40:44.549197,dashboard_query,Analytics,196
EVT-0095-0022,CUST-0095,2026-03-12 10:03:07.485104,ai_model_run,Analytics,347
EVT-0095-0023,CUST-0095,2026-04-10 07:29:07.280866,dashboard_query,Data Warehousing,124
EVT-0095-0024,CUST-0095,2026-05-09 19:41:59.183954,ai_model_run,Machine Learning,403
EVT-0095-0025,CUST-0095,2026-02-17 14:50:41.150062,login,Data Warehousing,330
EVT-0095-0026,CUST-0095,2026-05-02 14:01:55.577578,pipeline_execution,AI Workloads,401
EVT-0095-0027,CUST-0095,2026-04-19 09:35:48.802051,dashboard_query,AI Workloads,327
EVT-0095-0028,CUST-0095,2026-02-18 09:58:13.692552,data_ingestion,Data Engineering,126
EVT-0095-0029,CUST-0095,2026-02-23 23:42:11.343450,login,Machine Learning,368
EVT-0095-0030,CUST-0095,2026-04-29 08:00:58.908451,dashboard_query,Machine Learning,287
EVT-0095-0031,CUST-0095,2026-03-30 17:04:48.617493,data_ingestion,Machine Learning,29
EVT-0095-0032,CUST-0095,2026-02-24 06:25:07.332496,data_ingestion,Data Warehousing,246
EVT-0095-0033,CUST-0095,2026-03-28 11:22:31.674407,data_ingestion,Data Engineering,404
EVT-0095-0034,CUST-0095,2026-03-18 11:44:03.761795,pipeline_execution,Analytics,227
EVT-0095-0035,CUST-0095,2026-03-07 22:43:57.321912,pipeline_execution,Analytics,165
EVT-0095-0036,CUST-0095,2026-03-09 20:16:06.067331,login,Analytics,241
EVT-0095-0037,CUST-0095,2026-03-14 10:09:11.576203,dashboard_query,AI Workloads,214
EVT-0095-0038,CUST-0095,2026-02-19 00:09:31.448242,ai_model_run,AI Workloads,266
EVT-0095-0039,CUST-0095,2026-03-26 16:44:27.547585,data_ingestion,Machine Learning,227
EVT-0095-0040,CUST-0095,2026-04-17 15:41:48.116399,ai_model_run,Data Warehousing,479
EVT-0095-0041,CUST-0095,2026-04-15 15:47:33.414970,data_ingestion,Data Engineering,483
EVT-0095-0042,CUST-0095,2026-02-28 01:24:08.757636,pipeline_execution,Data Engineering,197
EVT-0095-0043,CUST-0095,2026-04-11 23:47:47.710296,ai_model_run,Data Engineering,71
EVT-0095-0044,CUST-0095,2026-03-15 20:12:18.158617,login,Data Engineering,491
EVT-0095-0045,CUST-0095,2026-04-08 08:48:58.718432,data_ingestion,Analytics,388
EVT-0095-0046,CUST-0095,2026-04-30 14:25:07.935395,login,Data Warehousing,377
EVT-0095-0047,CUST-0095,2026-04-19 04:27:44.616935,data_ingestion,Data Warehousing,42
EVT-0095-0048,CUST-0095,2026-05-07 21:00:09.738148,pipeline_execution,Analytics,36
EVT-0095-0049,CUST-0095,2026-03-25 23:32:29.337378,data_ingestion,Machine Learning,217
EVT-0095-0050,CUST-0095,2026-05-08 22:10:41.488449,data_ingestion,AI Workloads,285
EVT-0095-0051,CUST-0095,2026-02-11 22:28:36.673330,data_ingestion,AI Workloads,56
EVT-0095-0052,CUST-0095,2026-02-16 13:46:24.434745,data_ingestion,Machine Learning,151
EVT-0095-0053,CUST-0095,2026-05-10 07:00:16.723712,pipeline_execution,AI Workloads,42
EVT-0095-0054,CUST-0095,2026-02-17 02:24:25.552616,pipeline_execution,AI Workloads,464
EVT-0095-0055,CUST-0095,2026-02-22 19:18:28.651000,pipeline_execution,Machine Learning,166
EVT-0095-0056,CUST-0095,2026-05-01 21:33:32.536830,ai_model_run,Data Warehousing,388
EVT-0095-0057,CUST-0095,2026-05-10 05:44:49.770142,login,AI Workloads,186
EVT-0095-0058,CUST-0095,2026-04-06 09:17:39.078310,pipeline_execution,Data Engineering,199
EVT-0095-0059,CUST-0095,2026-04-09 00:07:27.355256,data_ingestion,Data Engineering,269
EVT-0095-0060,CUST-0095,2026-05-03 10:32:07.879833,login,Machine Learning,39
EVT-0095-0061,CUST-0095,2026-03-26 18:48:51.424887,pipeline_execution,Data Engineering,209
EVT-0095-0062,CUST-0095,2026-04-15 01:22:37.273908,dashboard_query,AI Workloads,202
EVT-0095-0063,CUST-0095,2026-04-24 01:39:47.624964,dashboard_query,Machine Learning,378
EVT-0095-0064,CUST-0095,2026-04-03 15:09:14.865778,ai_model_run,AI Workloads,23
EVT-0095-0065,CUST-0095,2026-04-20 05:25:23.895572,login,Machine Learning,195
EVT-0095-0066,CUST-0095,2026-03-23 10:12:04.393356,dashboard_query,Analytics,202
EVT-0095-0067,CUST-0095,2026-03-01 01:13:07.691802,ai_model_run,AI Workloads,350
EVT-0095-0068,CUST-0095,2026-03-16 05:27:00.868342,data_ingestion,AI Workloads,305
EVT-0095-0069,CUST-0095,2026-04-03 00:36:55.507162,login,AI Workloads,304
EVT-0095-0070,CUST-0095,2026-03-16 05:47:18.240411,data_ingestion,Analytics,15
EVT-0095-0071,CUST-0095,2026-03-03 04:31:45.114338,ai_model_run,Machine Learning,17
EVT-0095-0072,CUST-0095,2026-03-18 01:30:51.023361,ai_model_run,Data Engineering,30
EVT-0095-0073,CUST-0095,2026-05-06 12:50:58.162027,ai_model_run,Data Warehousing,468
EVT-0095-0074,CUST-0095,2026-04-17 09:46:00.660129,dashboard_query,AI Workloads,462
EVT-0095-0075,CUST-0095,2026-04-20 05:39:49.561185,data_ingestion,Analytics,323
EVT-0095-0076,CUST-0095,2026-04-18 22:58:28.911196,dashboard_query,Machine Learning,406
EVT-0095-0077,CUST-0095,2026-04-03 08:25:08.313878,ai_model_run,Analytics,397
EVT-0095-0078,CUST-0095,2026-02-27 09:44:00.144583,data_ingestion,Data Warehousing,252
EVT-0095-0079,CUST-0095,2026-03-23 09:31:10.841073,pipeline_execution,Data Engineering,113
EVT-0095-0080,CUST-0095,2026-04-14 15:10:36.897267,pipeline_execution,Analytics,111
EVT-0095-0081,CUST-0095,2026-04-21 07:32:20.583656,dashboard_query,Analytics,314
EVT-0095-0082,CUST-0095,2026-02-19 08:54:24.460973,data_ingestion,Data Engineering,298
EVT-0095-0083,CUST-0095,2026-04-01 17:03:06.673476,login,Data Engineering,136
EVT-0095-0084,CUST-0095,2026-03-10 16:01:36.467869,pipeline_execution,Data Engineering,111
EVT-0095-0085,CUST-0095,2026-02-17 20:01:32.674479,ai_model_run,Analytics,463
EVT-0095-0086,CUST-0095,2026-02-23 16:55:45.948582,pipeline_execution,Data Warehousing,152
EVT-0095-0087,CUST-0095,2026-04-25 07:57:15.569484,data_ingestion,Data Warehousing,271
EVT-0095-0088,CUST-0095,2026-05-01 13:01:07.314286,dashboard_query,Data Engineering,76
EVT-0095-0089,CUST-0095,2026-02-14 11:50:52.715559,dashboard_query,Analytics,82
EVT-0095-0090,CUST-0095,2026-03-25 05:28:05.246988,ai_model_run,Machine Learning,208
EVT-0095-0091,CUST-0095,2026-03-04 17:46:42.636043,dashboard_query,Analytics,204
EVT-0096-0000,CUST-0096,2026-02-25 06:14:59.972444,login,Data Warehousing,452
EVT-0096-0001,CUST-0096,2026-03-06 12:16:15.806881,data_ingestion,AI Workloads,351
EVT-0096-0002,CUST-0096,2026-02-22 16:17:23.016634,ai_model_run,AI Workloads,493
EVT-0096-0003,CUST-0096,2026-04-02 07:09:17.921116,ai_model_run,Data Warehousing,482
EVT-0096-0004,CUST-0096,2026-03-06 16:35:36.490581,ai_model_run,Data Warehousing,418
EVT-0096-0005,CUST-0096,2026-05-02 22:49:09.172711,pipeline_execution,Data Engineering,240
EVT-0096-0006,CUST-0096,2026-03-14 10:59:43.429760,data_ingestion,AI Workloads,182
EVT-0096-0007,CUST-0096,2026-04-19 00:43:54.972877,data_ingestion,Analytics,324
EVT-0096-0008,CUST-0096,2026-03-30 16:09:31.352249,ai_model_run,Data Warehousing,350
EVT-0096-0009,CUST-0096,2026-04-21 17:39:36.996779,login,AI Workloads,357
EVT-0096-0010,CUST-0096,2026-03-09 16:40:22.410283,dashboard_query,AI Workloads,189
EVT-0096-0011,CUST-0096,2026-02-14 15:32:03.584276,login,AI Workloads,183
EVT-0096-0012,CUST-0096,2026-03-24 03:21:02.361496,data_ingestion,Data Engineering,337
EVT-0096-0013,CUST-0096,2026-04-11 01:40:33.550163,ai_model_run,Machine Learning,74
EVT-0096-0014,CUST-0096,2026-04-24 23:08:59.584002,dashboard_query,Analytics,7
EVT-0096-0015,CUST-0096,2026-02-13 23:32:39.149587,login,Data Engineering,68
EVT-0096-0016,CUST-0096,2026-03-10 23:28:40.393297,login,AI Workloads,454
EVT-0096-0017,CUST-0096,2026-02-18 02:13:56.003203,pipeline_execution,Data Warehousing,237
EVT-0096-0018,CUST-0096,2026-02-16 03:19:46.848240,pipeline_execution,Data Engineering,36
EVT-0096-0019,CUST-0096,2026-03-21 06:27:53.829906,pipeline_execution,Data Engineering,285
EVT-0096-0020,CUST-0096,2026-03-29 13:50:18.946984,ai_model_run,AI Workloads,449
EVT-0096-0021,CUST-0096,2026-04-07 07:32:06.295282,pipeline_execution,AI Workloads,351
EVT-0096-0022,CUST-0096,2026-04-20 22:52:17.594063,data_ingestion,AI Workloads,432
EVT-0096-0023,CUST-0096,2026-04-20 04:41:40.631373,data_ingestion,Analytics,88
EVT-0096-0024,CUST-0096,2026-02-14 09:21:36.561626,data_ingestion,Data Warehousing,112
EVT-0096-0025,CUST-0096,2026-04-15 08:07:02.316166,ai_model_run,Data Engineering,365
EVT-0096-0026,CUST-0096,2026-03-19 10:09:09.310781,ai_model_run,AI Workloads,383
EVT-0096-0027,CUST-0096,2026-04-20 19:33:00.589572,dashboard_query,Analytics,191
EVT-0096-0028,CUST-0096,2026-03-15 20:25:08.295016,pipeline_execution,Machine Learning,304
EVT-0096-0029,CUST-0096,2026-03-24 22:21:35.656717,pipeline_execution,Data Engineering,279
EVT-0096-0030,CUST-0096,2026-04-23 02:53:15.006032,dashboard_query,Data Engineering,227
EVT-0096-0031,CUST-0096,2026-03-15 04:05:09.285690,login,Analytics,296
EVT-0096-0032,CUST-0096,2026-02-19 14:22:14.756178,data_ingestion,Data Warehousing,175
EVT-0096-0033,CUST-0096,2026-03-13 15:04:18.501949,data_ingestion,Data Engineering,432
EVT-0096-0034,CUST-0096,2026-03-10 01:41:00.118581,data_ingestion,Data Warehousing,395
EVT-0096-0035,CUST-0096,2026-02-13 01:37:33.260481,data_ingestion,Analytics,241
EVT-0096-0036,CUST-0096,2026-04-03 18:13:10.695548,dashboard_query,Data Warehousing,16
EVT-0096-0037,CUST-0096,2026-04-01 21:22:56.502501,pipeline_execution,Analytics,39
EVT-0096-0038,CUST-0096,2026-03-28 18:35:35.652663,data_ingestion,Analytics,133
EVT-0096-0039,CUST-0096,2026-03-23 23:07:06.939227,pipeline_execution,Data Warehousing,381
EVT-0096-0040,CUST-0096,2026-02-24 23:55:20.606740,pipeline_execution,Data Engineering,234
EVT-0096-0041,CUST-0096,2026-04-30 00:20:21.087539,data_ingestion,Data Warehousing,445
EVT-0096-0042,CUST-0096,2026-04-28 15:29:32.253282,dashboard_query,Data Warehousing,439
EVT-0096-0043,CUST-0096,2026-03-05 19:01:18.616321,dashboard_query,Machine Learning,326
EVT-0096-0044,CUST-0096,2026-03-27 16:29:19.496042,login,Analytics,318
EVT-0096-0045,CUST-0096,2026-04-01 02:50:19.173552,data_ingestion,AI Workloads,309
EVT-0096-0046,CUST-0096,2026-02-11 04:35:12.555749,data_ingestion,Data Warehousing,351
EVT-0096-0047,CUST-0096,2026-03-17 18:11:33.597407,pipeline_execution,Machine Learning,268
EVT-0096-0048,CUST-0096,2026-03-02 00:05:17.842612,login,Data Warehousing,358
EVT-0096-0049,CUST-0096,2026-05-09 00:47:20.544245,pipeline_execution,Analytics,1
EVT-0096-0050,CUST-0096,2026-04-09 21:50:55.263226,login,Machine Learning,195
EVT-0096-0051,CUST-0096,2026-02-14 23:06:17.429119,dashboard_query,Machine Learning,104
EVT-0096-0052,CUST-0096,2026-04-25 22:08:52.301889,dashboard_query,Data Engineering,192
EVT-0097-0000,CUST-0097,2026-02-20 14:29:13.456129,dashboard_query,Data Engineering,204
EVT-0097-0001,CUST-0097,2026-03-05 13:07:01.827550,ai_model_run,AI Workloads,106
EVT-0097-0002,CUST-0097,2026-02-17 17:49:37.772707,login,Machine Learning,79
EVT-0097-0003,CUST-0097,2026-03-15 12:57:36.833490,pipeline_execution,AI Workloads,133
EVT-0097-0004,CUST-0097,2026-05-08 19:05:02.673913,pipeline_execution,Data Engineering,71
EVT-0097-0005,CUST-0097,2026-02-18 22:50:59.631260,dashboard_query,Data Warehousing,272
EVT-0097-0006,CUST-0097,2026-04-22 09:46:53.912360,ai_model_run,Analytics,185
EVT-0097-0007,CUST-0097,2026-04-14 15:26:05.518817,dashboard_query,Data Warehousing,56
EVT-0097-0008,CUST-0097,2026-05-04 13:38:06.132929,login,Machine Learning,341
EVT-0097-0009,CUST-0097,2026-04-05 22:07:46.347221,dashboard_query,Data Warehousing,396
EVT-0097-0010,CUST-0097,2026-03-18 01:42:14.045890,login,AI Workloads,237
EVT-0097-0011,CUST-0097,2026-05-09 14:54:57.833600,pipeline_execution,Data Engineering,469
EVT-0097-0012,CUST-0097,2026-05-11 06:47:47.133666,pipeline_execution,AI Workloads,146
EVT-0097-0013,CUST-0097,2026-03-23 07:48:31.817466,data_ingestion,Machine Learning,280
EVT-0097-0014,CUST-0097,2026-05-07 08:30:13.218186,login,Machine Learning,171
EVT-0097-0015,CUST-0097,2026-05-05 07:30:18.091644,login,Data Warehousing,402
EVT-0097-0016,CUST-0097,2026-04-03 09:57:13.875974,login,AI Workloads,85
EVT-0097-0017,CUST-0097,2026-03-15 02:28:18.107258,pipeline_execution,AI Workloads,349
EVT-0097-0018,CUST-0097,2026-04-17 04:03:26.614319,dashboard_query,Machine Learning,131
EVT-0097-0019,CUST-0097,2026-03-16 10:52:37.286721,ai_model_run,Data Warehousing,346
EVT-0097-0020,CUST-0097,2026-03-09 03:15:58.438123,login,AI Workloads,486
EVT-0097-0021,CUST-0097,2026-03-17 20:19:18.224201,dashboard_query,AI Workloads,408
EVT-0097-0022,CUST-0097,2026-02-28 18:19:05.728034,data_ingestion,Data Warehousing,117
EVT-0097-0023,CUST-0097,2026-03-27 14:32:01.157594,dashboard_query,Data Engineering,71
EVT-0098-0000,CUST-0098,2026-04-05 06:54:44.703900,dashboard_query,Analytics,320
EVT-0098-0001,CUST-0098,2026-05-10 14:09:26.883352,pipeline_execution,AI Workloads,241
EVT-0098-0002,CUST-0098,2026-02-21 22:47:32.584535,login,Machine Learning,3
EVT-0098-0003,CUST-0098,2026-03-28 18:24:40.207160,login,Data Engineering,464
EVT-0098-0004,CUST-0098,2026-02-11 00:34:55.924097,ai_model_run,Analytics,68
EVT-0098-0005,CUST-0098,2026-03-22 01:35:24.279539,data_ingestion,Analytics,352
EVT-0098-0006,CUST-0098,2026-05-09 17:39:28.037958,pipeline_execution,Data Warehousing,301
EVT-0098-0007,CUST-0098,2026-05-09 02:10:09.996680,login,Machine Learning,20
EVT-0098-0008,CUST-0098,2026-05-01 04:43:31.824090,login,Data Warehousing,42
EVT-0098-0009,CUST-0098,2026-03-08 12:57:36.363454,ai_model_run,Data Warehousing,22
EVT-0098-0010,CUST-0098,2026-03-19 03:43:54.633087,ai_model_run,AI Workloads,329
EVT-0098-0011,CUST-0098,2026-03-09 14:54:48.162849,ai_model_run,AI Workloads,431
EVT-0098-0012,CUST-0098,2026-05-02 04:35:47.351335,data_ingestion,Data Engineering,9
EVT-0098-0013,CUST-0098,2026-04-15 06:43:55.931705,pipeline_execution,Analytics,422
EVT-0098-0014,CUST-0098,2026-04-16 16:19:20.696906,dashboard_query,AI Workloads,343
EVT-0098-0015,CUST-0098,2026-04-16 19:10:07.657749,ai_model_run,AI Workloads,290
EVT-0098-0016,CUST-0098,2026-03-03 18:09:33.447433,login,AI Workloads,401
EVT-0098-0017,CUST-0098,2026-04-08 01:35:27.290227,dashboard_query,Machine Learning,334
EVT-0098-0018,CUST-0098,2026-05-03 04:47:45.428225,dashboard_query,Data Warehousing,378
EVT-0098-0019,CUST-0098,2026-03-30 19:12:01.203983,ai_model_run,Data Warehousing,57
EVT-0098-0020,CUST-0098,2026-02-17 03:55:29.087508,login,AI Workloads,65
EVT-0098-0021,CUST-0098,2026-03-22 06:24:46.880288,data_ingestion,AI Workloads,269
EVT-0098-0022,CUST-0098,2026-02-27 01:06:02.164526,pipeline_execution,Machine Learning,248
EVT-0098-0023,CUST-0098,2026-03-29 08:35:50.374913,login,Machine Learning,66
EVT-0098-0024,CUST-0098,2026-05-06 20:17:36.112412,ai_model_run,AI Workloads,36
EVT-0098-0025,CUST-0098,2026-05-10 01:18:53.346931,pipeline_execution,Analytics,146
EVT-0098-0026,CUST-0098,2026-03-22 23:49:55.814945,dashboard_query,Machine Learning,394
EVT-0098-0027,CUST-0098,2026-04-27 06:19:30.156904,dashboard_query,Machine Learning,362
EVT-0098-0028,CUST-0098,2026-03-07 05:25:20.739615,ai_model_run,Analytics,11
EVT-0098-0029,CUST-0098,2026-04-08 12:38:21.858911,ai_model_run,Analytics,326
EVT-0098-0030,CUST-0098,2026-02-23 10:56:53.326380,pipeline_execution,AI Workloads,316
EVT-0098-0031,CUST-0098,2026-03-18 06:54:21.755771,dashboard_query,Analytics,415
EVT-0098-0032,CUST-0098,2026-04-10 10:28:48.354551,pipeline_execution,Machine Learning,355
EVT-0098-0033,CUST-0098,2026-04-18 06:17:21.163010,ai_model_run,Machine Learning,229
EVT-0098-0034,CUST-0098,2026-03-17 18:33:04.382326,login,AI Workloads,381
EVT-0098-0035,CUST-0098,2026-03-30 14:16:47.067658,ai_model_run,AI Workloads,21
EVT-0098-0036,CUST-0098,2026-04-01 07:56:58.589632,pipeline_execution,Machine Learning,271
EVT-0098-0037,CUST-0098,2026-03-08 22:35:12.113171,pipeline_execution,Machine Learning,104
EVT-0098-0038,CUST-0098,2026-04-09 02:17:15.968045,pipeline_execution,AI Workloads,438
EVT-0098-0039,CUST-0098,2026-05-09 05:46:57.278019,dashboard_query,Machine Learning,375
EVT-0098-0040,CUST-0098,2026-04-09 22:21:33.974007,login,Machine Learning,409
EVT-0098-0041,CUST-0098,2026-03-09 09:40:05.643041,dashboard_query,Analytics,236
EVT-0098-0042,CUST-0098,2026-03-11 06:46:11.698464,dashboard_query,Analytics,56
EVT-0098-0043,CUST-0098,2026-05-06 00:11:26.063373,pipeline_execution,Analytics,431
EVT-0098-0044,CUST-0098,2026-03-05 00:35:19.708852,pipeline_execution,Data Engineering,203
EVT-0098-0045,CUST-0098,2026-05-09 23:09:32.751296,login,Analytics,477
EVT-0098-0046,CUST-0098,2026-05-03 17:21:11.812590,pipeline_execution,Analytics,413
EVT-0098-0047,CUST-0098,2026-03-03 09:47:31.311435,pipeline_execution,Data Engineering,79
EVT-0098-0048,CUST-0098,2026-03-30 18:59:34.007350,data_ingestion,Data Warehousing,154
EVT-0098-0049,CUST-0098,2026-03-26 09:51:30.002460,ai_model_run,Analytics,397
EVT-0098-0050,CUST-0098,2026-02-17 16:42:31.801760,ai_model_run,Analytics,162
EVT-0098-0051,CUST-0098,2026-05-04 15:17:07.453596,login,AI Workloads,209
EVT-0098-0052,CUST-0098,2026-03-16 16:37:22.572375,dashboard_query,Data Warehousing,160
EVT-0098-0053,CUST-0098,2026-03-17 05:31:49.035501,login,Data Warehousing,150
EVT-0098-0054,CUST-0098,2026-02-11 17:35:59.737068,data_ingestion,Analytics,215
EVT-0098-0055,CUST-0098,2026-02-14 10:20:20.038903,pipeline_execution,Analytics,86
EVT-0098-0056,CUST-0098,2026-04-29 10:45:50.578485,pipeline_execution,Data Engineering,314
EVT-0098-0057,CUST-0098,2026-02-12 07:59:49.757556,ai_model_run,Data Engineering,153
EVT-0098-0058,CUST-0098,2026-03-01 22:17:54.176663,pipeline_execution,Data Warehousing,450
EVT-0098-0059,CUST-0098,2026-02-23 22:25:08.434653,pipeline_execution,Machine Learning,182
EVT-0098-0060,CUST-0098,2026-05-11 05:32:16.908121,pipeline_execution,Analytics,263
EVT-0098-0061,CUST-0098,2026-02-17 05:52:52.826409,pipeline_execution,Data Engineering,414
EVT-0098-0062,CUST-0098,2026-03-19 04:43:58.273318,ai_model_run,AI Workloads,453
EVT-0098-0063,CUST-0098,2026-03-13 18:44:46.235393,pipeline_execution,AI Workloads,349
EVT-0098-0064,CUST-0098,2026-03-15 21:37:09.959765,dashboard_query,Machine Learning,451
EVT-0098-0065,CUST-0098,2026-03-11 21:39:21.457044,pipeline_execution,Analytics,344
EVT-0098-0066,CUST-0098,2026-04-25 05:27:10.865295,login,Analytics,180
EVT-0098-0067,CUST-0098,2026-05-05 06:44:58.994942,login,Machine Learning,275
EVT-0098-0068,CUST-0098,2026-03-07 05:10:25.854257,pipeline_execution,AI Workloads,63
EVT-0098-0069,CUST-0098,2026-02-23 08:16:31.331536,dashboard_query,Data Engineering,34
EVT-0098-0070,CUST-0098,2026-02-27 06:39:17.905715,dashboard_query,Data Engineering,390
EVT-0098-0071,CUST-0098,2026-02-15 01:47:24.765467,pipeline_execution,Data Engineering,385
EVT-0098-0072,CUST-0098,2026-04-04 21:58:02.565421,dashboard_query,Data Engineering,488
EVT-0098-0073,CUST-0098,2026-03-25 14:15:57.568316,dashboard_query,Data Warehousing,294
EVT-0098-0074,CUST-0098,2026-04-11 09:11:55.150614,ai_model_run,Data Warehousing,402
EVT-0098-0075,CUST-0098,2026-04-06 16:35:35.842348,ai_model_run,Analytics,492
EVT-0098-0076,CUST-0098,2026-04-22 21:43:50.516342,login,Machine Learning,65
EVT-0098-0077,CUST-0098,2026-03-08 21:54:29.953170,pipeline_execution,Data Engineering,209
EVT-0098-0078,CUST-0098,2026-05-10 01:15:26.151990,ai_model_run,Machine Learning,149
EVT-0098-0079,CUST-0098,2026-05-05 13:53:11.790989,dashboard_query,Machine Learning,67
EVT-0098-0080,CUST-0098,2026-03-05 15:47:13.040556,ai_model_run,Data Engineering,363
EVT-0098-0081,CUST-0098,2026-04-16 14:58:49.750074,dashboard_query,Data Warehousing,219
EVT-0098-0082,CUST-0098,2026-04-05 01:37:14.176454,data_ingestion,AI Workloads,184
EVT-0098-0083,CUST-0098,2026-02-17 23:09:50.614401,pipeline_execution,Analytics,247
EVT-0098-0084,CUST-0098,2026-04-01 00:27:08.227510,ai_model_run,Data Warehousing,263
EVT-0098-0085,CUST-0098,2026-03-04 23:27:36.974644,dashboard_query,Data Engineering,419
EVT-0098-0086,CUST-0098,2026-03-13 07:30:36.724464,pipeline_execution,Data Engineering,180
EVT-0098-0087,CUST-0098,2026-05-08 00:12:19.383955,pipeline_execution,Data Engineering,385
EVT-0098-0088,CUST-0098,2026-04-22 02:05:48.246084,login,Analytics,159
EVT-0098-0089,CUST-0098,2026-02-13 11:04:04.315053,login,Data Engineering,139
EVT-0098-0090,CUST-0098,2026-05-01 20:21:12.471983,pipeline_execution,Data Engineering,101
EVT-0098-0091,CUST-0098,2026-05-07 20:49:57.537016,pipeline_execution,AI Workloads,469
EVT-0098-0092,CUST-0098,2026-03-13 03:45:20.364552,dashboard_query,AI Workloads,22
EVT-0098-0093,CUST-0098,2026-04-26 21:46:12.284625,ai_model_run,Data Warehousing,216
EVT-0099-0000,CUST-0099,2026-03-04 20:56:28.806797,data_ingestion,Machine Learning,119
EVT-0099-0001,CUST-0099,2026-04-01 20:37:33.352022,ai_model_run,Data Engineering,354
EVT-0099-0002,CUST-0099,2026-04-18 00:00:33.803019,data_ingestion,AI Workloads,156
EVT-0099-0003,CUST-0099,2026-04-07 01:13:14.076244,login,Data Engineering,152
EVT-0099-0004,CUST-0099,2026-03-09 17:37:13.936951,pipeline_execution,AI Workloads,416
EVT-0099-0005,CUST-0099,2026-02-22 07:16:18.928912,dashboard_query,Data Engineering,318
EVT-0099-0006,CUST-0099,2026-02-20 10:25:02.372128,dashboard_query,Machine Learning,130
EVT-0099-0007,CUST-0099,2026-02-25 11:19:37.208607,data_ingestion,Analytics,325
EVT-0099-0008,CUST-0099,2026-03-16 10:18:33.946927,pipeline_execution,Data Warehousing,50
EVT-0099-0009,CUST-0099,2026-04-11 21:18:56.412596,login,Analytics,454
EVT-0099-0010,CUST-0099,2026-03-04 18:32:54.282311,dashboard_query,Analytics,20
EVT-0099-0011,CUST-0099,2026-02-11 07:30:07.620919,ai_model_run,Data Warehousing,335
EVT-0099-0012,CUST-0099,2026-04-26 12:47:27.436696,pipeline_execution,AI Workloads,420
EVT-0099-0013,CUST-0099,2026-02-18 10:38:57.184774,data_ingestion,Analytics,469
EVT-0099-0014,CUST-0099,2026-02-28 17:55:25.203037,pipeline_execution,Data Warehousing,487
EVT-0099-0015,CUST-0099,2026-02-27 17:56:30.230014,data_ingestion,AI Workloads,487
EVT-0099-0016,CUST-0099,2026-05-05 08:19:55.700100,ai_model_run,AI Workloads,158
EVT-0099-0017,CUST-0099,2026-03-06 23:18:41.058867,ai_model_run,Data Warehousing,275
EVT-0099-0018,CUST-0099,2026-04-19 10:50:55.027820,data_ingestion,Analytics,303
EVT-0099-0019,CUST-0099,2026-03-21 19:08:22.222516,data_ingestion,Data Engineering,36
EVT-0099-0020,CUST-0099,2026-03-02 21:32:32.183989,dashboard_query,Data Engineering,353
EVT-0099-0021,CUST-0099,2026-03-26 10:42:44.688200,pipeline_execution,Data Warehousing,403
EVT-0099-0022,CUST-0099,2026-02-24 00:45:44.658213,ai_model_run,AI Workloads,118
EVT-0099-0023,CUST-0099,2026-03-18 14:22:31.246751,dashboard_query,Analytics,286
EVT-0099-0024,CUST-0099,2026-03-02 01:13:40.897776,pipeline_execution,Data Engineering,66
EVT-0099-0025,CUST-0099,2026-04-01 06:56:20.208903,dashboard_query,Machine Learning,47
EVT-0099-0026,CUST-0099,2026-04-09 23:58:09.146796,data_ingestion,Analytics,84
EVT-0099-0027,CUST-0099,2026-04-15 14:39:30.149545,login,Analytics,410
EVT-0099-0028,CUST-0099,2026-04-04 09:25:24.315692,data_ingestion,AI Workloads,476
EVT-0099-0029,CUST-0099,2026-04-26 16:39:43.257061,data_ingestion,Data Engineering,17
EVT-0099-0030,CUST-0099,2026-04-03 07:48:27.377290,pipeline_execution,Data Warehousing,273
EVT-0099-0031,CUST-0099,2026-03-14 02:14:25.975465,data_ingestion,Data Engineering,281
EVT-0099-0032,CUST-0099,2026-02-28 11:22:04.519025,dashboard_query,Analytics,152
EVT-0099-0033,CUST-0099,2026-04-12 17:59:45.309606,pipeline_execution,Machine Learning,493
EVT-0099-0034,CUST-0099,2026-02-13 11:45:27.595385,login,Machine Learning,166
EVT-0099-0035,CUST-0099,2026-05-01 13:27:27.167181,data_ingestion,Machine Learning,370
EVT-0099-0036,CUST-0099,2026-02-28 17:55:35.491535,dashboard_query,Machine Learning,451
EVT-0099-0037,CUST-0099,2026-04-21 08:19:42.813408,ai_model_run,Data Engineering,121
EVT-0099-0038,CUST-0099,2026-03-02 07:42:38.670572,ai_model_run,Machine Learning,7
EVT-0099-0039,CUST-0099,2026-03-22 15:28:12.954896,ai_model_run,Analytics,242
EVT-0099-0040,CUST-0099,2026-02-11 05:46:37.902063,ai_model_run,AI Workloads,224
EVT-0099-0041,CUST-0099,2026-03-22 10:38:20.289283,login,AI Workloads,242
EVT-0099-0042,CUST-0099,2026-03-28 04:12:25.875145,pipeline_execution,AI Workloads,452
EVT-0100-0000,CUST-0100,2026-03-21 09:22:38.223869,dashboard_query,Machine Learning,322
EVT-0100-0001,CUST-0100,2026-04-19 03:51:16.172696,dashboard_query,Data Engineering,399
EVT-0100-0002,CUST-0100,2026-03-20 07:35:56.604324,pipeline_execution,Data Engineering,308
EVT-0100-0003,CUST-0100,2026-03-03 09:12:24.986579,dashboard_query,Data Warehousing,306
EVT-0100-0004,CUST-0100,2026-04-06 04:03:26.371265,ai_model_run,Analytics,334
EVT-0100-0005,CUST-0100,2026-04-02 03:20:42.641241,login,Analytics,344
EVT-0100-0006,CUST-0100,2026-03-06 01:53:34.837448,pipeline_execution,Data Engineering,330
EVT-0100-0007,CUST-0100,2026-04-04 18:11:08.459126,login,Machine Learning,471
EVT-0100-0008,CUST-0100,2026-03-22 23:49:00.714361,dashboard_query,Data Warehousing,126
EVT-0100-0009,CUST-0100,2026-03-26 20:07:03.994197,pipeline_execution,AI Workloads,130
EVT-0100-0010,CUST-0100,2026-04-15 12:04:37.125908,dashboard_query,Analytics,490
EVT-0100-0011,CUST-0100,2026-04-02 09:25:52.085698,pipeline_execution,AI Workloads,262
EVT-0100-0012,CUST-0100,2026-03-17 19:15:26.742517,dashboard_query,AI Workloads,399
EVT-0100-0013,CUST-0100,2026-02-23 13:39:51.101776,pipeline_execution,Data Warehousing,206
EVT-0100-0014,CUST-0100,2026-04-28 13:55:02.630832,login,Machine Learning,257
EVT-0100-0015,CUST-0100,2026-04-01 05:00:10.114425,ai_model_run,AI Workloads,180
EVT-0100-0016,CUST-0100,2026-04-09 18:10:18.416277,ai_model_run,Machine Learning,346
EVT-0100-0017,CUST-0100,2026-03-16 15:38:05.595714,data_ingestion,Data Warehousing,319
EVT-0100-0018,CUST-0100,2026-02-23 08:09:09.403911,dashboard_query,AI Workloads,398
EVT-0100-0019,CUST-0100,2026-03-27 10:28:50.333023,login,Machine Learning,78
EVT-0100-0020,CUST-0100,2026-04-22 17:33:42.931164,pipeline_execution,AI Workloads,248
EVT-0100-0021,CUST-0100,2026-02-13 09:20:18.198279,ai_model_run,Data Engineering,242
EVT-0100-0022,CUST-0100,2026-02-25 02:15:10.650952,pipeline_execution,Analytics,138
EVT-0100-0023,CUST-0100,2026-04-13 05:50:26.487052,login,Machine Learning,155
EVT-0100-0024,CUST-0100,2026-02-11 16:53:44.086076,data_ingestion,Analytics,233
EVT-0100-0025,CUST-0100,2026-02-28 09:17:57.366146,data_ingestion,Analytics,384
EVT-0100-0026,CUST-0100,2026-02-14 02:16:36.883551,dashboard_query,AI Workloads,234
EVT-0100-0027,CUST-0100,2026-04-02 06:58:34.730208,login,Data Engineering,477
EVT-0100-0028,CUST-0100,2026-03-06 03:13:44.455913,data_ingestion,Data Engineering,226
EVT-0100-0029,CUST-0100,2026-03-21 18:19:58.525895,ai_model_run,Machine Learning,116
EVT-0100-0030,CUST-0100,2026-03-11 11:30:20.620018,data_ingestion,AI Workloads,380
EVT-0100-0031,CUST-0100,2026-03-28 00:08:15.264137,login,Machine Learning,373
EVT-0100-0032,CUST-0100,2026-05-11 18:19:00.291965,data_ingestion,AI Workloads,352
EVT-0100-0033,CUST-0100,2026-02-25 08:46:03.628583,pipeline_execution,Data Engineering,472
EVT-0100-0034,CUST-0100,2026-03-02 05:08:43.987660,pipeline_execution,Machine Learning,120
EVT-0100-0035,CUST-0100,2026-04-12 02:58:24.109907,data_ingestion,AI Workloads,411
EVT-0100-0036,CUST-0100,2026-03-19 16:36:48.712076,data_ingestion,Data Engineering,354
EVT-0100-0037,CUST-0100,2026-04-10 14:29:48.089941,data_ingestion,Data Warehousing,50
EVT-0100-0038,CUST-0100,2026-04-25 08:04:55.254093,ai_model_run,Machine Learning,236
EVT-0100-0039,CUST-0100,2026-04-16 05:31:57.802492,data_ingestion,AI Workloads,60
EVT-0100-0040,CUST-0100,2026-04-06 09:46:25.269592,dashboard_query,Data Engineering,413
EVT-0100-0041,CUST-0100,2026-02-23 18:26:58.383899,data_ingestion,Data Engineering,410
EVT-0100-0042,CUST-0100,2026-05-02 05:14:37.996556,ai_model_run,Machine Learning,181
EVT-0100-0043,CUST-0100,2026-05-10 02:30:48.774741,login,Analytics,123
EVT-0100-0044,CUST-0100,2026-04-18 09:50:44.708192,ai_model_run,Data Warehousing,12
EVT-0100-0045,CUST-0100,2026-03-22 08:38:13.314182,pipeline_execution,Analytics,22
EVT-0100-0046,CUST-0100,2026-04-15 13:46:11.906834,login,AI Workloads,489
EVT-0100-0047,CUST-0100,2026-02-26 22:34:00.825925,pipeline_execution,AI Workloads,352
EVT-0100-0048,CUST-0100,2026-04-19 08:46:10.381619,ai_model_run,Data Engineering,342
EVT-0100-0049,CUST-0100,2026-05-05 17:07:31.765213,ai_model_run,Analytics,135
EVT-0100-0050,CUST-0100,2026-04-01 03:00:33.831531,data_ingestion,Data Warehousing,143
EVT-0100-0051,CUST-0100,2026-03-25 23:05:45.262630,data_ingestion,Machine Learning,398
EVT-0100-0052,CUST-0100,2026-02-26 12:19:58.960853,pipeline_execution,Analytics,331
EVT-0100-0053,CUST-0100,2026-05-10 15:57:24.221951,dashboard_query,AI Workloads,18
EVT-0100-0054,CUST-0100,2026-03-17 09:21:55.090087,pipeline_execution,Data Warehousing,236
EVT-0100-0055,CUST-0100,2026-02-18 17:57:33.462402,data_ingestion,AI Workloads,68
EVT-0100-0056,CUST-0100,2026-04-17 20:47:51.193824,ai_model_run,Analytics,486
EVT-0100-0057,CUST-0100,2026-04-08 05:29:01.793605,ai_model_run,Machine Learning,23
EVT-0100-0058,CUST-0100,2026-05-01 13:23:57.798014,login,AI Workloads,146
EVT-0100-0059,CUST-0100,2026-03-08 12:02:03.329616,login,Data Warehousing,182
EVT-0100-0060,CUST-0100,2026-04-18 02:24:28.430068,pipeline_execution,AI Workloads,147
EVT-0100-0061,CUST-0100,2026-04-02 02:46:28.186056,data_ingestion,Machine Learning,215
EVT-0100-0062,CUST-0100,2026-05-02 07:11:25.493769,data_ingestion,Data Engineering,188
EVT-0100-0063,CUST-0100,2026-04-08 11:39:20.721327,login,Data Engineering,198
